word,phonetic,translation,example,example_translation,level,difficulty,topic,subtopic,exam_tags,part_of_speech
carry,/ˈkæri/,攜帶，運載,All stores carry a wide range of products.,所有商店都銷售各式各樣的產品。,toeic_basic,1,Travel,LogisticsAndTransit,"TOEIC,Listening,Reading,Part3,Part7",v.
fare,/fer/,車費，票價,Bus fare is paid at the entrance.,公車票價在入口處支付。,toeic_basic,1,Travel,Transit,"TOEIC,Listening,Reading,Part3,Part7",n.
link,/lɪŋk/,連接，關聯,The report links efficiency to staff morale.,報告將工作效率與員工士氣聯繫起來。,toeic_basic,1,HumanResources,Compensation,"TOEIC,Listening,Reading,Part3,Part7",v.
venue,/ˈvenjuː/,舉辦地點，場館,The conference venue holds 500 attendees.,大會場地可容納500名與會者。,toeic_basic,1,Travel,Events,"TOEIC,Listening,Reading,Part3,Part7",n.
baker,/ˈbeɪkɝ/,麵包師傅,The hotel is looking for a skilled baker to create fresh pastries for breakfast.,飯店正在尋找一位熟練的麵包師傅，為早餐製作新鮮的糕點。,toeic_basic,1,Travel,Hospitality,"TOEIC,Reading,Part5,Part7",n.
beach,/ˈbitʃ/,沙灘,The resort offers complimentary shuttle service to the beach.,該度假村提供免費接駁服務到沙灘。,toeic_basic,1,Travel,Transit,"TOEIC,Reading,Part5,Part7",n.
bike,/ˈbaɪk/,腳踏車,The company is offering a bike-sharing program to encourage employees to commute sustainably.,公司提供腳踏車共享計畫，以鼓勵員工以可持續的方式通勤。,toeic_basic,1,HumanResources,Compensation,"TOEIC,Reading,Part5,Part7",n.
bikes,/ˈbaɪks/,腳踏車,The company is offering a bike-sharing program for employees to reduce their carbon footprint.,公司提供腳踏車共享計畫，以減少員工的碳足跡。,toeic_basic,1,HumanResources,Compensation,"TOEIC,Reading,Part5,Part7",n.
boat,/ˈboʊt/,船隻,The company is considering using boats to transport goods along the river during the construction.,公司正在考慮在施工期間使用船隻沿河運輸貨物。,toeic_basic,1,Travel,Transit,"TOEIC,Reading,Part5,Part7",n.
bowl,/ˈboʊɫ/,碗,The restaurant offers a lunch special: a bowl of noodles for $8.,這家餐廳提供午餐特價：一碗麵條 8 美元。,toeic_basic,1,Travel,Hospitality,"TOEIC,Reading,Part5,Part7",n.
bread,/ˈbɹɛd/,麵包,"The hotel breakfast buffet offers a wide variety of breads, including croissants and sourdough.",飯店的自助早餐提供各式各樣的麵包，包括可頌和酸種麵包。,toeic_basic,1,Travel,Hospitality,"TOEIC,Reading,Part5,Part7",n.
cakes,/ˈkeɪks/,蛋糕，通常指派對或慶祝活動中供應的甜點。,The catering company provided a variety of cakes and pastries for the corporate event.,餐飲公司為企業活動提供了多種蛋糕和點心。,toeic_basic,1,Travel,Dining,"TOEIC,Reading,Part5,Part7",n.
car,/ˈkɑɹ/,汽車,I need to buy a new car by the end of the year.,我需要在年底前買一輛新車。,toeic_basic,1,Travel,Transit,"TOEIC,Reading,Part5,Part7",n.
cars,/ˈkɑɹz/,汽車,The company is considering purchasing a fleet of electric cars to reduce its carbon footprint.,公司正在考慮購買一輛車隊的電動汽車以減少碳足跡。,toeic_basic,1,Technical,ITSupport,"TOEIC,Reading,Part5,Part7",n.
chef,/ˈʃɛf/,主廚,The hotel is looking for an experienced chef to manage the kitchen.,這家飯店正在尋找一位有經驗的主廚來管理廚房。,toeic_basic,1,Travel,Hospitality,"TOEIC,Reading,Part5,Part7",n.
cook,/ˈkʊk/,烹飪,The hotel kitchen staff are responsible for cooking meals for all guests.,飯店廚房人員負責為所有住客烹飪餐點。,toeic_basic,1,HumanResources,Compensation,"TOEIC,Reading,Part5,Part7",v.
cooks,/ˈkʊks/,烹飪,The hotel kitchen cooks a variety of international dishes for the guests.,飯店廚房為住客烹調多種國際美食。,toeic_basic,1,Travel,Hospitality,"TOEIC,Reading,Part5,Part7",v.
cream,/ˈkɹim/,鮮奶油,The hotel offers a complimentary breakfast with a variety of pastries and fresh cream.,飯店提供包含多種點心和鮮奶油的免費早餐。,toeic_basic,1,Travel,Hospitality,"TOEIC,Reading,Part5,Part7",n.
cup,/ˈkəp/,杯子,"Could I have a cup of coffee, please?",請問可以給我一杯咖啡嗎？,toeic_basic,1,Travel,Dining,"TOEIC,Reading,Part5,Part7",n.
cups,/ˈkəps/,杯子,The hotel provides complimentary cups of coffee and tea in each room.,飯店在每個房間都提供免費的咖啡和茶杯。,toeic_basic,1,Travel,Hospitality,"TOEIC,Reading,Part5,Part7",n.
dish,/ˈdɪʃ/,餐盤,The restaurant offers a wide variety of dishes to cater to different tastes.,這家餐廳提供多種菜餚，以滿足不同顧客的口味。,toeic_basic,1,Travel,Hospitality,"TOEIC,Reading,Part5,Part7",n.
drank,/ˈdɹæŋk/,飲用,"During the business trip, he drank several cups of coffee to stay awake.",在這次商務旅行中，他喝了好幾杯咖啡以保持清醒。,toeic_basic,1,Travel,Hospitality,"TOEIC,Reading,Part5,Part7",v.
drink,/ˈdɹɪŋk/,飲品,The conference attendees can enjoy complimentary drinks and snacks during the networking session.,與會者可以在交流環節享用免費的飲品和點心。,toeic_basic,1,Technical,ITSupport,"TOEIC,Reading,Part5,Part7",n./v.
drive,/ˈdɹaɪv/,駕駛,The company provides shuttle drives for employees to and from the airport.,公司為員工提供機場接駁車服務。,toeic_basic,1,HumanResources,Compensation,"TOEIC,Reading,Part5,Part7",v./n.
east,/ˈist/,東方,The company's headquarters are located in the east of the city.,該公司的總部位於市區的東邊。,toeic_basic,1,Technical,ITSupport,"TOEIC,Reading,Part5,Part7",n./adv.
eat,/ˈit/,攝取食物,The company provides employees with a complimentary lunch in the cafeteria.,公司在餐廳為員工提供免費午餐。,toeic_basic,1,HumanResources,Compensation,"TOEIC,Reading,Part5,Part7",v.
eaten,/ˈitən/,被食用,All the catered lunches were eaten by the conference attendees.,所有的餐點都被參加研討會的人們吃完了。,toeic_basic,1,Travel,Dining,"TOEIC,Reading,Part5,Part7",v.
eggs,/ˈɛɡz/,雞蛋,"The hotel breakfast buffet includes a variety of eggs, such as scrambled, fried, and boiled.",飯店的早餐自助餐提供多種雞蛋料理，例如炒蛋、荷包蛋和水煮蛋。,toeic_basic,1,Travel,Hospitality,"TOEIC,Reading,Part5,Part7",n.
exit,/ˈɛɡzɪt/,出口,Please follow the signs to the nearest exit in case of an emergency.,萬一發生緊急狀況，請依照指示前往最近的出口。,toeic_basic,1,Technical,ITSupport,"TOEIC,Reading,Part5,Part7",n./v.
fly,/ˈfɫaɪ/,飛行,The company's policy requires all employees to fly business class for international trips.,公司的政策規定所有員工在國際旅行時必須乘坐商務艙。,toeic_basic,1,HumanResources,Compensation,"TOEIC,Reading,Part5,Part7",v./n.
fork,/ˈfɔɹk/,叉子,The restaurant provides each guest with a fork and a knife.,餐廳為每位客人提供叉子和刀。,toeic_basic,1,Travel,Hospitality,"TOEIC,Reading,Part5,Part7",n./v.
fruit,/ˈfɹut/,水果; 果實; 成果,She enjoys eating fresh fruit every morning.,她喜歡每天早上吃新鮮水果。,toeic_basic,1,Technical,ITSupport,"TOEIC,Reading,Part5,Part7",n./v.
gate,/ˈɡeɪt/,入口，閘門,Passengers are reminded to proceed to Gate 12 for their flight to Tokyo.,乘客請注意，前往東京的航班請前往 12 號閘門登機。,toeic_basic,1,Travel,Transit,"TOEIC,Reading,Part5,Part7",n./v.
gates,/ˈɡeɪts/,入口大門,Passengers are reminded to check the departure gates on the information screens.,乘客請注意在資訊螢幕上查看登機口。,toeic_basic,1,Travel,Transit,"TOEIC,Reading,Part5,Part7",n.
glass,/ˈɡɫæs/,玻璃製品,"Could I have a glass of water, please?",請問可以給我一杯水嗎？,toeic_basic,1,Travel,Dining,"TOEIC,Reading,Part5,Part7",n.
guest,/ˈɡɛst/,賓客,The hotel staff are trained to ensure all guests have a comfortable stay.,飯店員工接受訓練，以確保所有賓客都能享受舒適的住宿體驗。,toeic_basic,1,HumanResources,Compensation,"TOEIC,Reading,Part5,Part7",n.
hotel,/hoʊˈtɛɫ/,旅館,The company negotiated a discounted rate for the conference attendees at the nearby hotel.,公司就附近飯店的住宿費與會者議價成功，獲得了折扣。,toeic_basic,1,Marketing,Sales,"TOEIC,Reading,Part5,Part7",n.
juice,/ˈdʒus/,果汁,The hotel offers a complimentary breakfast buffet with fresh juice and pastries.,飯店提供免費的早餐自助餐，包含新鮮果汁和麵包點心。,toeic_basic,1,Travel,Hospitality,"TOEIC,Reading,Part5,Part7",n.
july,/ˌdʒuˈɫaɪ/,七月，一年中的第七個月。,The annual sales conference is scheduled for July 15th.,年度銷售會議預計在七月十五日舉行。,toeic_basic,1,Marketing,Sales,"TOEIC,Reading,Part5,Part7",n.
knife,/ˈnaɪf/,刀子,The restaurant provides each guest with a steak knife and a fork.,餐廳為每位客人提供一隻牛排刀和一隻叉子。,toeic_basic,1,Travel,Hospitality,"TOEIC,Reading,Part5,Part7",n.
lake,/ˈɫeɪk/,湖泊,The company is considering a team-building retreat near a scenic lake.,公司正在考慮在風景如畫的湖泊附近舉辦團隊建設活動。,toeic_basic,1,Travel,Hospitality,"TOEIC,Reading,Part5,Part7",n.
lunch,/ˈɫəntʃ/,午餐,The meeting will be adjourned for lunch at 12:30 PM.,會議將於下午 12:30 暫停午餐。,toeic_basic,1,CorporateGovernance,CorporateStrategy,"TOEIC,Reading,Part5,Part7",n.
meal,/ˈmiɫ/,膳食,The company provides employees with a complimentary lunch meal.,公司為員工提供免費午餐。,toeic_basic,1,HumanResources,Compensation,"TOEIC,Reading,Part5,Part7",n.
meals,/ˈmiɫz/,膳食,The company provides employees with complimentary meals in the cafeteria.,公司在餐廳為員工提供免費餐點。,toeic_basic,1,HumanResources,Compensation,"TOEIC,Reading,Part5,Part7",n.
menu,/ˈmɛnju/,菜單,Could you please bring me a menu so I can decide what to order?,您能給我一份菜單，讓我決定要點什麼嗎？,toeic_basic,1,Travel,Dining,"TOEIC,Reading,Part5,Part7",n.
mile,/ˈmaɪɫ/,英里,The nearest gas station is about two miles down the road.,最近的加油站大約在前方兩英里處。,toeic_basic,1,Travel,Transit,"TOEIC,Reading,Part5,Part7",n.
north,/ˈnɔɹθ/,北部,The company's headquarters are located in the north of the city.,該公司的總部位於市的北部。,toeic_basic,1,Technical,ITSupport,"TOEIC,Reading,Part5,Part7",n./adv.
ocean,/ˈoʊʃən/,廣闊的海洋，通常指大洋。,The shipping company is experiencing delays due to rough ocean conditions.,由於海況不佳，該航運公司正在經歷延誤。,toeic_basic,1,Technical,ITSupport,"TOEIC,Reading,Part5,Part7",n.
pack,/ˈpæk/,打包,The logistics team needs to pack the fragile goods carefully to prevent damage during shipping.,物流團隊需要小心地打包易碎物品，以防止運輸過程中損壞。,toeic_basic,1,Travel,Transit,"TOEIC,Reading,Part5,Part7",v./n.
plane,/ˈpɫeɪn/,飛機,The plane departed on time despite the bad weather.,儘管天氣惡劣，飛機仍準時起飛。,toeic_basic,1,Technical,ITSupport,"TOEIC,Reading,Part5,Part7",n./v.
plate,/ˈpɫeɪt/,餐盤,The restaurant provides each guest with a clean plate and silverware.,餐廳為每位客人提供乾淨的餐盤和餐具。,toeic_basic,1,Travel,Hospitality,"TOEIC,Reading,Part5,Part7",n.
rains,/ˈɹeɪnz/,降雨,The flight has been delayed due to heavy rains in the area.,由於該地區降雨量大，航班已延誤。,toeic_basic,1,Travel,Transit,"TOEIC,Reading,Part5,Part7",v.
rainy,/ˈɹeɪni/,多雨的,The flight was delayed due to the rainy weather conditions.,由於多雨的天氣狀況，航班延誤了。,toeic_basic,1,Travel,Transit,"TOEIC,Reading,Part5,Part7",adj.
ride,/ˈɹaɪd/,搭乘交通工具,Employees are encouraged to ride their bikes to work to reduce carbon emissions.,鼓勵員工騎自行車上班，以減少碳排放。,toeic_basic,1,HumanResources,Compensation,"TOEIC,Reading,Part5,Part7",v./n.
road,/ˈɹoʊd/,道路,The new highway will reduce delivery times for our trucks.,新高速公路將縮短我們卡車的送貨時間。,toeic_basic,1,Logistics,Transit,"TOEIC,Reading,Part5,Part7",n.
salad,/ˈsæɫəd/,沙拉，通常指由蔬菜，水果，肉類等混合製成的冷盤菜餚。,The company cafeteria offers a variety of healthy salads for employees.,公司食堂為員工提供多種健康的沙拉。,toeic_basic,1,HumanResources,Compensation,"TOEIC,Reading,Part5,Part7",n.
sea,/ˈsi/,海洋,The shipping company announced a delay due to rough seas.,該航運公司宣布因海況不佳而延誤送貨。,toeic_basic,1,Travel,Transit,"TOEIC,Reading,Part5,Part7",n.
seat,/ˈsit/,座位,Could you please reserve a window seat for me on the flight to Tokyo?,您能幫我在飛往東京的航班上預訂靠窗的座位嗎？,toeic_basic,1,Travel,Transit,"TOEIC,Reading,Part5,Part7",n./v.
seats,/ˈsits/,座位,Please ensure all passengers are seated before takeoff.,請確保所有乘客起飛前都已就座。,toeic_basic,1,Travel,Transit,"TOEIC,Reading,Part5,Part7",n.
signs,/ˈsaɪnz/,標誌,Please pay attention to the signs indicating the exit route in case of an emergency.,請注意指示緊急出口路線的標誌，以防萬一。,toeic_basic,1,Technical,ITSupport,"TOEIC,Reading,Part5,Part7",n.
snack,/ˈsnæk/,點心，零食,The vending machine offers a variety of snacks and drinks for employees.,自動販賣機為員工提供多種點心和飲料。,toeic_basic,1,Manufacturing,Production,"TOEIC,Reading,Part5,Part7",n.
snow,/ˈsnoʊ/,降雪,"Due to heavy snow, all flights to the airport have been cancelled.",由於降雪嚴重，所有飛往機場的航班都已取消。,toeic_basic,1,Travel,Transit,"TOEIC,Reading,Part5,Part7",n.
soup,/ˈsup/,湯,The chef prepared a delicious tomato soup for dinner.,廚師為晚餐準備了一道美味的番茄湯。,toeic_basic,1,Travel,Hospitality,"TOEIC,Reading,Part5,Part7",n.
south,/ˈsaʊθ/,南方,The company's headquarters are located in the south of France.,該公司的總部位於法國南部。,toeic_basic,1,Travel,Transit,"TOEIC,Reading,Part5,Part7",n./adv.
stars,/ˈstɑɹz/,星級,"The hotel boasts a five-star rating, ensuring a luxurious experience for guests.",這家飯店擁有五星級評等，確保了賓客的奢華體驗。,toeic_basic,1,Travel,Hospitality,"TOEIC,Reading,Part5,Part7",n.
stay,/ˈsteɪ/,逗留,The conference attendees are encouraged to stay at the hotel for the entire duration of the event.,會議參與者建議在活動整個期間住宿於飯店。,toeic_basic,1,Travel,Hospitality,"TOEIC,Reading,Part5,Part7",v./n.
stays,/ˈsteɪz/,停留,The conference attendees will stay at the Grand Hotel.,會議的參加者將入住大華酒店。,toeic_basic,1,Travel,Hospitality,"TOEIC,Reading,Part5,Part7",v.
sugar,/ˈʃʊɡɝ/,糖,"The hotel offers a variety of sweeteners, including sugar and artificial sweeteners, for guests' coffee and tea.",飯店為客人提供的咖啡和茶有各種甜味劑，包括糖和人工甜味劑。,toeic_basic,1,Travel,Hospitality,"TOEIC,Reading,Part5,Part7",n.
sunny,/ˈsəni/,陽光的,The sunny weather is perfect for a company picnic in the park.,陽好的天氣非常適合在公園裡舉辦公司野餐。,toeic_basic,1,Travel,Transit,"TOEIC,Reading,Part5,Part7",adj.
swim,/ˈswɪm/,游泳,The company offers wellness programs that include swimming lessons for employees.,公司提供健康計畫，其中包含員工游泳課程。,toeic_basic,1,HumanResources,Compensation,"TOEIC,Reading,Part5,Part7",v.
taxi,/ˈtæksi/,計程車,The company will reimburse employees for taxi fares incurred during business trips.,公司將會退償員工在商務旅行中產生的計程車費用。,toeic_basic,1,Finance,Accounting,"TOEIC,Reading,Part5,Part7",n.
tips,/ˈtɪps/,小費,The restaurant staff relies on tips to supplement their income.,餐廳員工依靠小費來增加收入。,toeic_basic,1,HumanResources,Compensation,"TOEIC,Reading,Part5,Part7",n./v.
tour,/ˈtʊɹ/,觀光旅行,The company is offering a guided tour of the new factory for potential investors.,公司正在為潛在投資者提供新工廠的導覽遊。,toeic_basic,1,Manufacturing,Production,"TOEIC,Reading,Part5,Part7",n./v.
tours,/ˈtɔɹz/,旅遊行程,The travel agency offers a variety of guided tours to popular tourist destinations.,旅行社提供多種導覽旅遊行程，前往熱門的旅遊景點。,toeic_basic,1,Travel,Hospitality,"TOEIC,Reading,Part5,Part7",n.
towel,/ˈtaʊəɫ/,一種吸水性織物，通常由棉製成，用於擦拭或擦乾身體或物體。毛巾。,Please hang your wet towel to dry after showering.,淋浴後請將濕毛巾掛起來晾乾。,toeic_basic,1,Travel,Dining,"TOEIC,Reading,Part5,Part7",n./v.
town,/ˈtaʊn/,城鎮,The company is planning to open a new branch in a small town outside the city.,公司計畫在市郊的一個小鎮開設新分店。,toeic_basic,1,Technical,ITSupport,"TOEIC,Reading,Part5,Part7",n.
trip,/ˈtɹɪp/,差旅,The company will cover all expenses for your business trip to Tokyo.,公司將會支付您前往東京的商務差旅的所有費用。,toeic_basic,1,Travel,Hospitality,"TOEIC,Reading,Part5,Part7",n./v.
trips,/ˈtɹɪps/,差旅,The company reimburses employees for all business trips.,公司會退償員工所有的商務差旅費用。,toeic_basic,1,HumanResources,Compensation,"TOEIC,Reading,Part5,Part7",n./v.
wheel,/ˈhwiɫ/,車輪,"The company is investing in new, more durable wheels for its delivery trucks.",公司正在為其送貨車投資新的、更耐用的車輪。,toeic_basic,1,Logistics,Transit,"TOEIC,Reading,Part5,Part7",n./v.
windy,/ˈwaɪndi/,形容風勢強勁，有大風,The flight was delayed due to the windy conditions at the airport.,由於機場風勢強勁，航班延誤了。,toeic_basic,1,Travel,Transit,"TOEIC,Reading,Part5,Part7",adj.
adapt,/əˈdæpt/,適應，改編,It took him a while to adapt to the new environment.,他花了一段時間才適應新環境。,toeic_basic,1,Technical,ITSupport,"TOEIC,Reading,Part5,Part7",v.
agree,/əˈɡriː/,同意，一致,Both parties agree to the terms of the contract.,雙方均同意合同條款。,toeic_basic,1,Legal,Contracts,"TOEIC,Reading,Part5,Part7",v.
alter,/ˈɔːltər/,改變，更改,The tailor altered the jacket to fit him.,裁縫修改了夾克以適合他。,toeic_basic,1,Technical,ITSupport,"TOEIC,Reading,Part5,Part7",v.
banquet,/ˈbæŋkwɪt/,宴會，盛宴,The annual awards banquet takes place on Friday.,年度頒獎晚宴將於週五舉行。,toeic_basic,1,Travel,Hospitality,"TOEIC,Listening,Reading,Part3,Part7",n.
base,/beɪs/,基部，根據,The company is based in New York.,該公司總部位於紐約。,toeic_basic,1,Corporate,GeneralBusiness,"TOEIC,Reading,Part5,Part7",n.
bias,/ˈbaɪəs/,偏見，偏袒,The journalist wrote the report without bias.,記者毫無偏見地撰寫了這篇報導。,toeic_basic,1,Technical,ITSupport,"TOEIC,Reading,Part5,Part7",v.
brief,/briːf/,簡短的，短暫的,Let's have a brief meeting before we start.,在我們開始之前，讓我們開個簡短的會。,toeic_basic,1,Corporate,GeneralBusiness,"TOEIC,Reading,Part5,Part7",adj.
call,/kɔːl/,呼叫，電話,I will call a meeting for tomorrow afternoon.,我將召集明天下午的會議。,toeic_basic,1,Corporate,GeneralBusiness,"TOEIC,Reading,Part5,Part7",v.
cope,/koʊp/,應付，處理,We must cope with the market changes.,我們必須應對市場變化。,toeic_basic,1,Marketing,Sales,"TOEIC,Reading,Part5,Part7",n.
core,/kɔːr/,核心，中心,The core value of this school is respect.,這所學校的核心價值是尊重。,toeic_basic,1,Corporate,GeneralBusiness,"TOEIC,Reading,Part5,Part7",v.
count,/kaʊnt/,計算，數,We need to count the remaining inventory.,我們需要計算剩餘的庫存。,toeic_basic,1,Logistics,SupplyChain,"TOEIC,Reading,Part5,Part7",v.
crucial,/ˈkruːʃl/,關鍵的，至關重要的,Exercise plays a crucial role in staying healthy.,運動在保持健康中起著至關重要的作用。,toeic_basic,1,Travel,LogisticsAndTransit,"TOEIC,Listening,Reading,Part3,Part7",adj.
cycle,/ˈsaɪkl/,循環，週期,The product development cycle takes six months.,產品開發週期需要六個月。,toeic_basic,1,Corporate,GeneralBusiness,"TOEIC,Reading,Part5,Part7",v.
deal,/diːl/,交易，處理,We closed a deal with the new vendor.,我們與新廠商達成了一筆交易。,toeic_basic,1,Technical,ITSupport,"TOEIC,Reading,Part5,Part7",n.
delay,/dɪˈleɪ/,延遲，耽擱,Bad weather will delay the shipment.,惡劣的天氣將延誤出貨。,toeic_basic,1,Logistics,Transit,"TOEIC,Reading,Part5,Part7",v.
draft,/dræft/,草稿，起草,I have written the first draft of my essay.,我已經寫好了文章的初稿。,toeic_basic,1,Technical,ITSupport,"TOEIC,Reading,Part5,Part7",v.
drama,/ˈdrɑːmə/,戲劇，戲劇性事件,She loves watching television dramas.,她喜歡看電視劇。,toeic_basic,1,Corporate,GeneralBusiness,"TOEIC,Reading,Part5,Part7",v.
elect,/ɪˈlekt/,選舉，推選,The shareholders will elect a new chairman.,股東將選舉新董事長。,toeic_basic,1,CorporateGovernance,BoardOfDirectors,"TOEIC,Reading,Part5,Part7",v.
enter,/ˈentər/,進入，登記,Please enter your password to log in.,請輸入密碼登入。,toeic_basic,1,Corporate,GeneralBusiness,"TOEIC,Reading,Part5,Part7",v.
focus,/ˈfoʊkəs/,專注，聚焦,We need to focus on customer satisfaction.,我們需要專注於客戶滿意度。,toeic_basic,1,Corporate,GeneralBusiness,"TOEIC,Reading,Part5,Part7",v.
grant,/ɡrænt/,授予，准予,The bank will grant a loan for the project.,銀行將為該項目提供貸款。,toeic_basic,1,Corporate,GeneralBusiness,"TOEIC,Reading,Part5,Part7",v.
halt,/hɔːlt/,停止，中斷,Strike actions will halt factory production.,罷工行動將使工廠生產停頓。,toeic_basic,1,Manufacturing,Production,"TOEIC,Reading,Part5,Part7",v.
hire,/ˈhaɪər/,聘用，租用,The company decided to hire a consultant.,公司決定聘請顧問。,toeic_basic,1,HumanResources,Compensation,"TOEIC,Listening,Reading,Part3,Part7",v.
join,/dʒɔɪn/,加入，結合,She decided to join our marketing team.,她決定加入我們的行銷團隊。,toeic_basic,1,Marketing,Sales,"TOEIC,Reading,Part5,Part7",v.
voucher,/ˈvaʊtʃər/,憑證，折價券,Redeem this meal voucher at the cafeteria.,在員工餐廳兌換此餐券。,toeic_basic,1,Marketing,Sales,"TOEIC,Listening,Reading,Part3,Part7",n.
flyer,/ˈflaɪər/,宣傳單，傳單,Staff distributed promotional flyers at the mall.,員工在商場分發宣傳傳單。,toeic_basic,1,HumanResources,Compensation,"TOEIC,Reading,Part5,Part7",n.
vault,/vɔːlt/,金庫，保險庫,Cash deposits are secured in the underground vault.,現金存款存放在地下金庫中妥善保管。,toeic_basic,1,Technical,ITSupport,"TOEIC,Reading,Part5,Part7",n.
suite,/swiːt/,套房，組件,The executive suite features a scenic harbor view.,行政套房享有壯麗的港灣景致。,toeic_basic,1,CorporateGovernance,CorporateStrategy,"TOEIC,Reading,Part5,Part7",n.
valet,/væˈleɪ/,代客泊車，男管家,The restaurant offers convenient valet parking.,這家餐廳提供方便的代客泊車服務。,toeic_basic,1,Travel,Hospitality,"TOEIC,Reading,Part5,Part7",n.
cargo,/ˈkɑːrɡoʊ/,貨物，船貨,The freighter unloaded twenty tons of cargo safely.,這艘貨輪安全卸下了二十公噸的貨物。,toeic_basic,1,Logistics,Transit,"TOEIC,Reading,Part5,Part7",n.
about,/əˈbaʊt/,關於,The meeting is about the new marketing strategy.,這次會議是關於新的行銷策略。,toeic_basic,1,Marketing,Sales,"TOEIC,Reading,Part5,Part7",preposition/adv.
above,/əˈbəv/,在...上方,The temperature is expected to rise above 30 degrees Celsius today.,今天氣溫預計會升至攝氏30度以上。,toeic_basic,1,Corporate,GeneralBusiness,"TOEIC,Reading,Part5,Part7",preposition/adv.
actor,/ˈæktɝ/,演員,The company hired a well-known actor to endorse their new product.,該公司聘請了一位知名的演員來代言他們的新產品。,toeic_basic,1,HumanResources,Compensation,"TOEIC,Reading,Part5,Part7",n.
add,/ˈæd/,增加,Could you please add this item to the purchase order?,您能請將此項目加入購買訂單嗎？,toeic_basic,1,Technical,ITSupport,"TOEIC,Reading,Part5,Part7",v.
adds,/ˈædz/,增加,The software update adds several new features to improve user experience.,這項軟體更新增加了幾個新功能，以提升使用者體驗。,toeic_basic,1,Technical,ITSupport,"TOEIC,Reading,Part5,Part7",v.
ads,/ˈædz/,廣告,The company launched a series of online ads to promote its new product.,該公司推出一系列線上廣告以推廣其新產品。,toeic_basic,1,HumanResources,Compensation,"TOEIC,Reading,Part5,Part7",n.
adult,/ˈædəɫt/,成年人,The company offers a comprehensive benefits package for all adult employees.,公司為所有成年員工提供全面的福利方案。,toeic_basic,1,HumanResources,Compensation,"TOEIC,Reading,Part5,Part7",n.
after,/ˈæftɝ/,在...之後,Let's discuss this after the meeting.,我們在會議結束後討論這件事吧。,toeic_basic,1,Corporate,DailyWork,"TOEIC,Reading,Part5,Part7",preposition/adv.
again,/əˈɡeɪn/,再次,Could you please repeat that again?,你可以再重複一次嗎？,toeic_basic,1,Corporate,Communication,"TOEIC,Reading,Part5,Part7",adv.
age,/ˈeɪdʒ/,年齡,The company has a policy of not discriminating based on age.,公司有不因年齡而歧視的政策。,toeic_basic,1,HumanResources,Recruitment,"TOEIC,Reading,Part5,Part7",n.
agent,/ˈeɪdʒənt/,代表，代理人,Our travel agent booked our flights and hotel.,我們的旅行社代理人幫我們預訂了機票和酒店。,toeic_basic,1,Travel,Transit,"TOEIC,Reading,Part5,Part7",n.
ago,/əˈɡoʊ/,…以前,The project was completed three months ago.,這個專案是三個月前完成的。,toeic_basic,1,Corporate,Communication,"TOEIC,Reading,Part5,Part7",adv.
ahead,/əˈhɛd/,在...之前,The project is currently ahead of schedule and we expect to complete it by next week.,該專案目前進度領先，我們預計下週完成。,toeic_basic,1,Technical,ITSupport,"TOEIC,Reading,Part5,Part7",adv./preposition
air,/ˈɛɹ/,空氣,The company is investing in air purification systems to improve indoor air quality.,公司正在投資空氣淨化系統以改善室內空氣品質。,toeic_basic,1,Finance,Investment,"TOEIC,Reading,Part5,Part7",n./v.
airline,/ˈɛɹˌɫaɪn/,航空公司,Our company has a partnership with several major airlines to offer discounted travel packages.,我們公司與多家主要航空公司合作，提供折扣旅遊套裝。,toeic_basic,1,Marketing,Sales,"TOEIC,Reading,Part5,Part7",n.
airport,/ˈɛɹˌpɔɹt/,機場，是飛機起降及旅客搭乘的設施。,The flight is scheduled to depart from Narita Airport at 10:00 AM.,這趟航班預計在上午 10:00 從成田機場起飛。,toeic_basic,1,Travel,Transit,"TOEIC,Reading,Part5,Part7",n.
all,/ˈɔɫ/,所有，全部,All the employees are required to attend the mandatory training session.,所有員工都必須參加強制性的培訓課程。,toeic_basic,1,HumanResources,Compensation,"TOEIC,Reading,Part5,Part7",determiner/pronoun
allow,/əˈɫaʊ/,允許,The manager will allow employees to work from home on Fridays.,經理將允許員工在星期五在家工作。,toeic_basic,1,HumanResources,Compensation,"TOEIC,Reading,Part5,Part7",v.
alone,/əˈɫoʊn/,獨自一人,The manager felt alone in his decision to restructure the department.,經理在重組部門的決定中感到孤單。,toeic_basic,1,CorporateGovernance,CorporateStrategy,"TOEIC,Reading,Part5,Part7",adj./adv.
along,/əˈɫɔŋ/,沿著,The project timeline will be adjusted along with the market trends.,專案時程將會隨著市場趨勢進行調整。,toeic_basic,1,Marketing,Sales,"TOEIC,Reading,Part5,Part7",preposition/adv.
also,/ˈɔɫsoʊ/,也,"She is a talented singer, and she also plays the piano.",她是一位才華洋溢的歌手，她也彈鋼琴。,toeic_basic,1,Corporate,Communication,"TOEIC,Reading,Part5,Part7",adv.
among,/əˈməŋ/,在...之中,She found her lost wallet among the piles of old newspapers.,她在舊報紙堆中找到了她遺失的錢包。,toeic_basic,1,Corporate,GeneralBusiness,"TOEIC,Reading,Part5,Part7",preposition
angry,/ˈæŋɡɹi/,憤怒,The manager was angry about the missed deadline and called an emergency meeting.,經理對於錯過期限感到憤怒，並召開了緊急會議。,toeic_basic,1,Corporate,Communication,"TOEIC,Reading,Part5,Part7",adj.
any,/ˈɛni/,任何的，一些,Please let us know if you have any questions.,如果您有任何問題，請告訴我們。,toeic_basic,1,Corporate,DailyWork,"TOEIC,Reading,Part5,Part7",determiner/pronoun
app,/ˈæp/,應用程式，通常指手機或電腦上的軟體應用。,Our company is developing a new app to streamline the order processing system.,我們公司正在開發一個新的應用程式，以簡化訂單處理系統。,toeic_basic,1,Technical,ITSupport,"TOEIC,Reading,Part5,Part7",n.
area,/ˈɛɹiə/,區域,The sales department needs to expand its area of responsibility.,銷售部門需要擴大其負責區域。,toeic_basic,1,Marketing,Sales,"TOEIC,Reading,Part5,Part7",n.
areas,/ˈɛɹiəz/,區域,The company is expanding into new geographical areas to increase market share.,公司正在擴展到新的地理區域以增加市場份額。,toeic_basic,1,Marketing,Sales,"TOEIC,Reading,Part5,Part7",n.
arrival,/ɝˈaɪvəɫ/,抵達,The scheduled arrival of the shipment is next Monday.,貨物預計下週一抵達。,toeic_basic,1,Logistics,Transit,"TOEIC,Reading,Part5,Part7",n.
arrive,/ɝˈaɪv/,抵達,The flight is scheduled to arrive at 10:00 AM.,航班預計於上午 10:00 抵達。,toeic_basic,1,Travel,Transit,"TOEIC,Reading,Part5,Part7",v.
arrived,/ɝˈaɪvd/,抵達,The shipment arrived at the warehouse on schedule.,貨物已如期抵達倉庫。,toeic_basic,1,Logistics,Transit,"TOEIC,Reading,Part5,Part7",v.
art,/ˈɑɹt/,藝術品，藝術創作,The company commissioned a local artist to create artwork for the new office lobby.,公司委託一位當地藝術家為新辦公室大廳創作藝術品。,toeic_basic,1,Marketing,Sales,"TOEIC,Reading,Part5,Part7",n.
asap,/ˈeɪˈɛˈseɪˈpi/,盡快,Please send me the report ASAP.,請盡快將報告發給我。,toeic_basic,1,Corporate,DailyWork,"TOEIC,Reading,Part5,Part7",adv.
ask,/ˈæsk/,動詞：詢問，提問,Could you ask him to call me back?,你能請他回電給我嗎？,toeic_basic,1,Corporate,Communication,"TOEIC,Reading,Part5,Part7",v./n.
asks,/ˈæsks/,詢問,The interviewer asks several questions to assess the candidate's skills.,面試官提出幾個問題以評估候選人的技能。,toeic_basic,1,HumanResources,Recruitment,"TOEIC,Reading,Part5,Part7",v.
avoid,/əˈvɔɪd/,避免,"To avoid delays, please submit your expense reports by the 5th of each month.",為了避免延遲，請在每個月的 5 日前提交您的費用報表。,toeic_basic,1,Technical,ITSupport,"TOEIC,Reading,Part5,Part7",v.
award,/əˈwɔɹd/,獎勵,The company will award a bonus to employees who exceed their sales targets.,公司將會對超過銷售目標的員工頒發獎金。,toeic_basic,1,HumanResources,Compensation,"TOEIC,Reading,Part5,Part7",n./v.
away,/əˈweɪ/,遠離,The meeting has been moved away from the main conference room due to renovations.,由於裝修，會議已從主會議室移至其他地點。,toeic_basic,1,Corporate,Communication,"TOEIC,Reading,Part5,Part7",adv./preposition
back,/ˈbæk/,名詞：背部,Please send the report back to me for review by Friday.,請在週五前將報告發回給我審閱。,toeic_basic,1,Corporate,DailyWork,"TOEIC,Reading,Part5,Part7",n./adv.
bag,/ˈbæɡ/,用來裝載物品的容器，常見於商務場合指手提袋，公文包或行李。,Please pack your presentation materials in a sturdy bag for the conference.,請將您的簡報資料裝入堅固的包袋，以便參加會議。,toeic_basic,1,Travel,Hospitality,"TOEIC,Reading,Part5,Part7",n./v.
bags,/ˈbæɡz/,袋子,The shipping department needs to pack these fragile items in sturdy bags.,運輸部門需要將這些易碎物品裝入堅固的袋子中。,toeic_basic,1,Technical,ITSupport,"TOEIC,Reading,Part5,Part7",n.
bakery,/ˈbeɪkɝi/,麵包店,The company is partnering with a local bakery to provide fresh pastries for the conference attendees.,公司正在與一家當地麵包店合作，為會議參與者提供新鮮的糕點。,toeic_basic,1,Technical,ITSupport,"TOEIC,Reading,Part5,Part7",n.
ball,/ˈbɔɫ/,球; 舞會;  好時光;  勇氣,The children were playing with a colorful ball in the park.,孩子們在公園裡玩一個彩色的球。,toeic_basic,1,Technical,ITSupport,"TOEIC,Reading,Part5,Part7",n./v.
based,/ˈbeɪst/,基於,The decision was based on market research and customer feedback.,這個決定是根據市場調查和客戶回饋做出的。,toeic_basic,1,Marketing,Sales,"TOEIC,Reading,Part5,Part7",adj./v.
basic,/ˈbeɪsɪk/,基本的,The training program covers the basic skills required for new hires.,此培訓計畫涵蓋新進員工所需的基本技能。,toeic_basic,1,HumanResources,Compensation,"TOEIC,Reading,Part5,Part7",adj.
basis,/ˈbeɪsəs/,基礎,The decision was made on the basis of market research.,這個決定是根據市場調查做出的。,toeic_basic,1,Marketing,Sales,"TOEIC,Reading,Part5,Part7",n./adj.
bath,/ˈbæθ/,沐浴，洗澡,"I enjoy taking a long, hot bath after a stressful day at work.",在工作壓力大的一天後，我喜歡泡個熱水澡。,toeic_basic,1,Corporate,DailyWork,"TOEIC,Reading,Part5,Part7",n./v.
bedroom,/ˈbɛˌdɹum/,臥室,The hotel room features a comfortable bedroom with a king-size bed and a private balcony.,這間飯店房間設有舒適的臥室，配備一張特大床和一個私人陽台。,toeic_basic,1,Travel,Hospitality,"TOEIC,Reading,Part5,Part7",n.
began,/biˈɡæn/,開始,"The project began on schedule, despite initial setbacks.",儘管一開始遇到一些阻礙，專案仍然按計劃開始。,toeic_basic,1,Technical,ITSupport,"TOEIC,Reading,Part5,Part7",v.
begin,/bɪˈɡɪn/,開始,The project will begin next Monday.,這個專案將於下星期一開始。,toeic_basic,1,Corporate,DailyWork,"TOEIC,Reading,Part5,Part7",v.
begun,/ˈbeɪɡən/,開始,"The project has begun, and we need to allocate resources accordingly.",專案已經開始，我們需要相應地分配資源。,toeic_basic,1,Travel,Hospitality,"TOEIC,Reading,Part5,Part7",v.
below,/biˈɫoʊ/,在...下面,Please find the instructions below regarding the new policy.,有關新政策的說明，請見下方。,toeic_basic,1,Travel,Hospitality,"TOEIC,Reading,Part5,Part7",preposition/adv.
belt,/ˈbɛɫt/,皮帶,Please make sure your seatbelt is securely fastened before the plane takes off.,請確保飛機起飛前您的安全帶已牢固繫好。,toeic_basic,1,Corporate,GeneralBusiness,"TOEIC,Reading,Part5,Part7",n./v.
belts,/ˈbɛɫts/,皮帶,The company policy requires all employees to wear a belt with their uniforms.,公司規定所有員工必須在制服搭配腰帶。,toeic_basic,1,HumanResources,Compensation,"TOEIC,Reading,Part5,Part7",n.
bench,/ˈbɛntʃ/,長條型座椅，通常設在公共場所供人休息。,The waiting area has several benches for passengers to relax before their flight.,等候區設有多張長椅，供旅客在航班前休息。,toeic_basic,1,Travel,Transit,"TOEIC,Reading,Part5,Part7",n.
bicycle,/ˈbaɪsɪkəɫ/,腳踏車,The company is offering a bicycle allowance to encourage employees to commute sustainably.,公司提供腳踏車津貼，以鼓勵員工以可持續的方式通勤。,toeic_basic,1,HumanResources,Compensation,"TOEIC,Reading,Part5,Part7",n.
birth,/ˈbɝθ/,出生,The company offers generous maternity leave benefits to new mothers.,公司為新媽媽提供慷慨的產假福利。,toeic_basic,1,HumanResources,Compensation,"TOEIC,Reading,Part5,Part7",n.
bit,/ˈbɪt/,少量資訊的單位，通常指電腦資料的最小儲存單位。,"The file size is 2 megabytes, which is equivalent to 16 million bits.",檔案大小為 2 百兆位元組，相當於 1600 萬位元。,toeic_basic,1,Technical,ITSupport,"TOEIC,Reading,Part5,Part7",n.
bite,/ˈbaɪt/,咬,The company's profits took a slight bite this quarter due to increased competition.,由於競爭加劇，本季公司利潤受到輕微的影響。,toeic_basic,1,Finance,Investment,"TOEIC,Reading,Part5,Part7",v./n.
black,/ˈbɫæk/,黑色,The company's new branding features a sleek black and white color scheme.,公司的新品牌設計採用簡潔的黑白配色方案。,toeic_basic,1,Marketing,Sales,"TOEIC,Reading,Part5,Part7",n./adj.
blank,/ˈbɫæŋk/,空白的,Please leave the last section blank if it doesn't apply to you.,如果最後一部分不適用於您，請將其留空。,toeic_basic,1,Technical,ITSupport,"TOEIC,Reading,Part5,Part7",adj./n.
block,/ˈbɫɑk/,阻礙,"The road was blocked due to construction, causing delays for deliveries.",由於施工，道路被封鎖，導致貨物送達延遲。,toeic_basic,1,Logistics,Transit,"TOEIC,Reading,Part5,Part7",n./v.
blue,/ˈbɫu/,藍色,"The company logo is a vibrant blue, reflecting trust and reliability.",該公司的標誌是鮮豔的藍色，代表著信任和可靠性。,toeic_basic,1,Legal,Compliance,"TOEIC,Reading,Part5,Part7",n./adj.
body,/ˈbɑdi/,身體,Regular exercise helps maintain a healthy body.,規律運動有助於維持健康的身體。,toeic_basic,1,Corporate,GeneralBusiness,"TOEIC,Reading,Part5,Part7",n./v.
bonus,/ˈboʊnəs/,獎金,The company announced a generous bonus for employees who exceeded their sales targets.,公司宣布，對於超額達成銷售目標的員工，將發放豐厚的獎金。,toeic_basic,1,HumanResources,Compensation,"TOEIC,Reading,Part5,Part7",n.
book,/ˈbʊk/,書籍,The manager asked the secretary to book a conference room for the meeting.,經理請秘書預訂會議室以進行會議。,toeic_basic,1,Corporate,DailyWork,"TOEIC,Reading,Part5,Part7",n./v.
booked,/ˈbʊkt/,預訂,The conference room is already booked for the entire day.,會議室已經預訂了整個一天。,toeic_basic,1,Travel,Hospitality,"TOEIC,Reading,Part5,Part7",v./adj.
booking,/ˈbʊkɪŋ/,預訂,We need to confirm all flight bookings before the conference.,我們需要在會議之前確認所有航班預訂。,toeic_basic,1,Travel,Transit,"TOEIC,Reading,Part5,Part7",n./v.
bored,/ˈbɔɹd/,感到厭倦，無聊，缺乏興趣,The employees were bored with the repetitive tasks and requested more challenging assignments.,員工對重複性的工作感到厭倦，並要求更具挑戰性的任務。,toeic_basic,1,HumanResources,Compensation,"TOEIC,Reading,Part5,Part7",adj.
born,/ˈbɔɹn/,出生,"Our new manager was born in Japan, which gives him valuable insight into the local market.",我們的新經理出生於日本，這讓他對當地市場有寶貴的見解。,toeic_basic,1,Marketing,Sales,"TOEIC,Reading,Part5,Part7",v./adj.
boss,/ˈbɑs/,主管,My boss asked me to prepare a report on the quarterly sales figures.,我的老闆請我準備一份有關季度銷售數據的報告。,toeic_basic,1,Marketing,Sales,"TOEIC,Reading,Part5,Part7",n.
both,/ˈboʊθ/,兩者,Both proposals received positive feedback from the board.,兩份提案都從董事會獲得了積極的回饋。,toeic_basic,1,CorporateGovernance,BoardOfDirectors,"TOEIC,Reading,Part5,Part7",determiner/pronoun
boxes,/ˈbɑksəz/,箱子,The warehouse staff are responsible for stacking the boxes neatly.,倉庫員工負責整齊地堆疊箱子。,toeic_basic,1,Logistics,Transit,"TOEIC,Reading,Part5,Part7",n.
brain,/ˈbɹeɪn/,大腦,The company is looking for candidates who demonstrate strong problem-solving brains.,公司正在尋找那些展現出強大解決問題能力的候選人。,toeic_basic,1,HumanResources,Recruitment,"TOEIC,Reading,Part5,Part7",n.
brand,/ˈbɹænd/,品牌,Our company is investing heavily in building a strong brand image.,我們公司正在大力投資以建立強大的品牌形象。,toeic_basic,1,Finance,Investment,"TOEIC,Reading,Part5,Part7",n.
break,/ˈbɹeɪk/,暫停,Let's take a 15-minute break to recharge before the afternoon meeting.,在下午會議之前，我們來休息 15 分鐘，讓自己充電一下。,toeic_basic,1,Corporate,DailyWork,"TOEIC,Reading,Part5,Part7",n./v.
bring,/ˈbɹɪŋ/,攜帶，帶來,Please bring the updated sales report to the meeting tomorrow.,請明天會議時帶來最新的銷售報告。,toeic_basic,1,Marketing,Sales,"TOEIC,Reading,Part5,Part7",v.
broke,/ˈbɹoʊk/,損壞,"The company's main server broke down during the peak sales period, causing significant losses.",公司主要伺服器在銷售高峰期發生故障，造成了重大損失。,toeic_basic,1,Marketing,Sales,"TOEIC,Reading,Part5,Part7",v./adj.
brown,/ˈbɹaʊn/,棕色,The package was wrapped in brown paper to protect it during shipping.,為了在運輸過程中保護包裹，它被包裹在棕色的紙中。,toeic_basic,1,Technical,ITSupport,"TOEIC,Reading,Part5,Part7",n./adj.
built,/ˈbɪɫt/,建造,The company plans to build a new factory to increase production capacity.,公司計劃建造一座新工廠以提高生產能力。,toeic_basic,1,Manufacturing,Production,"TOEIC,Reading,Part5,Part7",v./adj.
busy,/ˈbɪzi/,忙碌的,I'm very busy preparing for the quarterly sales presentation.,我正非常忙碌地為季度銷售簡報做準備。,toeic_basic,1,Marketing,Sales,"TOEIC,Reading,Part5,Part7",adj./v.
buyer,/ˈbaɪɝ/,購買者,The company is actively seeking new buyers for its products in overseas markets.,該公司正在積極尋找海外市場的新買家。,toeic_basic,1,Marketing,Sales,"TOEIC,Reading,Part5,Part7",n.
calls,/ˈkɔɫz/,電話聯絡,Please call our customer support line for assistance with your order.,如有訂單相關問題，請致電我們的客戶支援專線。,toeic_basic,1,Technical,ITSupport,"TOEIC,Reading,Part5,Part7",v.
cards,/ˈkɑɹdz/,卡片,Please exchange business cards after the meeting.,會議結束後請交換名片。,toeic_basic,1,Corporate,DailyWork,"TOEIC,Reading,Part5,Part7",n.
care,/ˈkɛɹ/,關心,The company cares deeply about employee well-being and offers comprehensive benefits.,公司非常重視員工福祉，並提供全面的福利。,toeic_basic,1,HumanResources,Compensation,"TOEIC,Reading,Part5,Part7",n./v.
cart,/ˈkɑɹt/,手推車,The store manager instructed employees to restock the carts with fresh produce.,店長指示員工將手推車上補充新鮮農產品。,toeic_basic,1,HumanResources,Compensation,"TOEIC,Reading,Part5,Part7",n.
carts,/ˈkɑɹts/,手推車,The warehouse staff uses carts to move pallets of goods efficiently.,倉庫員工使用手推車有效地搬運托盤上的貨物。,toeic_basic,1,Logistics,Transit,"TOEIC,Reading,Part5,Part7",n.
cases,/ˈkeɪsəz/,案件,The legal team is currently handling several complex cases.,法律團隊目前正在處理幾個複雜的案件。,toeic_basic,1,Legal,Compliance,"TOEIC,Reading,Part5,Part7",n.
catch,/ˈkætʃ/,捕捉,The company needs to catch the attention of potential investors with a compelling marketing campaign.,公司需要透過引人入勝的行銷活動來吸引潛在投資者的注意。,toeic_basic,1,Finance,Investment,"TOEIC,Reading,Part5,Part7",v./n.
cause,/ˈkɑz/,導致某事發生的原因或因素,The recent system outage was the cause of the delayed shipments.,最近的系統故障是出貨延遲的原因。,toeic_basic,1,Logistics,Transit,"TOEIC,Reading,Part5,Part7",n./v.
cell,/ˈsɛɫ/,手機,Please make sure your cell is fully charged before the conference call this afternoon.,請在今天下午的會議電話前，確保您的手機已充滿電。,toeic_basic,1,Technical,ITSupport,"TOEIC,Reading,Part5,Part7",n.
ceo,/ˈsiˌiˈoʊ/,最高執行長,The CEO announced a new strategy to increase market share.,總執行長宣布了一項新的策略以提高市場佔有率。,toeic_basic,1,CorporateGovernance,CorporateStrategy,"TOEIC,Reading,Part5,Part7",n.
chair,/ˈtʃɛɹ/,椅子,Please ensure all conference room chairs are properly arranged before the meeting.,請確保會議室的椅子在會議開始前正確擺放。,toeic_basic,1,Corporate,DailyWork,"TOEIC,Reading,Part5,Part7",n.
chart,/ˈtʃɑɹt/,圖表,The sales manager presented a chart showing the quarterly revenue growth.,銷售經理展示了一個圖表，顯示了季度營收增長情況。,toeic_basic,1,Finance,Investment,"TOEIC,Reading,Part5,Part7",n.
chat,/ˈtʃæt/,聊天，即時對話,Let's quickly chat about the project updates before the meeting.,在會議開始前，我們快速聊一下專案進度吧。,toeic_basic,1,Corporate,Communication,"TOEIC,Reading,Part5,Part7",n./v.
cheap,/ˈtʃip/,價格低廉,We're looking for a cheap supplier of raw materials to reduce production costs.,我們正在尋找一家廉價的原材料供應商，以降低生產成本。,toeic_basic,1,Manufacturing,Production,"TOEIC,Reading,Part5,Part7",adj.
child,/ˈtʃaɪɫd/,小孩,The child was playing happily in the park.,那個孩子在公園裡開心地玩耍。,toeic_basic,1,Corporate,GeneralBusiness,"TOEIC,Reading,Part5,Part7",n.
chose,/ˈtʃoʊz/,選擇,"After careful consideration, the committee chose the proposal from Apex Solutions.",經過仔細考慮，委員會選擇了 Apex Solutions 的提案。,toeic_basic,1,Technical,ITSupport,"TOEIC,Reading,Part5,Part7",v.
cinema,/ˈsɪnəmə/,電影院,The company is offering discounted tickets to the cinema for its employees.,公司為員工提供電影院門票折扣。,toeic_basic,1,HumanResources,Compensation,"TOEIC,Reading,Part5,Part7",n.
cities,/ˈsɪtiz/,城市,Our company is expanding its operations into several major cities across Asia.,我們公司正在將業務擴展到亞洲幾個主要城市。,toeic_basic,1,Travel,Hospitality,"TOEIC,Reading,Part5,Part7",n.
city,/ˈsɪti/,都市,Our company is expanding its operations into several major cities across Asia.,我們公司正在將業務擴展到亞洲的幾個主要城市。,toeic_basic,1,Travel,Hospitality,"TOEIC,Reading,Part5,Part7",n.
clean,/ˈkɫin/,清潔,The cleaning staff will clean the office every Friday evening.,清潔人員會在每個星期五晚上清潔辦公室。,toeic_basic,1,HumanResources,Compensation,"TOEIC,Reading,Part5,Part7",v./adj.
clear,/ˈkɫɪɹ/,清晰的，明確的,Please make sure the instructions are clear so that the team can follow them without confusion.,請確保指示清晰，讓團隊能毫無疑慮地遵循。,toeic_basic,1,Technical,ITSupport,"TOEIC,Reading,Part5,Part7",adj./v.
clerk,/ˈkɫɝk/,辦公室職員,The clerk at the front desk can assist you with registration.,接待處的職員可以協助您辦理報到手續。,toeic_basic,1,Technical,ITSupport,"TOEIC,Reading,Part5,Part7",n.
click,/ˈkɫɪk/,點擊,Please click on the 'Submit' button to finalize your order.,請點擊「提交」按鈕以完成您的訂單。,toeic_basic,1,Technical,ITSupport,"TOEIC,Reading,Part5,Part7",v./n.
climb,/ˈkɫaɪm/,攀登,The company is climbing the ranks in the industry due to its innovative products.,由於其創新產品，該公司在行業中不斷晉升。,toeic_basic,1,Technical,ITSupport,"TOEIC,Reading,Part5,Part7",v.
clock,/ˈkɫɑk/,時鐘,Please check the clock to ensure the meeting starts on time.,請查看時鐘，確保會議準時開始。,toeic_basic,1,Corporate,DailyWork,"TOEIC,Reading,Part5,Part7",n./v.
cloth,/ˈkɫɔθ/,布料,She used a clean cloth to wipe the table.,她用一塊乾淨的布擦拭桌子。,toeic_basic,1,Corporate,GeneralBusiness,"TOEIC,Reading,Part5,Part7",n.
club,/ˈkɫəb/,社團，俱樂部,"The company offers its employees access to a variety of social clubs, such as a golf club and a book club.",公司為員工提供多種社團的會員資格，例如高爾夫球俱樂部和讀書俱樂部。,toeic_basic,1,HumanResources,Compensation,"TOEIC,Reading,Part5,Part7",n.
coat,/ˈkoʊt/,外套,"Please remember to wear your coat, it's cold outside.",請記得穿上你的外套，外面很冷。,toeic_basic,1,Technical,ITSupport,"TOEIC,Reading,Part5,Part7",n./v.
code,/ˈkoʊd/,用於辨識，分類或指示資訊的符號或文字組合,The development team will code the new feature by the end of the week.,開發團隊將於本週末前完成新功能的程式編寫。,toeic_basic,1,Technical,ITSupport,"TOEIC,Reading,Part5,Part7",n./v.
cold,/ˈkoʊɫd/,寒冷的,The sales presentation was met with a cold reception from the potential investors.,潛在投資者對銷售簡報反應冷淡。,toeic_basic,1,Finance,Investment,"TOEIC,Reading,Part5,Part7",adj./adv.
color,/ˈkəɫɝ/,色彩,The marketing team chose a vibrant color palette to attract customers.,行銷團隊選擇了鮮豔的色彩搭配來吸引顧客。,toeic_basic,1,Marketing,Sales,"TOEIC,Reading,Part5,Part7",n./v.
comes,/ˈkəmz/,到來,"The quarterly report comes out next week, so please prepare your analysis.",季度報告下週發布，請準備好您的分析。,toeic_basic,1,Corporate,DailyWork,"TOEIC,Reading,Part5,Part7",v.
cooked,/ˈkʊkt/,烹調熟的,"The hotel kitchen prepares all meals using fresh, locally sourced ingredients and cooks them to perfection.",飯店廚房使用新鮮、當地食材烹調所有餐點，並將其烹調至完美。,toeic_basic,1,Travel,Hospitality,"TOEIC,Reading,Part5,Part7",adj./v.
cookies,/ˈkʊkiz/,餅乾,The conference attendees enjoyed complimentary cookies and coffee during the break.,在休息時間，會議參與者享用了免費的餅乾和咖啡。,toeic_basic,1,Travel,Dining,"TOEIC,Reading,Part5,Part7",n.
cooking,/ˈkʊkɪŋ/,烹飪,The hotel offers cooking classes for guests who want to learn local cuisine.,這家飯店為想學習當地美食的住客提供烹飪課程。,toeic_basic,1,Travel,Hospitality,"TOEIC,Reading,Part5,Part7",n./v.
cool,/ˈkuɫ/,令人印象深刻的,The presentation was really cool; the data visualization was excellent.,簡報非常出色；數據視覺化做得很好。,toeic_basic,1,Corporate,DailyWork,"TOEIC,Reading,Part5,Part7",adj./adv.
cover,/ˈkəvɝ/,覆蓋,The report needs to cover all aspects of the project's progress.,這份報告需要涵蓋專案進度的所有面向。,toeic_basic,1,Corporate,DailyWork,"TOEIC,Reading,Part5,Part7",n./v.
cross,/ˈkɹɔs/,橫跨,Please cross out any incorrect information on the form.,請在表格上劃掉任何錯誤資訊。,toeic_basic,1,Corporate,DailyWork,"TOEIC,Reading,Part5,Part7",v./adj.
cut,/ˈkət/,切割,The manager decided to cut the budget for the marketing campaign due to low ROI.,由於投資回報率低，經理決定削減行銷活動的預算。,toeic_basic,1,Finance,Investment,"TOEIC,Reading,Part5,Part7",v./n.
cuts,/ˈkəts/,切割,The company decided to cut costs by reducing travel expenses.,公司決定通過減少差旅費用來削減成本。,toeic_basic,1,Travel,Hospitality,"TOEIC,Reading,Part5,Part7",v.
daily,/ˈdeɪɫi/,每日的,The company requires all employees to submit a daily progress report.,公司要求所有員工每日提交工作進度報告。,toeic_basic,1,HumanResources,Compensation,"TOEIC,Reading,Part5,Part7",adj./adv.
dark,/ˈdɑɹk/,昏暗的,"The conference room was too dark for effective presentations, so we needed to adjust the lighting.",會議室太暗，不適合有效的簡報，所以我們需要調整照明。,toeic_basic,1,Corporate,DailyWork,"TOEIC,Reading,Part5,Part7",adj./adv.
data,/ˈdætə/,數據,The marketing team analyzed the sales data to identify trends.,行銷團隊分析了銷售數據以找出趨勢。,toeic_basic,1,Marketing,Sales,"TOEIC,Reading,Part5,Part7",n.
dates,/ˈdeɪts/,日期,Please confirm the dates of the upcoming conference.,請確認即將舉行的會議日期。,toeic_basic,1,Corporate,DailyWork,"TOEIC,Reading,Part5,Part7",n.
day,/ˈdeɪ/,天,We expect the report to be completed by the end of the day.,我們預計這份報告將在今天結束前完成。,toeic_basic,1,Corporate,DailyWork,"TOEIC,Reading,Part5,Part7",n.
dead,/ˈdɛd/,死的,"The phone battery is completely dead, so I can't make any calls.",手機電池完全沒電了，所以我打不了電話。,toeic_basic,1,Corporate,GeneralBusiness,"TOEIC,Reading,Part5,Part7",adj./adv.
deals,/ˈdiɫz/,交易,The company is offering special deals on all winter clothing items.,公司正在所有冬季服裝上提供特別優惠方案。,toeic_basic,1,Technical,ITSupport,"TOEIC,Reading,Part5,Part7",n./v.
dealt,/ˈdɛɫt/,處理,The sales team needs to deal with the customer complaints promptly.,銷售團隊需要迅速處理客戶的投訴。,toeic_basic,1,Marketing,Sales,"TOEIC,Reading,Part5,Part7",v.
dear,/ˈdɪɹ/,親愛的,"Dear Mr. Smith, I am writing to inquire about the status of my order.","尊敬的史密斯先生, 我寫信是為了詢問我的訂單狀態。",toeic_basic,1,Technical,ITSupport,"TOEIC,Reading,Part5,Part7",adj./interjection
deep,/ˈdip/,深厚的,The company conducted a deep analysis of the market trends to identify potential risks.,公司對市場趨勢進行了深入分析，以識別潛在風險。,toeic_basic,1,Marketing,Sales,"TOEIC,Reading,Part5,Part7",adj./adv.
delayed,/dɪˈɫeɪd/,延遲的,"The flight was delayed due to bad weather, causing inconvenience to passengers.",由於天氣惡劣，航班延誤，造成旅客不便。,toeic_basic,1,Travel,Transit,"TOEIC,Reading,Part5,Part7",adj.
departs,/dɪˈpɑɹts/,出發,The flight departs from Gate 12 at 10:00 AM.,航班將於上午 10:00 從 12 號登機口出發。,toeic_basic,1,Travel,Transit,"TOEIC,Reading,Part5,Part7",v.
desk,/ˈdɛsk/,辦公桌,Each employee has a spacious desk with a computer and phone.,每位員工都配備一張寬敞的辦公桌，上面放有電腦和電話。,toeic_basic,1,HumanResources,Compensation,"TOEIC,Reading,Part5,Part7",n.
desks,/ˈdɛsks/,辦公桌,The company is providing new desks for all employees to improve their workspace.,公司為所有員工提供新的辦公桌，以改善他們的辦公環境。,toeic_basic,1,HumanResources,Compensation,"TOEIC,Reading,Part5,Part7",n.
dining,/ˈdaɪnɪŋ/,餐飲,"The hotel offers a variety of dining options, including a formal restaurant and a casual cafe.",這家酒店提供多種餐飲選擇，包括一間正式餐廳和一間休閒咖啡廳。,toeic_basic,1,Travel,Hospitality,"TOEIC,Reading,Part5,Part7",n.
dinner,/ˈdɪnɝ/,晚餐,The company will host a celebratory dinner for the successful project completion.,公司將為專案成功完成舉辦一場慶祝晚宴。,toeic_basic,1,Travel,Hospitality,"TOEIC,Reading,Part5,Part7",n.
dinners,/ˈdɪnɝz/,晚宴,The company is hosting a series of dinners to strengthen relationships with key clients.,公司正在舉辦一系列晚宴，以加強與主要客戶的關係。,toeic_basic,1,Marketing,Sales,"TOEIC,Reading,Part5,Part7",n.
dirt,/ˈdɝt/,污垢,The factory needs to implement stricter cleaning procedures to minimize dirt and debris on the production floor.,工廠需要實施更嚴格的清潔程序，以最大限度地減少生產地板上的污垢和碎屑。,toeic_basic,1,Manufacturing,Production,"TOEIC,Reading,Part5,Part7",n.
dirty,/ˈdɝti/,不潔的,The office kitchen needs a thorough cleaning; it's quite dirty.,辦公室廚房需要徹底清潔，現在非常髒。,toeic_basic,1,Technical,ITSupport,"TOEIC,Reading,Part5,Part7",adj.
dishes,/ˈdɪʃəz/,餐具，盤碗,The restaurant offers dishwashing services for large catering events.,這家餐廳為大型餐飲活動提供洗碗服務。,toeic_basic,1,Travel,Hospitality,"TOEIC,Reading,Part5,Part7",n./v.
door,/ˈdɔɹ/,門,Please close the door when you leave.,離開時請關門。,toeic_basic,1,Corporate,DailyWork,"TOEIC,Reading,Part5,Part7",n.
doors,/ˈdɔɹz/,門戶,The security guard checked the doors to ensure all offices were locked before leaving for the night.,保全人員檢查了所有辦公室的門，確保在離開前都已鎖好。,toeic_basic,1,Technical,ITSupport,"TOEIC,Reading,Part5,Part7",n.
doubt,/ˈdaʊt/,懷疑,I have some doubts about the feasibility of this project.,我對這個專案的可行性有一些疑慮。,toeic_basic,1,Technical,ITSupport,"TOEIC,Reading,Part5,Part7",n./v.
down,/ˈdaʊn/,下，向下,The company's profits went down significantly last quarter.,公司上個季度的利潤大幅下降。,toeic_basic,1,Finance,Investment,"TOEIC,Reading,Part5,Part7",adv./preposition
draw,/ˈdɹɔ/,繪製,The marketing team needs to draw a flowchart to illustrate the customer journey.,行銷團隊需要繪製流程圖來圖解客戶旅程。,toeic_basic,1,Marketing,Sales,"TOEIC,Reading,Part5,Part7",v.
dress,/ˈdɹɛs/,服裝,The company dress code requires employees to wear business attire.,公司的服裝規定要求員工穿著商務服裝。,toeic_basic,1,HumanResources,Compensation,"TOEIC,Reading,Part5,Part7",n./v.
drinks,/ˈdɹɪŋks/,飲料,The conference attendees can enjoy complimentary drinks and snacks in the lounge.,會議參與者可以在休息室享用免費飲料和小點心。,toeic_basic,1,Travel,Dining,"TOEIC,Reading,Part5,Part7",n.
driver,/ˈdɹaɪvɝ/,駕駛員,The company is looking for experienced truck drivers to handle long-distance deliveries.,公司正在尋找有經驗的卡車司機來處理長途運輸。,toeic_basic,1,Logistics,Transit,"TOEIC,Reading,Part5,Part7",n./v.
driving,/ˈdɹaɪvɪŋ/,駕駛,The company provides shuttle services for employees driving to the office.,公司為開車上班的員工提供接駁服務。,toeic_basic,1,HumanResources,Compensation,"TOEIC,Reading,Part5,Part7",v./adj.
drop,/ˈdɹɑp/,放下,The supplier dropped the price of the raw materials by 10% due to increased competition.,由於競爭加劇，供應商將原材料的價格降低了 10%。,toeic_basic,1,Technical,ITSupport,"TOEIC,Reading,Part5,Part7",v./n.
drops,/ˈdɹɑps/,滴落,The company's profits dropped significantly due to the economic downturn.,由於經濟衰退，該公司的利潤大幅下降。,toeic_basic,1,Finance,Investment,"TOEIC,Reading,Part5,Part7",n./v.
dry,/ˈdɹaɪ/,乾燥的,Please ensure the documents are completely dry before storing them.,請確保文件在存放前完全乾燥。,toeic_basic,1,Corporate,DailyWork,"TOEIC,Reading,Part5,Part7",adj./v.
due,/ˈdju/,到期日,The invoice is due on the 15th of next month.,發票的到期日是下個月的 15 號。,toeic_basic,1,Finance,Investment,"TOEIC,Reading,Part5,Part7",adj./preposition
duty,/ˈdjuti/,職責,It's my duty to ensure the project is completed on time and within budget.,確保專案按時且在預算內完成是我的職責。,toeic_basic,1,Finance,Investment,"TOEIC,Reading,Part5,Part7",n./v.
each,/ˈitʃ/,各個,Each student received a textbook at the beginning of the semester.,每個學生都在學期初領到一本教科書。,toeic_basic,1,Corporate,GeneralBusiness,"TOEIC,Reading,Part5,Part7",determiner/pronoun
ear,/ˈiɹ/,耳朵,He needs to lend an ear to the employee's concerns before making a decision.,在做出決定之前，他需要傾聽員工的顧慮。,toeic_basic,1,HumanResources,Compensation,"TOEIC,Reading,Part5,Part7",n.
early,/ˈɝɫi/,提早的,The project team needs to submit the report early to allow for revisions.,專案團隊需要提早提交報告，以便進行修改。,toeic_basic,1,Technical,ITSupport,"TOEIC,Reading,Part5,Part7",adj./adv.
earth,/ˈɝθ/,地球,Our company is committed to sustainable practices to minimize our impact on the Earth.,我們公司致力於可持續的實踐，以減少對地球的影響。,toeic_basic,1,Technical,ITSupport,"TOEIC,Reading,Part5,Part7",n.
easy,/ˈizi/,簡單的,The software update was surprisingly easy to install.,令人驚訝的是，這個軟體更新非常容易安裝。,toeic_basic,1,Technical,ITSupport,"TOEIC,Reading,Part5,Part7",adj./adv.
eating,/ˈitɪŋ/,正在食用或攝取食物的行為,The conference attendees are currently eating lunch in the cafeteria.,會議的參與者目前正在食堂用餐。,toeic_basic,1,Travel,Dining,"TOEIC,Reading,Part5,Part7",v./gerund
else,/ˈɛɫs/,除此之外,"If you need anything else, please don't hesitate to contact us.",如果您需要任何其他協助，請隨時與我們聯繫。,toeic_basic,1,Technical,ITSupport,"TOEIC,Reading,Part5,Part7",adv./conjunction
email,/iˈmeɪɫ/,電子郵件,Please send your resume as an email attachment.,請將您的履歷以電子郵件附件的形式寄出。,toeic_basic,1,HumanResources,Compensation,"TOEIC,Reading,Part5,Part7",n.
empty,/ˈɛmpti/,空的,The warehouse reported that several containers were found empty during the inventory check.,倉庫報告稱，在盤點時發現幾個貨櫃是空的。,toeic_basic,1,Logistics,SupplyChain,"TOEIC,Reading,Part5,Part7",adj./n.
end,/ˈɛnd/,結束; 結尾; 終點; 目的,Let's try to end the meeting on time.,我們盡量準時結束會議。,toeic_basic,1,Corporate,DailyWork,"TOEIC,Reading,Part5,Part7",n./v.
ended,/ˈɛndəd/,結束,"The contract ended on December 31st, requiring renegotiation.",合約在 12 月 31 日到期，需要重新協商。,toeic_basic,1,Legal,Contracts,"TOEIC,Reading,Part5,Part7",v.
enjoy,/ˌɛnˈdʒɔɪ/,享受,"The team members enjoy the flexible work arrangement, which boosts productivity.",團隊成員很享受彈性的工作安排，這提高了生產力。,toeic_basic,1,Manufacturing,Production,"TOEIC,Reading,Part5,Part7",v.
entry,/ˈɛntɹi/,進入，登入，項目，條款,Please enter your employee ID and password to access the company network.,請輸入您的員工編號和密碼以訪問公司網路。,toeic_basic,1,Legal,Contracts,"TOEIC,Reading,Part5,Part7",n./v.
error,/ˈɛɹɝ/,錯誤,The report contained several errors that needed to be corrected before submission.,報告包含幾個需要在提交前更正的錯誤。,toeic_basic,1,Corporate,DailyWork,"TOEIC,Reading,Part5,Part7",n./v.
etc,/ˌɛtˈsɛtɝə/,等等,"The meeting agenda included topics such as sales reports, marketing strategies, etc.",會議議程包括銷售報告、行銷策略等相關議題。,toeic_basic,1,Marketing,Sales,"TOEIC,Reading,Part5,Part7",adv.
even,/ˈivɪn/,甚至,"Even with the tight deadline, the team managed to submit a high-quality report.",即使時間緊迫，團隊仍設法提交了一份高品質的報告。,toeic_basic,1,Technical,ITSupport,"TOEIC,Reading,Part5,Part7",adv./adj.
event,/iˈvɛnt/,活動，事件,The company is hosting a product launch event to generate excitement and attract new customers.,公司正在舉辦產品發表會，以製造話題並吸引新客戶。,toeic_basic,1,Technical,ITSupport,"TOEIC,Reading,Part5,Part7",n.
ever,/ˈɛvɝ/,從未,We have never encountered such a significant supply chain disruption before.,我們從未遇到過如此嚴重的供應鏈中斷。,toeic_basic,1,Logistics,Transit,"TOEIC,Reading,Part5,Part7",adv.
every,/ˈɛvɝi/,每一個,Every employee must complete the annual training by the end of the month.,每位員工都必須在月底前完成年度培訓。,toeic_basic,1,HumanResources,Compensation,"TOEIC,Reading,Part5,Part7",determiner
exam,/ɪɡˈzæm/,考試,The company will provide training to help employees pass the upcoming certification exam.,公司將提供培訓，幫助員工通過即將到來的認證考試。,toeic_basic,1,HumanResources,Compensation,"TOEIC,Reading,Part5,Part7",n.
extra,/ˈɛkstɹə/,額外的,"The project requires an extra budget of $5,000 for unexpected expenses.","這個專案需要額外 5,000 美元的預算來應付 непредвиденные расходы。",toeic_basic,1,Finance,Investment,"TOEIC,Reading,Part5,Part7",adj./adv.
face,/ˈfeɪs/,面容,The CEO's calm face reassured investors during the turbulent market conditions.,在動盪的市場情況下，執行長沉著的面容讓投資人感到安心。,toeic_basic,1,Finance,Investment,"TOEIC,Reading,Part5,Part7",n./v.
faces,/ˈfeɪsəz/,面容,The company's new marketing campaign aims to put a friendly face on its brand.,公司新的行銷活動旨在為其品牌塑造一個親切的面孔。,toeic_basic,1,Marketing,Advertising,"TOEIC,Reading,Part5,Part7",n./v.
fact,/ˈfækt/,事實,"According to the report, the sales figures for Q3 are significantly higher than projected.",根據報告，第三季的銷售數字遠高於預期。,toeic_basic,1,Marketing,Sales,"TOEIC,Reading,Part5,Part7",n.
facts,/ˈfæks/,事實,The report presented several key facts about the company's financial performance.,這份報告呈現了公司財務表現的幾個關鍵事實。,toeic_basic,1,Finance,Investment,"TOEIC,Reading,Part5,Part7",n.
fail,/ˈfeɪɫ/,未通過,The project failed to meet the deadline due to unforeseen circumstances.,由於突發狀況，專案未能按時完成。,toeic_basic,1,Corporate,DailyWork,"TOEIC,Reading,Part5,Part7",v.
fails,/ˈfeɪɫz/,失敗,The project fails to meet the deadline due to unforeseen circumstances.,由於突發狀況，專案未能按時完成。,toeic_basic,1,Corporate,Operations,"TOEIC,Reading,Part5,Part7",v.
fair,/ˈfɛɹ/,公平的,The company strives to offer fair prices to all its customers.,公司致力於向所有客戶提供合理的價格。,toeic_basic,1,Technical,ITSupport,"TOEIC,Reading,Part5,Part7",adj./n.
fall,/ˈfɑɫ/,下降,Sales figures have fallen sharply this quarter due to increased competition.,由於競爭加劇，本季銷售額大幅下降。,toeic_basic,1,Marketing,Sales,"TOEIC,Reading,Part5,Part7",v./n.
fan,/ˈfæn/,風扇,"The office was stuffy, so I turned on the fan to circulate the air.",辦公室空氣悶熱，所以我打開風扇以促進空氣流通。,toeic_basic,1,Corporate,DailyWork,"TOEIC,Reading,Part5,Part7",n./v.
far,/ˈfɑɹ/,遙遠地,"The new factory is located far from the downtown area, which helps reduce rental costs.",新工廠位於離市中心很遠的地方，這有助於降低租金成本。,toeic_basic,1,Manufacturing,Production,"TOEIC,Reading,Part5,Part7",adv./adj.
farm,/ˈfɑɹm/,農場,My uncle owns a large dairy farm where he raises cows.,我叔叔擁有一座大型酪農場，他在那裡飼養乳牛。,toeic_basic,1,Corporate,Operations,"TOEIC,Reading,Part5,Part7",n./v.
fast,/ˈfæst/,快的;快速的;快速地;牢固的;禁食,The company needs to make fast decisions to stay competitive.,公司需要快速決策以保持競爭力。,toeic_basic,1,Technical,ITSupport,"TOEIC,Reading,Part5,Part7",adj./adv.
favor,/ˈfeɪvɝ/,幫忙,Could you do me a favor and review this contract before the deadline?,能幫我個忙，在截止日期前審閱這份合約嗎？,toeic_basic,1,Legal,Contracts,"TOEIC,Reading,Part5,Part7",n./v.
feel,/ˈfiɫ/,感覺到,I feel happy to be part of this team.,我很開心能成為這個團隊的一份子。,toeic_basic,1,Corporate,Communication,"TOEIC,Reading,Part5,Part7",v./n.
feels,/ˈfiɫz/,感覺,The manager feels that the new marketing strategy is effective.,經理覺得這個新的行銷策略是有效的。,toeic_basic,1,Marketing,Sales,"TOEIC,Reading,Part5,Part7",v.
fell,/ˈfɛɫ/,跌落,The company's profits fell sharply due to the economic downturn.,由於經濟衰退，公司的利潤大幅下降。,toeic_basic,1,Finance,Investment,"TOEIC,Reading,Part5,Part7",v.
few,/ˈfju/,少數的,Few people attended the seminar due to the short notice.,由於通知時間短，很少人參加了研討會。,toeic_basic,1,Corporate,GeneralBusiness,"TOEIC,Reading,Part5,Part7",determiner/adj.
field,/ˈfiɫd/,領域，專業領域，業務範圍,She has extensive experience in the field of marketing and sales.,她在行銷和銷售領域擁有豐富的經驗。,toeic_basic,1,Marketing,Sales,"TOEIC,Reading,Part5,Part7",n.
fifth,/ˈfɪfθ/,第五,The fifth floor houses the marketing department.,第五層樓設有行銷部門。,toeic_basic,1,Marketing,Sales,"TOEIC,Reading,Part5,Part7",adj./n.
file,/ˈfaɪɫ/,檔案,Please file these documents in the appropriate folder.,請將這些文件歸檔到適當的資料夾中。,toeic_basic,1,Corporate,DailyWork,"TOEIC,Reading,Part5,Part7",n./v.
files,/ˈfaɪɫz/,檔案，文件,Please upload the sales files to the shared drive.,請將銷售檔案上傳到共享雲端硬碟。,toeic_basic,1,Marketing,Sales,"TOEIC,Reading,Part5,Part7",n.
fill,/ˈfɪɫ/,填寫,Please fill out this form with your personal information before the meeting.,請在會議前用您的個人資訊填寫此表格。,toeic_basic,1,Technical,ITSupport,"TOEIC,Reading,Part5,Part7",v./n.
final,/ˈfaɪnəɫ/,最終的,The final report must be submitted by Friday.,最終報告必須在週五提交。,toeic_basic,1,Technical,ITSupport,"TOEIC,Reading,Part5,Part7",adj./n.
find,/ˈfaɪnd/,找到,Did you find the document you were looking for?,你找到你正在找的文件了嗎？,toeic_basic,1,Corporate,GeneralBusiness,"TOEIC,Reading,Part5,Part7",v./n.
fire,/ˈfaɪɝ/,火,The company was forced to fire several employees due to the economic downturn.,由於經濟下滑，公司被迫解雇了幾名員工。,toeic_basic,1,HumanResources,Compensation,"TOEIC,Reading,Part5,Part7",n./v.
firm,/ˈfɝm/,公司，實體,Our company is a leading firm in the financial consulting industry.,我們公司是金融諮詢業的領先企業。,toeic_basic,1,Finance,Investment,"TOEIC,Reading,Part5,Part7",n./adj.
first,/ˈfɝst/,第一的; 最初的; 優先的; 首先; 第一次,Please review the first draft of the proposal by tomorrow.,請在明天前審閱提案的初稿。,toeic_basic,1,Corporate,GeneralBusiness,"TOEIC,Reading,Part5,Part7",adj./adv.
fit,/ˈfɪt/,合身,The new software fits our company's workflow perfectly.,這個新軟體完全符合我們公司的工作流程。,toeic_basic,1,Technical,ITSupport,"TOEIC,Reading,Part5,Part7",v./adj.
fix,/ˈfɪks/,修復,The IT department needs to fix the network error before the meeting starts.,在會議開始前，IT部門需要修復網路錯誤。,toeic_basic,1,Technical,ITSupport,"TOEIC,Reading,Part5,Part7",v.
fixed,/ˈfɪkst/,已確定，固定不變的,"The project timeline has been fixed for the next six months, so no further changes will be allowed.",此專案的時間表已固定在未來六個月內，將不再允許變更。,toeic_basic,1,Corporate,Operations,"TOEIC,Reading,Part5,Part7",adj./v.
fixes,/ˈfɪksɪz/,修復,Our IT department quickly fixes any system errors to minimize downtime.,我們的 IT 部門迅速修復任何系統錯誤，以減少停機時間。,toeic_basic,1,Manufacturing,Production,"TOEIC,Reading,Part5,Part7",v.
flight,/ˈfɫaɪt/,航班,The flight to Tokyo is delayed due to bad weather.,飛往東京的航班因天氣不佳而延遲。,toeic_basic,1,Travel,Transit,"TOEIC,Reading,Part5,Part7",n./v.
flights,/ˈfɫaɪts/,航班,The company is offering discounted flights to encourage business travel.,公司提供特價航班以鼓勵商務旅行。,toeic_basic,1,Marketing,Sales,"TOEIC,Reading,Part5,Part7",n.
floor,/ˈfɫɔɹ/,地板,The meeting will be held on the fifth floor of the building.,會議將在建築物的五樓舉行。,toeic_basic,1,Travel,Hospitality,"TOEIC,Reading,Part5,Part7",n.
flow,/ˈfɫoʊ/,流動,The data flow between the two systems needs to be optimized for faster processing.,兩個系統之間的數據流需要進行優化，以實現更快的處理速度。,toeic_basic,1,Technical,ITSupport,"TOEIC,Reading,Part5,Part7",n./v.
flying,/ˈfɫaɪɪŋ/,飛行,The flight is scheduled to depart at 10:00 AM.,航班預計上午 10:00 啟程。,toeic_basic,1,Travel,Transit,"TOEIC,Reading,Part5,Part7",v./adj.
foot,/ˈfʊt/,腳,She accidentally stepped on my foot.,她不小心踩到我的腳。,toeic_basic,1,Corporate,GeneralBusiness,"TOEIC,Reading,Part5,Part7",n./v.
form,/ˈfɔɹm/,表格,Please fill out this form with accurate information before submitting it.,請在提交之前，用準確的資訊填寫此表格。,toeic_basic,1,Technical,ITSupport,"TOEIC,Reading,Part5,Part7",n./v.
forms,/ˈfɔɹmz/,表格,Please fill out the necessary forms before your appointment.,請在預約前填寫所有必要的表格。,toeic_basic,1,Corporate,DailyWork,"TOEIC,Reading,Part5,Part7",n.
forty,/ˈfɔɹti/,四十,The project is expected to take approximately forty days to complete.,這個專案預計需要大約四十天才能完成。,toeic_basic,1,Corporate,DailyWork,"TOEIC,Reading,Part5,Part7",numeral/n.
found,/ˈfaʊnd/,1. 創立，建立,She found her lost keys under the sofa.,她找到她遺失的鑰匙在沙發底下。,toeic_basic,1,Corporate,GeneralBusiness,"TOEIC,Reading,Part5,Part7",v.
free,/ˈfɹi/,免費的,The company offers free Wi-Fi to all guests.,公司為所有客人提供免費 Wi-Fi。,toeic_basic,1,Corporate,DailyWork,"TOEIC,Reading,Part5,Part7",adj./adv.
fresh,/ˈfɹɛʃ/,新鮮的,The company is looking for fresh ideas to revitalize its marketing strategy.,公司正在尋找新的點子來重振其行銷策略。,toeic_basic,1,Marketing,Sales,"TOEIC,Reading,Part5,Part7",adj.
fridge,/ˈfɹɪdʒ/,冰箱,The hotel kitchen needs to restock the fridge with fresh beverages for the guests.,飯店廚房需要為住客重新補充冰箱中的新鮮飲料。,toeic_basic,1,Travel,Hospitality,"TOEIC,Reading,Part5,Part7",n.
front,/ˈfɹənt/,前面,"Please wait at the front desk, and a staff member will assist you shortly.",請在前台稍候，工作人員會很快為您服務。,toeic_basic,1,HumanResources,Compensation,"TOEIC,Reading,Part5,Part7",n./adj.
fuel,/ˈfjuəɫ/,燃料,The company is seeking a reliable supplier of low-cost fuel.,該公司正在尋找一家廉價燃料的可靠供應商。,toeic_basic,1,Corporate,Logistics,"TOEIC,Reading,Part5,Part7",n./v.
full,/ˈfʊɫ/,完全的,The conference room was full of attendees eager to hear the keynote speaker.,會議室擠滿了熱切聆聽演講嘉賓的聽眾。,toeic_basic,1,Corporate,DailyWork,"TOEIC,Reading,Part5,Part7",adj./adv.
fully,/ˈfʊɫi/,完全地,The report needs to be reviewed fully before it's submitted to the board.,在提交給董事會之前，報告需要被完全審閱。,toeic_basic,1,CorporateGovernance,BoardOfDirectors,"TOEIC,Reading,Part5,Part7",adv.
funny,/ˈfəni/,滑稽的,The comedian told a really funny joke that made everyone laugh.,那位喜劇演員講了一個非常有趣的笑話，讓大家都笑了起來。,toeic_basic,1,Corporate,Communication,"TOEIC,Reading,Part5,Part7",adj.
game,/ˈɡeɪm/,遊戲,The company launched a marketing game to increase brand awareness among younger consumers.,該公司推出了一項行銷遊戲，以提高年輕消費者對品牌的認知。,toeic_basic,1,Marketing,Sales,"TOEIC,Reading,Part5,Part7",n./v.
games,/ˈɡeɪmz/,遊戲,The company organized team-building games to improve employee morale.,公司組織了團隊建設遊戲以提升員工士氣。,toeic_basic,1,HumanResources,Compensation,"TOEIC,Reading,Part5,Part7",n.
get,/ˈɡɛt/,取得; 獲得; 得到; 收到; 達到; 到達; 變成; 變得; 懂得; 理解; 使得; 說服; 感染,Did you get the report I sent this morning?,你收到我今天早上寄出的報告了嗎？,toeic_basic,1,Corporate,Communication,"TOEIC,Reading,Part5,Part7",v./n.
gets,/ˈɡɛts/,獲得,The project manager needs to get approval from the board before proceeding.,專案經理需要在繼續之前獲得董事會的批准。,toeic_basic,1,CorporateGovernance,BoardOfDirectors,"TOEIC,Reading,Part5,Part7",v.
gift,/ˈɡɪft/,贈品,The company offered a complimentary gift with every purchase during the holiday promotion.,為了節日促銷活動，公司為每次購買都贈送了免費禮品。,toeic_basic,1,HumanResources,Compensation,"TOEIC,Reading,Part5,Part7",n.
gifts,/ˈɡɪfs/,禮物,The company provided employees with holiday gifts as a token of appreciation.,公司向員工贈送節日禮品，以表達感謝之意。,toeic_basic,1,HumanResources,Compensation,"TOEIC,Reading,Part5,Part7",n.
give,/ˈɡɪv/,提供,Please give me the report by the end of the day.,請在今天結束前將報告交給我。,toeic_basic,1,Corporate,DailyWork,"TOEIC,Reading,Part5,Part7",v.
gives,/ˈɡɪvz/,提供,The company gives employees a generous benefits package.,該公司為員工提供豐厚的福利待遇。,toeic_basic,1,HumanResources,Compensation,"TOEIC,Reading,Part5,Part7",v.
go,/ˈɡoʊ/,去,We need to go to the main office for the presentation.,我們需要去主辦公室參加簡報。,toeic_basic,1,Corporate,Communication,"TOEIC,Reading,Part5,Part7",v./n.
goal,/ˈɡoʊɫ/,目標,Our sales team set a quarterly goal of increasing revenue by 10 percent.,我們的銷售團隊設定了本季將營收提升 10% 的目標。,toeic_basic,1,Finance,Investment,"TOEIC,Reading,Part5,Part7",n.
goals,/ˈɡoʊɫz/,目標,Our company's primary goal is to increase market share by 15% this year.,我們公司今年的主要目標是將市場佔有率提高 15%。,toeic_basic,1,Marketing,Sales,"TOEIC,Reading,Part5,Part7",n.
goes,/ˈɡoʊz/,前往,"The meeting goes on until 5 PM, so please prepare your presentation accordingly.",會議將持續到下午 5 點，請相應地準備您的簡報。,toeic_basic,1,Travel,Hospitality,"TOEIC,Reading,Part5,Part7",v.
good,/ˈɡʊd/,好的,She did a very good job on the presentation.,她在簡報方面做得非常好。,toeic_basic,1,Corporate,GeneralBusiness,"TOEIC,Reading,Part5,Part7",adj./n.
goods,/ˈɡʊdz/,商品,The company imports high-quality goods from overseas.,該公司從海外進口高品質的商品。,toeic_basic,1,Technical,ITSupport,"TOEIC,Reading,Part5,Part7",n.
gram,/ˈɡɹæm/,公克,One gram is approximately the weight of a paperclip.,一公克大約是一個迴紋針的重量。,toeic_basic,1,Corporate,GeneralBusiness,"TOEIC,Reading,Part5,Part7",n.
graph,/ˈɡɹæf/,圖表,The sales data was presented in a clear bar graph.,銷售數據以清晰的長條圖呈現。,toeic_basic,1,Marketing,Sales,"TOEIC,Reading,Part5,Part7",n./v.
grass,/ˈɡɹæs/,草,The children enjoyed playing on the soft grass in the park.,孩子們喜歡在公園柔軟的草地上玩耍。,toeic_basic,1,Corporate,GeneralBusiness,"TOEIC,Reading,Part5,Part7",n./v.
gray,/ˈɡɹeɪ/,灰色的,The report indicated a gray market for the counterfeit goods.,報告指出，這些仿冒品存在著灰色市場。,toeic_basic,1,Marketing,Sales,"TOEIC,Reading,Part5,Part7",adj.
great,/ˈɡɹeɪt/,極好的,The project was a great success thanks to the team's dedication.,由於團隊的奉獻，這個項目取得了巨大的成功。,toeic_basic,1,Corporate,DailyWork,"TOEIC,Reading,Part5,Part7",adj./adv.
greet,/ˈɡɹit/,問候,The receptionist greeted the client with a warm smile and a polite introduction.,接待員以熱情的微笑和禮貌的介紹問候了客戶。,toeic_basic,1,Marketing,Sales,"TOEIC,Reading,Part5,Part7",v.
grew,/ˈɡɹu/,生長,The company's revenue grew significantly last quarter due to increased sales.,由於銷售額增加，該公司上個季度的收入顯著增長。,toeic_basic,1,Finance,Investment,"TOEIC,Reading,Part5,Part7",v.
grey,/ˈɡɹeɪ/,灰色的,"The report indicated a grey market for the product, suggesting potential copyright infringement.",報告指出該產品存在灰色市場，暗示可能存在侵權行為。,toeic_basic,1,Marketing,Sales,"TOEIC,Reading,Part5,Part7",adj.
group,/ˈɡɹup/,一群人，組別，團體,The marketing team is responsible for promoting our new product line.,行銷團隊負責推廣我們的全新產品線。,toeic_basic,1,HumanResources,Compensation,"TOEIC,Reading,Part5,Part7",n.
grow,/ˈɡɹoʊ/,增長,The company is committed to growing its employee base by 10% this year.,公司今年承諾將員工數量增長 10%。,toeic_basic,1,HumanResources,Compensation,"TOEIC,Reading,Part5,Part7",v.
grown,/ˈɡɹoʊn/,長大,The company is looking for experienced professionals who have grown within the organization.,公司正在尋找在組織內部成長的經驗豐富的專業人士。,toeic_basic,1,Technical,ITSupport,"TOEIC,Reading,Part5,Part7",v./adj.
grows,/ˈɡɹoʊz/,增長,The company's revenue grows steadily each quarter.,該公司的營收每個季度穩定增長。,toeic_basic,1,Finance,Investment,"TOEIC,Reading,Part5,Part7",v.
guard,/ˈɡɑɹd/,保護,The security guard checked our IDs at the entrance to the office building.,保全人員在辦公大樓入口處檢查了我們的身分證。,toeic_basic,1,Travel,Hospitality,"TOEIC,Reading,Part5,Part7",n./v.
guess,/ˈɡɛs/,推測,"Based on the preliminary data, we can guess that sales will increase next quarter.",根據初步數據，我們可以推測到下個季度的銷售額將會增加。,toeic_basic,1,Marketing,Sales,"TOEIC,Reading,Part5,Part7",v./n.
guests,/ˈɡɛsts/,賓客,The hotel staff is preparing for the arrival of VIP guests.,飯店人員正在為 VIP 賓客的抵達做準備。,toeic_basic,1,HumanResources,Compensation,"TOEIC,Reading,Part5,Part7",n.
guy,/ˈɡaɪ/,人,"Hey, that guy over there seems to be having trouble with the printer.",嘿，那邊那位先生似乎在印表機方面遇到困難。,toeic_basic,1,Technical,ITSupport,"TOEIC,Reading,Part5,Part7",n.
guys,/ˈɡaɪz/,夥伴們，朋友們，同事們,"Hey guys, let's review the sales figures for Q3.",夥伴們，我們來回顧一下第三季度的銷售數據。,toeic_basic,1,Marketing,Sales,"TOEIC,Reading,Part5,Part7",n.
gym,/ˈdʒɪm/,健身房,The company offers employees a subsidized gym membership as part of its wellness program.,公司將健身房會員資格納入健康計畫，並為員工提供補貼。,toeic_basic,1,HumanResources,Compensation,"TOEIC,Reading,Part5,Part7",n.
hair,/ˈhɛɹ/,頭髮,"She has very long, dark hair.",她有著一頭非常長、黑色的頭髮。,toeic_basic,1,Corporate,GeneralBusiness,"TOEIC,Reading,Part5,Part7",n.
hall,/ˈhɔɫ/,大廳,The conference will be held in the main hall of the convention center.,會議將在會展中心的 الرئيسي大廳舉行。,toeic_basic,1,Corporate,DailyWork,"TOEIC,Reading,Part5,Part7",n.
hand,/ˈhænd/,手,Please hand me the report; I need to review it before the meeting.,請把報告遞給我，會議前我需要審閱一下。,toeic_basic,1,Technical,ITSupport,"TOEIC,Reading,Part5,Part7",n./v.
hang,/ˈhæŋ/,懸掛,The manager asked the secretary to hang up the phone after the call ended.,經理請秘書在通話結束後掛斷電話。,toeic_basic,1,Corporate,Communication,"TOEIC,Reading,Part5,Part7",v./n.
happy,/ˈhæpi/,感到愉悅，高興的狀態，或表達喜悅之情。,The team is happy to announce the successful completion of the project.,團隊很高興地宣布專案已成功完成。,toeic_basic,1,Corporate,Communication,"TOEIC,Reading,Part5,Part7",adj./adv.
hard,/ˈhɑɹd/,形容詞：困難的，堅硬的，努力的，嚴格的，費力的。副詞：努力地，費力地，猛烈地，堅固地。,"It's a hard problem to solve, but we need to find a solution.",這是個很難解決的問題，但我們需要找到解決方案。,toeic_basic,1,Technical,ITSupport,"TOEIC,Reading,Part5,Part7",adj./adv.
hate,/ˈheɪt/,強烈厭惡,"I hate to interrupt, but we're running behind schedule.",我很抱歉打斷，但我們已經落後於進度。,toeic_basic,1,Corporate,Communication,"TOEIC,Reading,Part5,Part7",v.
head,/ˈhɛd/,頭部,The head of the department will review the proposal before it's submitted.,部門主管會在提案提交前進行審查。,toeic_basic,1,Technical,ITSupport,"TOEIC,Reading,Part5,Part7",n./v.
hear,/ˈhiɹ/,聽見,Did you hear the news about the new project?,你有聽到關於新專案的消息嗎？,toeic_basic,1,Corporate,Communication,"TOEIC,Reading,Part5,Part7",v.
heart,/ˈhɑɹt/,核心,"The CEO's heart is in the right place, but the strategy needs refinement.",執行長的心意很好，但策略需要進一步完善。,toeic_basic,1,Corporate,Communication,"TOEIC,Reading,Part5,Part7",n.
heat,/ˈhit/,熱度,The production line was shut down because the equipment began to overheat.,因設備開始過熱，生產線被迫停工。,toeic_basic,1,Manufacturing,Production,"TOEIC,Reading,Part5,Part7",n./v.
heavy,/ˈhɛvi/,沉重的,The shipment is too heavy to be handled by one person.,這批貨物太重，一個人無法搬運。,toeic_basic,1,Logistics,Transit,"TOEIC,Reading,Part5,Part7",adj./adv.
held,/ˈhɛɫd/,舉行,The annual sales conference will be held in New York City next month.,我們的年度銷售會議將下個月在紐約市舉行。,toeic_basic,1,Marketing,Sales,"TOEIC,Reading,Part5,Part7",v.
hello,/həˈɫoʊ/,哈囉,"Hello, how are you today?",哈囉，你今天好嗎？,toeic_basic,1,Corporate,Communication,"TOEIC,Reading,Part5,Part7",interjection/n.
help,/ˈhɛɫp/,協助,Could you help me prepare the presentation slides for tomorrow's meeting?,你能幫我準備明天會議的簡報文件嗎？,toeic_basic,1,Corporate,Communication,"TOEIC,Reading,Part5,Part7",v./n.
helps,/ˈhɛɫps/,協助,Our software helps streamline the accounting process.,我們的軟體有助於簡化會計流程。,toeic_basic,1,Finance,Investment,"TOEIC,Reading,Part5,Part7",v.
here,/ˈhiɹ/,這裡,Please sign your name here on the dotted line.,請在這裡的虛線上簽名。,toeic_basic,1,Corporate,Communication,"TOEIC,Reading,Part5,Part7",adv./interjection
hey,/ˈheɪ/,嘿,"Hey, how are you doing today?",嘿，你今天過得怎麼樣？,toeic_basic,1,Corporate,Communication,"TOEIC,Reading,Part5,Part7",interjection
high,/ˈhaɪ/,高的; 高度地; 高點; 高潮; 高的,The company achieved exceptionally high sales figures last quarter.,這家公司上季達成了異常高的銷售額。,toeic_basic,1,Marketing,Sales,"TOEIC,Reading,Part5,Part7",adj./adv.
hired,/ˈhaɪɝd/,雇用,The company hired three new marketing specialists to boost sales.,為了提升銷售業績，公司聘用了三位新的行銷專員。,toeic_basic,1,HumanResources,Compensation,"TOEIC,Reading,Part5,Part7",v.
hobby,/ˈhɑbi/,嗜好,What are your hobbies outside of work?,工作之餘你有哪些嗜好？,toeic_basic,1,Corporate,Communication,"TOEIC,Reading,Part5,Part7",n.
hold,/ˈhoʊɫd/,握住,Please hold the line while I transfer you to the sales department.,請您暫時保持電話線，我會將您轉接至銷售部門。,toeic_basic,1,Marketing,Sales,"TOEIC,Reading,Part5,Part7",v./n.
hole,/ˈhoʊɫ/,孔洞,"The quality control team found a hole in the packaging, which could compromise the product's integrity.",品質控制團隊發現包裝上有一處孔洞，這可能會損害產品的完整性。,toeic_basic,1,Technical,ITSupport,"TOEIC,Reading,Part5,Part7",n./v.
holiday,/ˈhɑɫəˌdeɪ/,休假,The company will be closed for the upcoming holiday season.,公司將在即將到來的假期關閉。,toeic_basic,1,Travel,Transit,"TOEIC,Reading,Part5,Part7",n.
home,/ˈhoʊm/,家,I'm going home after work.,我下班後要回家。,toeic_basic,1,Corporate,DailyWork,"TOEIC,Reading,Part5,Part7",n./adv.
homes,/ˈhoʊmz/,住宅,The marketing team surveyed 500 homes to assess the demand for smart thermostats.,行銷團隊對 500 戶住宅進行調查，以評估智慧恆溫器的需求。,toeic_basic,1,Marketing,Sales,"TOEIC,Reading,Part5,Part7",n.
hope,/ˈhoʊp/,期望,We hope to finalize the contract by the end of this week.,我們希望本週結束前能完成合約。,toeic_basic,1,Legal,Contracts,"TOEIC,Reading,Part5,Part7",n./v.
hopes,/ˈhoʊps/,期望,The company hopes to secure a major contract with the overseas client.,公司期望能與海外客戶簽訂一項重要合約。,toeic_basic,1,Legal,Contracts,"TOEIC,Reading,Part5,Part7",n./v.
hotels,/hoʊˈtɛɫz/,飯店,The company negotiated a discounted rate for lodging at several hotels in the city.,公司協商了在該市多家飯店的住宿折扣。,toeic_basic,1,Marketing,Sales,"TOEIC,Reading,Part5,Part7",n.
hour,/ˈaʊɝ/,小時,The meeting is scheduled to begin in one hour.,會議預計在一小時後開始。,toeic_basic,1,Corporate,DailyWork,"TOEIC,Reading,Part5,Part7",n.
house,/ˈhaʊs/,房子,They are planning to build a new house next year.,他們計畫明年蓋一棟新房子。,toeic_basic,1,Corporate,Facilities,"TOEIC,Reading,Part5,Part7",n./v.
how,/ˈhaʊ/,如何,How do you usually get to work?,你通常怎麼去上班？,toeic_basic,1,Corporate,Communication,"TOEIC,Reading,Part5,Part7",adv./conjunction
huge,/ˈhjudʒ/,巨大的,The company experienced a huge increase in sales after the marketing campaign.,行銷活動後，公司銷售額大幅增加。,toeic_basic,1,Marketing,Advertising,"TOEIC,Reading,Part5,Part7",adj.
human,/ˈhjumən/,指人類，或與人類相關的,The company values its human resources and invests in employee training.,公司重視其人力資源，並投資於員工培訓。,toeic_basic,1,Finance,Investment,"TOEIC,Reading,Part5,Part7",n./adj.
hungry,/ˈhəŋɡɹi/,感到飢餓的,"After the long meeting, I'm absolutely hungry and need a quick lunch.",經過冗長的會議後，我非常飢餓，需要快速吃午餐。,toeic_basic,1,Travel,Dining,"TOEIC,Reading,Part5,Part7",adj.
hurry,/ˈhɝi/,催促,Please hurry with the report; the deadline is approaching.,請加快完成報告，截止日期即將到來。,toeic_basic,1,Technical,ITSupport,"TOEIC,Reading,Part5,Part7",v./adv.
hurt,/ˈhɝt/,造成傷害，疼痛,The company is committed to ensuring the safety of its employees and will not tolerate any actions that could hurt them.,公司致力於確保員工的安全，並且不會容忍任何可能傷害他們的行為。,toeic_basic,1,HumanResources,Compensation,"TOEIC,Reading,Part5,Part7",v./n.
idea,/aɪˈdiə/,想法,Let's brainstorm some new ideas to improve our marketing campaign.,讓我們集思廣益，想出一些新的想法來改善我們的行銷活動。,toeic_basic,1,Marketing,Advertising,"TOEIC,Reading,Part5,Part7",n.
ideas,/aɪˈdiəz/,想法,The brainstorming session generated a lot of innovative ideas for the new product.,腦力激盪會議產生了許多關於新產品的創新想法。,toeic_basic,1,Corporate,DailyWork,"TOEIC,Reading,Part5,Part7",n.
image,/ˈɪmədʒ/,影像，圖像,The marketing team needs high-resolution images for the new product campaign.,行銷團隊需要高解析度的圖片來宣傳新產品。,toeic_basic,1,CorporateGovernance,CorporateStrategy,"TOEIC,Reading,Part5,Part7",n.
inbox,/ˈɪnˌbɑks/,電子郵件收件匣,I need to check my inbox for urgent emails from the project manager.,我需要查看我的收件匣，看看專案經理是否有緊急郵件。,toeic_basic,1,Corporate,DailyWork,"TOEIC,Reading,Part5,Part7",n.
info,/ˈɪnfoʊ/,資訊,Could you please forward me the latest sales info?,您能將最新的銷售資訊轉發給我嗎？,toeic_basic,1,Marketing,Sales,"TOEIC,Reading,Part5,Part7",n.
into,/ˈɪntu/,進入...裡面,She walked into the office early this morning.,她今天早上很早就走進辦公室了。,toeic_basic,1,Corporate,Communication,"TOEIC,Reading,Part5,Part7",preposition
island,/ˈaɪɫənd/,島嶼，通常指被水環繞的陸地。,The company is considering developing a resort on a remote island to attract tourists.,公司正在考慮在一個偏遠的島嶼上開發度假村以吸引遊客。,toeic_basic,1,Travel,Transit,"TOEIC,Reading,Part5,Part7",n.
item,/ˈaɪtəm/,項目,Please review the list of items before finalizing the purchase order.,請在確認購買訂單之前，審閱清單中的所有項目。,toeic_basic,1,Technical,ITSupport,"TOEIC,Reading,Part5,Part7",n.
items,/ˈaɪtəmz/,物品,Please review the list of items to be shipped to our overseas warehouse.,請審閱需要運送到我們海外倉庫的物品清單。,toeic_basic,1,Logistics,Transit,"TOEIC,Reading,Part5,Part7",n.
jeans,/ˈdʒinz/,牛仔褲,The dress code allows employees to wear jeans on Fridays.,著裝規定允許員工在星期五穿牛仔褲。,toeic_basic,1,HumanResources,Compensation,"TOEIC,Reading,Part5,Part7",n.
job,/ˈdʒɑb/,工作,She's looking for a new job in the marketing department.,她在行銷部門尋找新的工作。,toeic_basic,1,Marketing,Sales,"TOEIC,Reading,Part5,Part7",n./v.
jobs,/ˈdʒɑbz/,工作,The company is currently hiring for several entry-level jobs in the marketing department.,公司目前正在市場部招聘幾個初級職位。,toeic_basic,1,Marketing,Sales,"TOEIC,Reading,Part5,Part7",n.
jog,/ˈdʒɑɡ/,輕微地移動,"To maintain productivity, employees are encouraged to take short breaks and jog around the office.",為了保持生產力，員工們被鼓勵在工作間隙短暫地在辦公室裡走動。,toeic_basic,1,Manufacturing,Production,"TOEIC,Reading,Part5,Part7",v.
joke,/ˈdʒoʊk/,笑話,The CEO started the presentation with a lighthearted joke to ease the audience's tension.,為了緩解聽眾的緊張氣氛，執行長以一個輕鬆的笑話開場。,toeic_basic,1,Technical,ITSupport,"TOEIC,Reading,Part5,Part7",n./v.
jump,/ˈdʒəmp/,躍起,The company's profits jumped significantly after the new marketing campaign.,新的行銷活動讓公司的利潤大幅躍升。,toeic_basic,1,Finance,Investment,"TOEIC,Reading,Part5,Part7",v.
just,/ˈdʒəst/,剛才; 僅僅; 正好; 公正的,"I just sent the email, so they should receive it soon.",我剛才發送了那封郵件，所以他們應該很快就會收到。,toeic_basic,1,Technical,ITSupport,"TOEIC,Reading,Part5,Part7",adv./adj.
keep,/ˈkip/,保留,Please keep me updated on the progress of the project.,請將專案進度告知我，並持續更新。,toeic_basic,1,Corporate,DailyWork,"TOEIC,Reading,Part5,Part7",v./n.
keeps,/ˈkips/,持續保有,The company keeps detailed records of all transactions for auditing purposes.,公司為審計目的，保留所有交易的詳細記錄。,toeic_basic,1,Finance,Accounting,"TOEIC,Reading,Part5,Part7",v.
kept,/ˈkæpt/,保留,The company kept detailed records of all transactions for auditing purposes.,公司為了審計目的，保留了所有交易的詳細記錄。,toeic_basic,1,Finance,Accounting,"TOEIC,Reading,Part5,Part7",v.
key,/ˈki/,鑰匙,Could you please provide the key to the storage room?,您能請提供儲藏室的鑰匙嗎？,toeic_basic,1,Corporate,DailyWork,"TOEIC,Reading,Part5,Part7",n./v.
kids,/ˈkɪdz/,兒童,The company offers childcare benefits to attract and retain employees with young kids.,為了吸引和留住有小孩的員工，公司提供托兒福利。,toeic_basic,1,HumanResources,Compensation,"TOEIC,Reading,Part5,Part7",n.
kill,/ˈkɪɫ/,終止，消滅,The company is taking steps to kill off any potential security vulnerabilities.,公司正採取措施消除任何潛在的安全漏洞。,toeic_basic,1,Technical,ITSupport,"TOEIC,Reading,Part5,Part7",v.
kind,/ˈkaɪnd/,友善的,The manager was very kind and helpful in resolving the employee's concerns.,經理非常友善且樂於助人，解決了員工的顧慮。,toeic_basic,1,HumanResources,Compensation,"TOEIC,Reading,Part5,Part7",adj.
kinds,/ˈkaɪndz/,種類,We offer several kinds of software solutions to meet different client needs.,我們提供多種軟體解決方案以滿足不同客戶的需求。,toeic_basic,1,Marketing,Sales,"TOEIC,Reading,Part5,Part7",n.
kitchen,/ˈkɪtʃən/,廚房,The chef requested a new oven for the kitchen to improve efficiency.,主廚要求為廚房安裝新的烤箱以提高效率。,toeic_basic,1,Technical,ITSupport,"TOEIC,Reading,Part5,Part7",n.
knock,/ˈnɑk/,輕敲,Could you knock before entering the conference room?,進入會議室前，可以先敲門嗎？,toeic_basic,1,Corporate,Communication,"TOEIC,Reading,Part5,Part7",v./n.
know,/ˈnoʊ/,知道,I know what you mean.,我知道你的意思。,toeic_basic,1,Corporate,Communication,"TOEIC,Reading,Part5,Part7",v.
knows,/ˈnoʊz/,知道,The manager knows the company's policy on expense reimbursement.,經理了解公司關於費用報銷的政策。,toeic_basic,1,Corporate,Communication,"TOEIC,Reading,Part5,Part7",v.
lab,/ˈɫæb/,實驗室,The IT department needs to send the damaged equipment to the lab for testing.,IT部門需要將損壞的設備送到實驗室進行測試。,toeic_basic,1,Technical,ITSupport,"TOEIC,Reading,Part5,Part7",n.
label,/ˈɫeɪbəɫ/,標籤,The shipping department needs to label each package with the correct destination.,運輸部門需要為每個包裹標示正確的寄達地。,toeic_basic,1,Technical,ITSupport,"TOEIC,Reading,Part5,Part7",n./v.
lack,/ˈɫæk/,缺乏,The company lacks sufficient resources to implement the new project.,公司缺乏足夠的資源來執行新項目。,toeic_basic,1,Corporate,DailyWork,"TOEIC,Reading,Part5,Part7",n./v.
lady,/ˈɫeɪdi/,女士,"Good morning, ladies and gentlemen, and welcome to our annual conference.",女士們、先生們，早上好，歡迎參加我們的年度會議。,toeic_basic,1,Corporate,Communication,"TOEIC,Reading,Part5,Part7",n.
lamp,/ˈɫæmp/,燈,The desk lamp provides sufficient light for reading.,這盞檯燈提供足夠的光線用於閱讀。,toeic_basic,1,Travel,Hospitality,"TOEIC,Reading,Part5,Part7",n.
land,/ˈɫænd/,土地,The company plans to acquire additional land for its new manufacturing plant.,公司計畫購買額外的土地，以建設新製造廠。,toeic_basic,1,Manufacturing,Production,"TOEIC,Reading,Part5,Part7",n./v.
large,/ˈɫɑɹdʒ/,巨大的,The company needs a larger office space to accommodate its growing team.,為了容納不斷增長的團隊，公司需要更大的辦公空間。,toeic_basic,1,Travel,Hospitality,"TOEIC,Reading,Part5,Part7",adj.
last,/ˈɫæs/,維持，持續，存續,The project must last until the end of the fiscal year.,這個專案必須持續到財政年度結束。,toeic_basic,1,Corporate,DailyWork,"TOEIC,Reading,Part5,Part7",adj./adv.
lasts,/ˈɫæsts/,持續，維持,The training program lasts for three days.,這項培訓課程持續三天。,toeic_basic,1,Corporate,DailyWork,"TOEIC,Reading,Part5,Part7",v.
late,/ˈɫeɪt/,遲到,The meeting was postponed due to the CEO's late arrival.,由於執行長遲到，會議被延遲了。,toeic_basic,1,Corporate,DailyWork,"TOEIC,Reading,Part5,Part7",adj./adv.
laugh,/ˈɫæf/,因幽默或喜悅而發出的笑聲,"The team laughed at the humorous presentation, which helped ease the tension.",團隊對幽默的簡報發笑，這有助於緩解緊張氣氛。,toeic_basic,1,Corporate,Communication,"TOEIC,Reading,Part5,Part7",v./n.
law,/ˈɫɑ/,法律,The company must comply with all relevant laws and regulations.,公司必須遵守所有相關的法律和法規。,toeic_basic,1,Legal,Compliance,"TOEIC,Reading,Part5,Part7",n.
laws,/ˈɫɔz/,法律，法規,The company must comply with all relevant labor laws.,公司必須遵守所有相關勞動法律。,toeic_basic,1,Legal,Compliance,"TOEIC,Reading,Part5,Part7",n.
learn,/ˈɫɝn/,學習,Employees are encouraged to learn new software to improve their productivity.,鼓勵員工學習新的軟體以提高生產力。,toeic_basic,1,Manufacturing,Production,"TOEIC,Reading,Part5,Part7",v.
leave,/ˈɫiv/,離開,Please leave a message with the receptionist if Mr. Smith is not available.,如果史密斯先生不在，請在接待處留下訊息。,toeic_basic,1,Technical,ITSupport,"TOEIC,Reading,Part5,Part7",v.
led,/ˈɫɛd/,引導,The project manager led the team to successfully complete the software development.,專案經理帶領團隊成功完成了軟體開發。,toeic_basic,1,Technical,ITSupport,"TOEIC,Reading,Part5,Part7",v./adj.
legal,/ˈɫiɡəɫ/,符合法律規範的,The contract must be reviewed by our legal department to ensure it is legally binding.,必須由我們的法律部門審閱合約，以確保其具有法律約束力。,toeic_basic,1,Legal,Contracts,"TOEIC,Reading,Part5,Part7",adj.
less,/ˈɫɛs/,較少,We need to reduce the budget by 10% to improve profitability.,為了提高盈利能力，我們需要將預算減少 10%。,toeic_basic,1,Finance,Investment,"TOEIC,Reading,Part5,Part7",adv./adj.
level,/ˈɫɛvəɫ/,程度，等級,The employee's performance level needs to be improved through additional training.,需要透過額外的培訓來提升員工的績效水平。,toeic_basic,1,HumanResources,Compensation,"TOEIC,Reading,Part5,Part7",n./adj.
life,/ˈɫaɪf/,生命,The company is committed to improving the quality of life for its employees.,公司致力於提升員工的生活品質。,toeic_basic,1,HumanResources,Compensation,"TOEIC,Reading,Part5,Part7",n.
light,/ˈɫaɪt/,光線,Could you please turn off the lights when you leave the conference room?,請問您離開會議室時，可以關掉燈嗎？,toeic_basic,1,Corporate,DailyWork,"TOEIC,Reading,Part5,Part7",n./v.
like,/ˈɫaɪk/,喜歡,I really like working with this team; everyone is so supportive.,我真的很喜歡和這個團隊合作；每個人都非常支持。,toeic_basic,1,Technical,ITSupport,"TOEIC,Reading,Part5,Part7",v./preposition
liked,/ˈɫaɪkt/,喜歡,The client liked the revised proposal and requested a formal contract.,客戶喜歡修改後的提案，並要求簽訂正式合約。,toeic_basic,1,Legal,Contracts,"TOEIC,Reading,Part5,Part7",v.
likes,/ˈɫaɪks/,喜歡,The manager likes to start meetings promptly at 9:00 AM.,經理喜歡在上午 9:00 準時開始會議。,toeic_basic,1,Corporate,Communication,"TOEIC,Reading,Part5,Part7",v.
line,/ˈɫaɪn/,排隊,There's a long line at the reception desk; please wait your turn.,接待處排隊的人很多，請耐心等待。,toeic_basic,1,Technical,ITSupport,"TOEIC,Reading,Part5,Part7",n./v.
lines,/ˈɫaɪnz/,線條,Please ensure all documents are aligned on the lines for easy readability.,請確保所有文件都對齊線條，以便於閱讀。,toeic_basic,1,Technical,ITSupport,"TOEIC,Reading,Part5,Part7",n./v.
list,/ˈɫɪst/,清單,Could you please provide a list of required documents for the visa application?,您能請提供簽證申請所需的文件的清單嗎？,toeic_basic,1,Corporate,DailyWork,"TOEIC,Reading,Part5,Part7",n./v.
live,/ˈɫaɪv/,居住,The company offers employees the option to live near the office.,公司提供員工在辦公室附近居住的選擇。,toeic_basic,1,HumanResources,Compensation,"TOEIC,Reading,Part5,Part7",v./adj.
lived,/ˈɫaɪvd/,居住,The company's CEO lived in New York for many years before relocating to London.,在搬到倫敦之前，該公司的 CEO 在紐約生活了多年。,toeic_basic,1,Corporate,DailyWork,"TOEIC,Reading,Part5,Part7",v.
lives,/ˈɫaɪvz/,生活,The company offers a generous relocation package to help employees adjust to their new lives.,公司提供豐厚的搬遷福利，以幫助員工適應他們的新生活。,toeic_basic,1,HumanResources,Compensation,"TOEIC,Reading,Part5,Part7",n./v.
lobby,/ˈɫɑbi/,大廳,The receptionist will direct visitors to the appropriate department in the lobby.,接待員會在大廳將訪客引導至相關部門。,toeic_basic,1,Technical,ITSupport,"TOEIC,Reading,Part5,Part7",n.
local,/ˈɫoʊkəɫ/,當地的,The company is committed to sourcing materials from local suppliers.,公司致力於從當地供應商處採購物料。,toeic_basic,1,Technical,ITSupport,"TOEIC,Reading,Part5,Part7",adj./adv.
lock,/ˈɫɑk/,鎖定,Please lock the office door when you leave for the day.,請在下班時鎖好辦公室的門。,toeic_basic,1,Corporate,DailyWork,"TOEIC,Reading,Part5,Part7",n./v.
login,/ˈɫɔˌɡɪn/,登入,Please login to the company portal using your employee ID and password.,請使用您的員工編號和密碼登入公司入口網站。,toeic_basic,1,HumanResources,Compensation,"TOEIC,Reading,Part5,Part7",v.
logo,/ˈɫoʊɡoʊ/,商標，標誌,The company redesigned its logo to appeal to a younger demographic.,該公司重新設計了其商標，以吸引更年輕的消費族群。,toeic_basic,1,Marketing,Sales,"TOEIC,Reading,Part5,Part7",n.
long,/ˈɫɔŋ/,形容詞：長的，長期的，長久的，遠的,"The journey was long and tiring, but the scenery was beautiful.",這趟旅程漫長又累人，但風景很美。,toeic_basic,1,Corporate,GeneralBusiness,"TOEIC,Reading,Part5,Part7",adj./adv.
look,/ˈɫʊk/,看,Please look at the report carefully before the meeting.,請在會議前仔細閱讀這份報告。,toeic_basic,1,Corporate,Communication,"TOEIC,Reading,Part5,Part7",v./n.
looks,/ˈɫʊks/,外觀,The company's financial reports look promising for the upcoming quarter.,根據公司目前的財務報告，下個季度的業績看起來很有希望。,toeic_basic,1,Finance,Investment,"TOEIC,Reading,Part5,Part7",v./n.
lose,/ˈɫuz/,失去,The company lost a significant contract due to poor communication.,由於溝通不良，公司失去了一項重要的合約。,toeic_basic,1,Legal,Contracts,"TOEIC,Reading,Part5,Part7",v.
lost,/ˈɫɔst/,迷失,I'm lost; could you please direct me to the nearest exit?,我迷路了；您能請您指示我到最近的出口嗎？,toeic_basic,1,Technical,ITSupport,"TOEIC,Reading,Part5,Part7",adj./v.
lot,/ˈɫɑt/,大量,We received a lot of positive feedback on the new product launch.,我們在新產品發布後收到了許多正面的回饋。,toeic_basic,1,Technical,ITSupport,"TOEIC,Reading,Part5,Part7",n./adv.
lots,/ˈɫɑts/,大量的,We received lots of positive feedback on the new marketing campaign.,我們收到許多對新行銷活動的正面回饋。,toeic_basic,1,Marketing,Advertising,"TOEIC,Reading,Part5,Part7",adv./n.
loud,/ˈɫaʊd/,聲音大聲的,Please lower the volume; the music is too loud for a conference call.,請降低音量；音樂對視訊會議來說太大了。,toeic_basic,1,Corporate,Communication,"TOEIC,Reading,Part5,Part7",adj./adv.
love,/ˈɫəv/,深切的喜愛，關懷或熱情，在商務情境中可指對產品，服務或工作的熱忱。,The company's passion for innovation drives its success in the competitive market.,公司對創新的熱忱是其在競爭激烈的市場中取得成功的關鍵。,toeic_basic,1,Marketing,Sales,"TOEIC,Reading,Part5,Part7",n./v.
loved,/ˈɫəvd/,深愛,The company is loved by its customers for its exceptional service and innovative products.,這家公司因其卓越的服務和創新產品而深受客戶喜愛。,toeic_basic,1,Technical,ITSupport,"TOEIC,Reading,Part5,Part7",v.
low,/ˈɫoʊ/,低的,The company reported low sales figures for the quarter.,公司公布本季度銷售額偏低。,toeic_basic,1,Marketing,Sales,"TOEIC,Reading,Part5,Part7",adj./adv.
luck,/ˈɫək/,幸運,We were lucky to secure this contract with a major international client.,我們很幸運地與一家主要的國際客戶簽訂了這份合約。,toeic_basic,1,Legal,Contracts,"TOEIC,Reading,Part5,Part7",n.
lucky,/ˈɫəki/,幸運的,"We got lucky with the last-minute deal, securing a significant discount.",我們幸運地在最後一刻談成了交易，獲得了可觀的折扣。,toeic_basic,1,Marketing,Sales,"TOEIC,Reading,Part5,Part7",adj.
luggage,/ˈɫəɡədʒ/,行李,Please ensure your luggage is properly tagged before checking in.,請在辦理登機手續前，確保您的行李已正確標籤。,toeic_basic,1,Travel,Hospitality,"TOEIC,Reading,Part5,Part7",n.
lunches,/ˈɫəntʃɪz/,午餐,The company provides employees with subsidized lunches in the cafeteria.,公司在餐廳為員工提供補貼午餐。,toeic_basic,1,HumanResources,Compensation,"TOEIC,Reading,Part5,Part7",n.
madam,/ˈmædəm/,女士,"Excuse me, madam, could you please direct me to the nearest restroom?",不好意思，女士，請問您能指示我最近的洗手間嗎？,toeic_basic,1,Corporate,Communication,"TOEIC,Reading,Part5,Part7",n.
mail,/ˈmeɪɫ/,郵件,Please mail the contract to the legal department by Friday.,請在週五前將合約郵寄至法律部門。,toeic_basic,1,Legal,Contracts,"TOEIC,Reading,Part5,Part7",n./v.
mails,/ˈmeɪɫz/,郵件,The marketing team needs to send out promotional mails to potential clients.,行銷團隊需要向潛在客戶發送促銷郵件。,toeic_basic,1,HumanResources,Compensation,"TOEIC,Reading,Part5,Part7",n.
main,/ˈmeɪn/,主要,The main objective of this project is to increase sales by 15%.,這個專案的主要目標是將銷售額提高 15%。,toeic_basic,1,Marketing,Sales,"TOEIC,Reading,Part5,Part7",n./adj.
major,/ˈmeɪdʒɝ/,主修，主要科目,She decided to major in marketing to improve her career prospects.,為了提升她的職業發展前景，她決定主修行銷。,toeic_basic,1,Marketing,Sales,"TOEIC,Reading,Part5,Part7",n./adj.
make,/ˈmeɪk/,製造，製作，產生，造成,The company needs to make a significant investment in new technology to stay competitive.,為了保持競爭力，公司需要對新技術進行重大投資。,toeic_basic,1,Manufacturing,Production,"TOEIC,Reading,Part5,Part7",v.
makes,/ˈmeɪks/,製造,This new software makes data analysis much faster and more efficient.,這個新軟體使數據分析變得更快、更有效率。,toeic_basic,1,Manufacturing,Production,"TOEIC,Reading,Part5,Part7",v.
male,/ˈmeɪɫ/,男性,The company aims to increase the number of male employees in leadership positions.,公司旨在提高領導職位中男員工的數量。,toeic_basic,1,HumanResources,Compensation,"TOEIC,Reading,Part5,Part7",adj./n.
mall,/ˈmɔɫ/,大型購物中心，集合多家零售店，餐飲與娛樂設施的商業建築，常用於顧客購物或企業舉辦促銷活動。,The company plans to open a new store in the downtown mall to increase brand visibility.,公司計畫在市中心的購物中心開設新店，以提升品牌能見度。,toeic_basic,1,Marketing,Sales,"TOEIC,Reading,Part5,Part7",n.
many,/ˈmɛni/,許多,Many employees prefer to work remotely at least a few days a week.,許多員工更喜歡每週至少有幾天遠端工作。,toeic_basic,1,HumanResources,Compensation,"TOEIC,Reading,Part5,Part7",determiner/pronoun
march,/ˈmɑɹtʃ/,行進,The company will march forward with new strategies to boost sales.,公司將以新的策略向前邁進以提高銷售額。,toeic_basic,1,Marketing,Sales,"TOEIC,Reading,Part5,Part7",n./v.
mark,/ˈmɑɹk/,標記,The manager needs to mark the documents as 'Urgent' for immediate attention.,經理需要將文件標記為「緊急」以便立即處理。,toeic_basic,1,Corporate,DailyWork,"TOEIC,Reading,Part5,Part7",n./v.
match,/ˈmætʃ/,配對,The HR department is looking for a candidate who matches the job description perfectly.,人力資源部門正在尋找一位完全符合職位描述的候選人。,toeic_basic,1,Corporate,DailyWork,"TOEIC,Reading,Part5,Part7",n./v.
math,/ˈmæθ/,數學,The finance department requires strong math skills for budgeting and forecasting.,財務部門在預算編制和預測方面需要紮實的數學能力。,toeic_basic,1,Finance,Investment,"TOEIC,Reading,Part5,Part7",n.
may,/ˈmeɪ/,可能,"It may rain later, so you should take an umbrella.",晚點可能會下雨，所以你應該帶把傘。,toeic_basic,1,Technical,ITSupport,"TOEIC,Reading,Part5,Part7",modal verb
maybe,/ˈmeɪbi/,或許,"We might be able to ship the order tomorrow, maybe the day after.",我們或許明天可以出貨，可能隔天。,toeic_basic,1,Corporate,Communication,"TOEIC,Reading,Part5,Part7",adv.
mean,/ˈmin/,意圖,What does this figure mean in terms of our quarterly profits?,這個數字就我們的季度利潤而言，意味著什麼？,toeic_basic,1,Finance,Investment,"TOEIC,Reading,Part5,Part7",n./v.
means,/ˈminz/,意指,This figure means a significant increase in profits for the company.,這個數字表示公司利潤大幅增加。,toeic_basic,1,Finance,Investment,"TOEIC,Reading,Part5,Part7",n./v.
meant,/ˈmɛnt/,意圖,The company's policy meant that overtime work was mandatory during the peak season.,公司的政策意味著在銷售旺季期間，加班是強制性的。,toeic_basic,1,Corporate,DailyWork,"TOEIC,Reading,Part5,Part7",v.
media,/ˈmidiə/,媒體,The company released a press release to the media to announce the new product launch.,公司發布新聞稿給媒體，以宣布新產品的發布。,toeic_basic,1,Marketing,Sales,"TOEIC,Reading,Part5,Part7",n.
meet,/ˈmit/,碰面，會面,The CEO will meet with investors next Tuesday to discuss the company's performance.,首席執行官將於下週二與投資人會面，討論公司的業績。,toeic_basic,1,Finance,Investment,"TOEIC,Reading,Part5,Part7",v.
memo,/ˈmɛˌmoʊ/,備忘錄,Please read the memo regarding the upcoming company picnic.,請閱讀關於即將舉辦的公司野餐的備忘錄。,toeic_basic,1,Travel,Hospitality,"TOEIC,Reading,Part5,Part7",n.
men,/ˈmɛn/,男性,The meeting room is reserved for men only.,會議室僅限男性使用。,toeic_basic,1,Travel,Hospitality,"TOEIC,Reading,Part5,Part7",n.
met,/ˈmɛt/,遇到,The project team will meet with the stakeholders next week to discuss the progress.,專案團隊將在下週與利害關係人會面，以討論進度。,toeic_basic,1,CorporateGovernance,CorporateStrategy,"TOEIC,Reading,Part5,Part7",v.
might,/ˈmaɪt/,可能,"It might rain later, so you should take an umbrella.",等一下可能會下雨，所以你應該帶把傘。,toeic_basic,1,Technical,ITSupport,"TOEIC,Reading,Part5,Part7",modal verb/n.
min,/ˈmɪn/,分鐘,The meeting is scheduled for 30 mins.,會議預計 30 分鐘。,toeic_basic,1,Corporate,DailyWork,"TOEIC,Reading,Part5,Part7",n.
mind,/ˈmaɪnd/,心智,Could you please keep an open mind when considering this proposal?,在考慮這個提案時，請保持開放的心態。,toeic_basic,1,Corporate,DailyWork,"TOEIC,Reading,Part5,Part7",n./v.
minds,/ˈmaɪndz/,思緒,The manager needs to consider all points of view before making a decision.,經理在做出決定之前需要考慮所有觀點。,toeic_basic,1,Corporate,DailyWork,"TOEIC,Reading,Part5,Part7",n.
mine,/ˈmaɪn/,我的 ; 礦場，礦坑,This report is mine; I spent all night working on it.,這份報告是我的；我熬夜製作它。,toeic_basic,1,Technical,ITSupport,"TOEIC,Reading,Part5,Part7",pronoun/n.
mini,/ˈmɪni/,小型,The company is launching a mini version of its popular laptop to appeal to students.,該公司正在推出其熱門筆記型電腦的迷你版，以吸引學生。,toeic_basic,1,Technical,ITSupport,"TOEIC,Reading,Part5,Part7",adj./n.
miss,/ˈmɪs/,錯過,"I'm sorry, I missed the deadline for submitting the proposal.",抱歉，我錯過了提交提案的截止日期。,toeic_basic,1,Technical,ITSupport,"TOEIC,Reading,Part5,Part7",v./n.
mix,/ˈmɪks/,混合,The marketing team needs to mix traditional and digital strategies to reach a wider audience.,行銷團隊需要將傳統和數位策略結合，以接觸更廣泛的受眾。,toeic_basic,1,Marketing,Sales,"TOEIC,Reading,Part5,Part7",v./n.
model,/ˈmɑdəɫ/,範本,The marketing team used a model presentation to showcase the new product features.,行銷團隊使用範本簡報來展示新產品的功能。,toeic_basic,1,Marketing,Sales,"TOEIC,Reading,Part5,Part7",n./v.
month,/ˈmənθ/,月,There are twelve months in a year.,一年有十二個月。,toeic_basic,1,Corporate,DailyWork,"TOEIC,Reading,Part5,Part7",n.
mouse,/ˈmaʊs/,電腦滑鼠，一種控制電腦螢幕指標的輸入裝置。,Could you please pass me the mouse so I can adjust the screen resolution?,請把滑鼠傳給我，以便我能調整螢幕解析度。,toeic_basic,1,CorporateGovernance,CorporateStrategy,"TOEIC,Reading,Part5,Part7",n.
mouth,/ˈmaʊθ/,名詞：嘴巴，口腔,"She opened her mouth to speak, but no words came out.",她張開嘴想說話，但沒有發出聲音。,toeic_basic,1,Corporate,Communication,"TOEIC,Reading,Part5,Part7",n./v.
move,/ˈmuv/,移動,The company is planning to move its headquarters to a larger office space.,公司計畫將總部搬遷到更大的辦公空間。,toeic_basic,1,Technical,ITSupport,"TOEIC,Reading,Part5,Part7",v./n.
moves,/ˈmuvz/,移動,The company is making strategic moves to expand its market share.,該公司正採取戰略性行動以擴大其市場份額。,toeic_basic,1,Marketing,Sales,"TOEIC,Reading,Part5,Part7",n./v.
movie,/ˈmuvi/,電影,The marketing team is planning a promotional campaign around the new movie release.,行銷團隊正在規劃一項關於新電影上映的宣傳活動。,toeic_basic,1,HumanResources,Compensation,"TOEIC,Reading,Part5,Part7",n.
much,/ˈmətʃ/,很多,We don't have much experience in this particular market.,我們在這個特定市場沒有太多經驗。,toeic_basic,1,Marketing,Sales,"TOEIC,Reading,Part5,Part7",adv./determiner
museum,/ˈmjuziəm/,博物館,Our company is planning a team-building event at the local science museum.,我們公司正在計劃在當地科學博物館舉辦團隊建設活動。,toeic_basic,1,Travel,Hospitality,"TOEIC,Reading,Part5,Part7",n.
music,/ˈmjuzɪk/,音樂,The marketing team selected upbeat music to create a positive atmosphere in the retail store.,行銷團隊選擇了活潑的音樂，以在零售店裡營造積極的氛圍。,toeic_basic,1,Marketing,Sales,"TOEIC,Reading,Part5,Part7",n.
must,/ˈməst/,必須，一定，務必,All employees must complete the online training by the end of the month.,所有員工必須在月底前完成線上培訓。,toeic_basic,1,HumanResources,Compensation,"TOEIC,Reading,Part5,Part7",modal verb/n.
name,/ˈneɪm/,名字,Please write your name and address on the form.,請在表格上寫下您的姓名和地址。,toeic_basic,1,Technical,ITSupport,"TOEIC,Reading,Part5,Part7",n./v.
near,/ˈnɪɹ/,近的,The new cafe is near my apartment.,那間新咖啡廳在我公寓附近。,toeic_basic,1,Corporate,GeneralBusiness,"TOEIC,Reading,Part5,Part7",adj./adv.
need,/ˈnid/,需要,The project team needs to finalize the budget by the end of the week.,專案團隊需要在本週結束前完成預算最終定案。,toeic_basic,1,Finance,Investment,"TOEIC,Reading,Part5,Part7",v./n.
needs,/ˈnidz/,需求,The company's current needs include a new accounting software and additional staff.,公司目前的需求包括新的會計軟體和額外的員工。,toeic_basic,1,Finance,Investment,"TOEIC,Reading,Part5,Part7",n./v.
never,/ˈnɛvɝ/,從不;絕不;永不,I never thought I would get this opportunity.,我從未想過我會得到這個機會。,toeic_basic,1,Technical,ITSupport,"TOEIC,Reading,Part5,Part7",adv.
new,/ˈnju/,新的,We need to develop new strategies to improve sales.,我們需要制定新策略來提升銷售額。,toeic_basic,1,Marketing,Sales,"TOEIC,Reading,Part5,Part7",adj.
news,/ˈnjuz/,新聞,The company announced the merger in the latest news release.,公司在最新的新聞稿中宣布了合併。,toeic_basic,1,CorporateGovernance,CorporateStrategy,"TOEIC,Reading,Part5,Part7",n.
next,/ˈnɛks/,下一個,Our next meeting is scheduled for Tuesday.,我們下一次會議訂於週二。,toeic_basic,1,Corporate,Communication,"TOEIC,Reading,Part5,Part7",adj./adv.
nice,/ˈnaɪs/,友善的,The staff were very nice and helpful during our business trip.,在我們這次商務旅行中，員工非常友善且樂於助人。,toeic_basic,1,HumanResources,Compensation,"TOEIC,Reading,Part5,Part7",adj.
night,/ˈnaɪt/,夜晚,The stars shine brightly at night.,夜晚星星閃耀。,toeic_basic,1,Corporate,GeneralBusiness,"TOEIC,Reading,Part5,Part7",n./adv.
nine,/ˈnaɪn/,九,The office opens at nine in the morning.,辦公室早上九點開門。,toeic_basic,1,Corporate,DailyWork,"TOEIC,Reading,Part5,Part7",numeral/adj.
noise,/ˈnɔɪz/,噪音,The construction noise outside the office is disrupting our concentration.,辦公室外施工的噪音正在影響我們的專注力。,toeic_basic,1,Corporate,DailyWork,"TOEIC,Reading,Part5,Part7",n.
none,/ˈnən/,沒有,There are no available slots for the training session next week.,下週的培訓課程沒有任何空位。,toeic_basic,1,Corporate,DailyWork,"TOEIC,Reading,Part5,Part7",pronoun/adj.
noon,/ˈnun/,中午,The meeting is scheduled for noon.,會議預計在中午舉行。,toeic_basic,1,Corporate,DailyWork,"TOEIC,Reading,Part5,Part7",n.
note,/ˈnoʊt/,筆記,Please take notes during the meeting and distribute them to the team afterwards.,請在會議中做筆記，會議結束後再發送給團隊成員。,toeic_basic,1,Corporate,DailyWork,"TOEIC,Reading,Part5,Part7",n./v.
notes,/ˈnoʊts/,筆記,Please take notes during the meeting and distribute them to the team afterward.,請在會議中做筆記，會議結束後發送給團隊成員。,toeic_basic,1,Corporate,DailyWork,"TOEIC,Reading,Part5,Part7",n.
now,/ˈnaʊ/,現在,I need to leave now.,我現在必須離開。,toeic_basic,1,Corporate,Communication,"TOEIC,Reading,Part5,Part7",adv./adj.
nurse,/ˈnɝs/,護士,The company is seeking experienced nurses to fill positions in the new hospital wing.,公司正在尋找有經驗的護士來填補新醫院翼的職位。,toeic_basic,1,Technical,ITSupport,"TOEIC,Reading,Part5,Part7",n.
occur,/əˈkɝ/,發生,Unexpected delays often occur during peak shipping seasons.,在高峰運輸季節，經常會發生意料之外的延遲。,toeic_basic,1,Corporate,Operations,"TOEIC,Reading,Part5,Part7",v.
october,/ɑkˈtoʊbɝ/,十月，一年中的第十個月。,The annual sales conference is scheduled for October 15th.,年度銷售會議預計在十月十五日舉行。,toeic_basic,1,Marketing,Sales,"TOEIC,Reading,Part5,Part7",n.
off,/ˈɔf/,離開，脫離,Please turn off the lights when you leave the office.,離開辦公室時請關掉燈。,toeic_basic,1,Corporate,GeneralBusiness,"TOEIC,Reading,Part5,Part7",adv./preposition
often,/ˈɔfən/,頻繁地,The manager often checks the sales reports to monitor performance.,經理經常檢查銷售報告以監控績效。,toeic_basic,1,Marketing,Sales,"TOEIC,Reading,Part5,Part7",adv.
oil,/ˈɔɪɫ/,石油,The company is exploring alternative energy sources to reduce its reliance on oil.,該公司正在探索替代能源，以減少對石油的依賴。,toeic_basic,1,Technical,ITSupport,"TOEIC,Reading,Part5,Part7",n.
okay,/ˌoʊˈkeɪ/,表示同意，接受或滿意。亦可指事情順利，沒問題，或指身體狀況良好。作為動詞時,Is it okay if I leave work early today?,我今天可以早點下班嗎？,toeic_basic,1,Technical,ITSupport,"TOEIC,Reading,Part5,Part7",adj./adv.
old,/ˈoʊɫd/,老的,"My car is very old, so I'm thinking of buying a new one.",我的車很舊了，所以我正考慮買一輛新的。,toeic_basic,1,Corporate,GeneralBusiness,"TOEIC,Reading,Part5,Part7",adj.
once,/ˈwəns/,曾經,The project manager mentioned that the budget might need to be adjusted once the final report is reviewed.,專案經理提到，一旦審閱最終報告，預算可能需要調整。,toeic_basic,1,Finance,Investment,"TOEIC,Reading,Part5,Part7",adv.
one,/ˈwən/,一;一個;單一的;某一;獨一無二的;人稱代詞:一個人;數字「一」;同類人或物中的一個,We need to address this issue as one team.,我們需要以一個團隊的姿態解決這個問題。,toeic_basic,1,Corporate,DailyWork,"TOEIC,Reading,Part5,Part7",number/adj.
ones,/ˈwənz/,指代先前提及的特定人或物,Please review the ones marked in red and send your feedback by Friday.,請檢查標記為紅色的那些項目，並於星期五前回覆您的意見。,toeic_basic,1,Corporate,Communication,"TOEIC,Reading,Part5,Part7",n.
only,/ˈoʊnɫi/,唯一的,She was the only person to arrive on time for the meeting.,她是唯一準時參加會議的人。,toeic_basic,1,Corporate,GeneralBusiness,"TOEIC,Reading,Part5,Part7",adv./adj.
onto,/ˈɑntu/,到...上面,She stepped onto the stage to accept her award.,她踏上舞台領取她的獎項。,toeic_basic,1,Corporate,Communication,"TOEIC,Reading,Part5,Part7",preposition
open,/ˈoʊpən/,開啟,The manager decided to open the new branch office downtown.,經理決定在市中心開設新的分公司。,toeic_basic,1,Corporate,DailyWork,"TOEIC,Reading,Part5,Part7",v./adj.
opens,/ˈoʊpənz/,開啟,The conference room opens at 7:30 AM for early arrivals.,會議室在早上 7:30 開放，方便提早抵達的人。,toeic_basic,1,Corporate,DailyWork,"TOEIC,Reading,Part5,Part7",v.
ordered,/ˈɔɹdɝd/,點餐,The manager ordered a large quantity of office supplies for the new project.,經理為新項目點購了大量辦公用品。,toeic_basic,1,Technical,ITSupport,"TOEIC,Reading,Part5,Part7",v.
other,/ˈəðɝ/,其他的; 另外的; 別的,Do you have any other questions or concerns?,你還有其他問題或疑慮嗎？,toeic_basic,1,Corporate,DailyWork,"TOEIC,Reading,Part5,Part7",adj./pronoun
out,/ˈaʊt/,在外面,She stepped out of the meeting room to take a call.,她走出會議室接電話。,toeic_basic,1,Corporate,DailyWork,"TOEIC,Reading,Part5,Part7",adv./preposition
outdoor,/ˈaʊtˌdɔɹ/,戶外,The company is planning an outdoor team-building event to boost morale.,公司正在規劃一場戶外團隊建設活動以提升士氣。,toeic_basic,1,Travel,Hospitality,"TOEIC,Reading,Part5,Part7",adj./adv.
outside,/ˈaʊtˈsaɪd/,在...之外,The meeting will be held outside the main conference room.,會議將在主會議室外舉行。,toeic_basic,1,Travel,Transit,"TOEIC,Reading,Part5,Part7",preposition/adv.
over,/ˈoʊvɝ/,在…上方,The project manager will go over the new proposal during the meeting.,專案經理將在會議中檢視新的提案。,toeic_basic,1,Corporate,DailyWork,"TOEIC,Reading,Part5,Part7",preposition/adv.
own,/ˈoʊn/,自己的,She wants to start her own business.,她想開自己的公司。,toeic_basic,1,Corporate,GeneralBusiness,"TOEIC,Reading,Part5,Part7",adj./v.
owner,/ˈoʊnɝ/,所有權人,The owner of the company is responsible for its overall performance.,公司的老闆對其整體績效負責任。,toeic_basic,1,Technical,ITSupport,"TOEIC,Reading,Part5,Part7",n.
page,/ˈpeɪdʒ/,頁面,Please turn to page 5 of the report to review the financial projections.,請翻閱報告的第 5 頁，以審查財務預測。,toeic_basic,1,Finance,Investment,"TOEIC,Reading,Part5,Part7",n.
pages,/ˈpeɪdʒəz/,頁面,The report is 25 pages long and needs to be printed.,這份報告有 25 頁，需要列印。,toeic_basic,1,Corporate,DailyWork,"TOEIC,Reading,Part5,Part7",n.
pain,/ˈpeɪn/,痛苦，疼痛,The company offers comprehensive health insurance to cover employees' medical pains.,公司提供全面的健康保險，以涵蓋員工的醫療費用和疼痛。,toeic_basic,1,HumanResources,Compensation,"TOEIC,Reading,Part5,Part7",n./v.
paint,/ˈpeɪnt/,塗漆,The company is planning to paint the office building to improve its image.,公司計劃為改善形象而重新粉刷辦公大樓。,toeic_basic,1,Travel,Hospitality,"TOEIC,Reading,Part5,Part7",n./v.
pair,/ˈpɛɹ/,一對,Could you please provide a pair of gloves for handling these delicate components?,您能請提供一副手套來處理這些精密的零件嗎？,toeic_basic,1,Manufacturing,Production,"TOEIC,Reading,Part5,Part7",n.
pairs,/ˈpɛɹz/,成對的,The company is looking for pairs of employees to participate in the cross-training program.,公司正在尋找成對的員工參與跨訓練計畫。,toeic_basic,1,HumanResources,Compensation,"TOEIC,Reading,Part5,Part7",n./adj.
pants,/ˈpænts/,褲子,She bought a new pair of pants for the business trip.,她為這次出差買了一條新褲子。,toeic_basic,1,Travel,Hospitality,"TOEIC,Reading,Part5,Part7",n.
paper,/ˈpeɪpɝ/,文件，紙張,Please submit your expense reports and supporting papers by the end of the week.,請在週末前提交您的費用報告和相關文件。,toeic_basic,1,Technical,ITSupport,"TOEIC,Reading,Part5,Part7",n.
park,/ˈpɑɹk/,停車場,Employees are required to park their vehicles in the designated parking area.,員工必須將車輛停放在指定的停車區域。,toeic_basic,1,HumanResources,Compensation,"TOEIC,Reading,Part5,Part7",n./v.
parking,/ˈpɑɹkɪŋ/,停車場,The hotel offers complimentary parking for all guests.,飯店為所有住客提供免費停車服務。,toeic_basic,1,Travel,Hospitality,"TOEIC,Reading,Part5,Part7",n./v.
parks,/ˈpɑɹks/,公園,The company is considering purchasing land to develop new parks for employees and their families.,公司正在考慮購買土地，為員工及其家人開發新的公園。,toeic_basic,1,HumanResources,Compensation,"TOEIC,Reading,Part5,Part7",n.
part,/ˈpɑɹt/,部分,Each team member needs to do their part to ensure the project's success.,每位團隊成員都需要盡自己的本分來確保專案成功。,toeic_basic,1,Corporate,GeneralBusiness,"TOEIC,Reading,Part5,Part7",n./v.
party,/ˈpɑɹti/,聚會,The company is hosting a holiday party for its employees next week.,公司下週將為員工舉辦一場節日派對。,toeic_basic,1,HumanResources,Compensation,"TOEIC,Reading,Part5,Part7",n./v.
pass,/ˈpæs/,通過,Did you pass the certification exam?,你通過了認證考試嗎？,toeic_basic,1,Corporate,DailyWork,"TOEIC,Reading,Part5,Part7",v./n.
past,/ˈpæst/,過去的,The company's past performance is a key factor in securing the loan.,公司的過往績效是獲得貸款的關鍵因素。,toeic_basic,1,Manufacturing,Production,"TOEIC,Reading,Part5,Part7",adj./n.
pause,/ˈpɔz/,暫停,Could you please pause the presentation for a moment while I check the data?,請問您能暫停簡報一會兒，讓我檢查一下資料嗎？,toeic_basic,1,Corporate,DailyWork,"TOEIC,Reading,Part5,Part7",v./n.
pen,/ˈpɛn/,筆,Could you please lend me a pen to sign this form?,你介意借我一支筆簽這份表格嗎？,toeic_basic,1,Corporate,DailyWork,"TOEIC,Reading,Part5,Part7",n./v.
per,/ˈpɝ/,每,The report needs to be updated per the latest market trends.,報告需要根據最新的市場趨勢進行更新。,toeic_basic,1,Marketing,Sales,"TOEIC,Reading,Part5,Part7",preposition/adv.
pets,/ˈpɛts/,寵物,The company's pet-friendly policy attracts a wider range of employees.,公司友善寵物的政策吸引了更廣泛的員工。,toeic_basic,1,HumanResources,Compensation,"TOEIC,Reading,Part5,Part7",n.
phone,/ˈfoʊn/,電話,Could you please phone the supplier to confirm the delivery date?,您能撥電話給供應商確認交貨日期嗎？,toeic_basic,1,Logistics,Transit,"TOEIC,Reading,Part5,Part7",n./v.
photo,/ˈfoʊˌtoʊ/,照片,Please submit a high-resolution photo of your passport for verification purposes.,請提交您的護照高解析度照片以供驗證。,toeic_basic,1,CorporateGovernance,CorporateStrategy,"TOEIC,Reading,Part5,Part7",n.
pick,/ˈpɪk/,揀選,The quality control team needs to pick out any defective products before shipment.,品質控制團隊需要在出貨前挑選出任何有缺陷的產品。,toeic_basic,1,Manufacturing,QualityControl,"TOEIC,Reading,Part5,Part7",v./n.
piece,/ˈpis/,指單獨的一件物品，部件或一段資訊，在商務情境中常用於描述產品單位或資訊片段。,We need to order 500 pieces of the new model before the end of the month.,我們需要在本月底前訂購 500 件新款產品。,toeic_basic,1,Corporate,Logistics,"TOEIC,Reading,Part5,Part7",n./v.
place,/ˈpɫeɪs/,地點,The meeting will be held in the conference room on the third floor.,會議將在三樓的會議室舉行。,toeic_basic,1,Corporate,DailyWork,"TOEIC,Reading,Part5,Part7",n./v.
plan,/ˈpɫæn/,計畫,The marketing team is developing a comprehensive plan to launch the new product.,行銷團隊正在制定一份全面的計畫，以推出新產品。,toeic_basic,1,Marketing,Sales,"TOEIC,Reading,Part5,Part7",n./v.
plans,/ˈpɫænz/,計畫,The marketing team is finalizing their plans for the upcoming product launch.,行銷團隊正在 finalizing 他們即將推出的產品發布計畫。,toeic_basic,1,Marketing,Sales,"TOEIC,Reading,Part5,Part7",n./v.
plant,/ˈpɫænt/,工廠,The company is investing in a new plant to increase production capacity.,該公司正在投資一座新工廠以提高生產能力。,toeic_basic,1,Manufacturing,Production,"TOEIC,Reading,Part5,Part7",n./v.
play,/ˈpɫeɪ/,玩耍,The team needs to play their best to win the championship.,團隊需要發揮最佳水準才能贏得冠軍。,toeic_basic,1,Corporate,GeneralBusiness,"TOEIC,Reading,Part5,Part7",v./n.
plays,/ˈpɫeɪz/,演出,The company plans to play a leading role in the upcoming industry conference.,該公司計劃在即將到來的行業會議中扮演主導角色。,toeic_basic,1,Travel,Hospitality,"TOEIC,Reading,Part5,Part7",v.
plus,/ˈpɫəs/,加上,"The total cost, plus shipping and handling, is $150.",總成本，加上運費和手續費，是 150 美元。,toeic_basic,1,Corporate,DailyWork,"TOEIC,Reading,Part5,Part7",adv./preposition
point,/ˈpɔɪnt/,重點,Let's get straight to the point of the meeting and discuss the budget cuts.,讓我們直接切入會議的重點，討論預算削減。,toeic_basic,1,Finance,Investment,"TOEIC,Reading,Part5,Part7",n./v.
post,/ˈpoʊst/,張貼,The company will post the job opening on its website and LinkedIn.,公司將在網站和 LinkedIn 上張貼職位空缺。,toeic_basic,1,Travel,Hospitality,"TOEIC,Reading,Part5,Part7",v./n.
pound,/ˈpaʊnd/,磅 ; 英鎊 ; 猛擊; 重擊; 心臟跳動,The package weighs approximately five pounds.,這個包裹大約重五磅。,toeic_basic,1,Corporate,GeneralBusiness,"TOEIC,Reading,Part5,Part7",n./v.
power,/ˈpaʊɝ/,力量,The company's power supply was disrupted due to the storm.,由於風暴，該公司的電力供應中斷了。,toeic_basic,1,Corporate,Operations,"TOEIC,Reading,Part5,Part7",n./v.
press,/ˈpɹɛs/,施加壓力,The manager asked the team to press forward with the project despite the tight deadline.,儘管時間緊迫，經理要求團隊繼續推進專案。,toeic_basic,1,Technical,ITSupport,"TOEIC,Reading,Part5,Part7",n./v.
price,/ˈpɹaɪs/,價格,The supplier quoted a competitive price for the raw materials.,供應商為原材料報出了有競爭力的價格。,toeic_basic,1,Technical,ITSupport,"TOEIC,Reading,Part5,Part7",n.
print,/ˈpɹɪnt/,列印,Could you please print out three copies of the contract for the meeting?,請幫忙列印三份合約副本，以便會議討論。,toeic_basic,1,Legal,Contracts,"TOEIC,Reading,Part5,Part7",v./n.
prior,/ˈpɹaɪɝ/,先前的,Please review the prior agreement before signing the new contract.,請在簽署新合約之前，先審閱之前的協議。,toeic_basic,1,Legal,Contracts,"TOEIC,Reading,Part5,Part7",adj./adv.
proof,/ˈpɹuf/,證據,The contract requires solid proof of insurance coverage before it can be signed.,簽訂合約前，需要提供足夠的保險覆蓋證明。,toeic_basic,1,Legal,Contracts,"TOEIC,Reading,Part5,Part7",n.
prove,/ˈpɹuv/,證明,The company needs to prove its commitment to sustainability to attract investors.,公司需要證明其對可持續發展的承諾，以吸引投資者。,toeic_basic,1,Finance,Investment,"TOEIC,Reading,Part5,Part7",v.
pull,/ˈpʊɫ/,拉,The logistics team needs to pull the shipment forward to meet the delivery deadline.,物流團隊需要將貨物提前拉到前線，以滿足交貨期限。,toeic_basic,1,Logistics,Transit,"TOEIC,Reading,Part5,Part7",v./n.
push,/ˈpʊʃ/,推動,Please push the button to activate the elevator.,請按下按鈕以啟動電梯。,toeic_basic,1,Corporate,DailyWork,"TOEIC,Reading,Part5,Part7",v./n.
quick,/ˈkwɪk/,快的;迅速的;立即的;機敏的,We need a quick decision on this proposal to meet the deadline.,我們需要對這項提案做出快速決定，才能趕上截止日期。,toeic_basic,1,Corporate,DailyWork,"TOEIC,Reading,Part5,Part7",adj./adv.
quiet,/ˈkwaɪət/,安靜的,Please keep the volume down; we need a quiet environment to concentrate on our work.,請降低音量；我們需要一個安靜的環境來專注於工作。,toeic_basic,1,Corporate,DailyWork,"TOEIC,Reading,Part5,Part7",adj./adv.
quit,/ˈkwɪt/,辭職,John decided to quit his position as sales manager after receiving a better offer.,約翰在收到更好的工作機會後，決定辭去銷售經理的職位。,toeic_basic,1,Marketing,Sales,"TOEIC,Reading,Part5,Part7",v.
quite,/ˈkwaɪt/,相當,"The project is quite challenging, but we're confident we can deliver on time.",這個專案相當具有挑戰性，但我們有信心能夠按時交付。,toeic_basic,1,Logistics,Transit,"TOEIC,Reading,Part5,Part7",adv./adj.
race,/ˈɹeɪs/,競賽,The company is in a fierce race to secure market share.,該公司正處於激烈的市場競爭中。,toeic_basic,1,Marketing,Sales,"TOEIC,Reading,Part5,Part7",n./v.
radio,/ˈɹeɪdiˌoʊ/,無線電,Our marketing team uses radio advertising to reach a wider audience.,我們的行銷團隊使用廣播廣告來接觸更廣泛的受眾。,toeic_basic,1,Marketing,Sales,"TOEIC,Reading,Part5,Part7",n.
rain,/ˈɹeɪn/,降雨,The meeting has been postponed due to heavy rain.,由於大雨，會議已延遲。,toeic_basic,1,Corporate,DailyWork,"TOEIC,Reading,Part5,Part7",n./v.
raise,/ˈɹeɪz/,提升,The company decided to raise salaries by 5% to retain top talent.,為了留住優秀人才，公司決定將薪資提高 5%。,toeic_basic,1,HumanResources,Compensation,"TOEIC,Reading,Part5,Part7",v.
range,/ˈɹeɪndʒ/,範圍,"The salary range for this position is between $50,000 and $70,000 annually.",這個職位的薪資範圍是每年 5 萬到 7 萬美元。,toeic_basic,1,HumanResources,Compensation,"TOEIC,Reading,Part5,Part7",n./v.
reach,/ˈɹitʃ/,達成，接觸到，伸及,The company aims to reach a sales target of $1 million this quarter.,本公司本季目標達成 100 萬美元的銷售額。,toeic_basic,1,Marketing,Sales,"TOEIC,Reading,Part5,Part7",v./n.
read,/ˈɹɛd/,閱讀,Please read the terms and conditions carefully before proceeding.,在繼續之前，請仔細閱讀條款和條件。,toeic_basic,1,Travel,Hospitality,"TOEIC,Reading,Part5,Part7",v./n.
ready,/ˈɹɛdi/,準備就緒,The presentation slides are ready for review by the marketing team.,簡報簡報已準備好，由行銷團隊審閱。,toeic_basic,1,Marketing,Sales,"TOEIC,Reading,Part5,Part7",adj./adv.
real,/ˈɹiɫ/,真實的,The project manager needs to assess the real impact of the budget cuts.,專案經理需要評估預算削減的真實影響。,toeic_basic,1,Finance,Investment,"TOEIC,Reading,Part5,Part7",adj./adv.
refer,/ɹəˈfɝ/,指引,Please refer to the attached document for more details about the project.,請參考附件文件以獲得更多關於專案的詳細資訊。,toeic_basic,1,Corporate,Communication,"TOEIC,Reading,Part5,Part7",v.
relax,/ɹiˈɫæks/,放鬆,"After a stressful meeting, I like to relax with a cup of coffee.",在壓力很大的會議結束後，我喜歡喝杯咖啡放鬆一下。,toeic_basic,1,Technical,ITSupport,"TOEIC,Reading,Part5,Part7",v./adj.
renew,/ɹɪˈnu/,更新,The company needs to renew its software license before the expiration date.,公司需要在到期日之前更新其軟體授權。,toeic_basic,1,Technical,ITSupport,"TOEIC,Reading,Part5,Part7",v.
rented,/ˈɹɛntɪd/,租賃,The company rented a spacious office downtown to accommodate the growing team.,為了容納日益壯大的團隊，公司租賃了一間市中心寬敞的辦公室。,toeic_basic,1,Travel,Hospitality,"TOEIC,Reading,Part5,Part7",v.
reply,/ɹiˈpɫaɪ/,回覆,The manager requested a prompt reply to the email regarding the contract.,經理要求迅速回覆關於合約的電子郵件。,toeic_basic,1,Legal,Contracts,"TOEIC,Reading,Part5,Part7",n./v.
reserve,/ɹiˈzɝv/,預訂,I'd like to reserve a table for four at the restaurant tonight.,我今晚想在餐廳預訂一張四人桌。,toeic_basic,1,Travel,Hospitality,"TOEIC,Reading,Part5,Part7",v./n.
rest,/ˈɹɛst/,休息,The manager encouraged employees to take short breaks throughout the day to improve productivity.,經理鼓勵員工在一天中適時休息，以提高工作效率。,toeic_basic,1,Manufacturing,Production,"TOEIC,Reading,Part5,Part7",n./v.
riding,/ˈɹaɪdɪŋ/,騎乘,The company offers employees a subsidy for riding bicycles to work.,公司為鼓勵員工騎自行車上班提供補助。,toeic_basic,1,HumanResources,Compensation,"TOEIC,Reading,Part5,Part7",v./n.
right,/ˈɹaɪt/,正確,Please double-check the figures to ensure they are right.,請仔細核對數字，以確保它們是正確的。,toeic_basic,1,Corporate,DailyWork,"TOEIC,Reading,Part5,Part7",adj./adv.
ring,/ˈɹɪŋ/,電話鈴聲,The phone rang three times before I could answer it.,我還沒來得及接聽，電話就響了三聲。,toeic_basic,1,Technical,ITSupport,"TOEIC,Reading,Part5,Part7",n./v.
risk,/ˈɹɪsk/,風險,The company is assessing the risks associated with entering the new market.,公司正在評估進入新市場所涉及的風險。,toeic_basic,1,Marketing,Sales,"TOEIC,Reading,Part5,Part7",n./v.
risks,/ˈɹɪsks/,風險,The company conducted a thorough risk assessment before launching the new product.,公司在新產品上市前進行了全面的風險評估。,toeic_basic,1,Corporate,Operations,"TOEIC,Reading,Part5,Part7",n.
river,/ˈɹɪvɝ/,河流,The river flows to the sea.,這條河流入大海。,toeic_basic,1,Corporate,GeneralBusiness,"TOEIC,Reading,Part5,Part7",n.
role,/ˈɹoʊɫ/,角色,Each team member has a specific role to play in the project.,每個團隊成員在專案中都有特定的角色。,toeic_basic,1,Manufacturing,Production,"TOEIC,Reading,Part5,Part7",n./v.
roof,/ˈɹuf/,屋頂,The construction company is responsible for repairing the damaged roof after the storm.,暴風雨過後，建築公司負責維修受損的屋頂。,toeic_basic,1,Corporate,Facilities,"TOEIC,Reading,Part5,Part7",n.
room,/ˈɹum/,房間,The conference room is equipped with a projector and a large screen.,會議室配備了投影機和一個大螢幕。,toeic_basic,1,Technical,ITSupport,"TOEIC,Reading,Part5,Part7",n./v.
rooms,/ˈɹumz/,房間,The meeting will be held in the conference rooms on the third floor.,會議將在三樓的會議室舉行。,toeic_basic,1,Corporate,DailyWork,"TOEIC,Reading,Part5,Part7",n.
rose,/ˈɹoʊz/,玫瑰，美好，成功，提升,"The company's profits have risen sharply this quarter, thanks to the successful marketing campaign.",由於成功的行銷活動，本季公司的利潤大幅上升。,toeic_basic,1,Finance,Investment,"TOEIC,Reading,Part5,Part7",n./v.
round,/ˈɹaʊnd/,圓形,"The table was round, facilitating easy conversation among all attendees.",那張桌子是圓形的，方便所有與會者輕鬆交流。,toeic_basic,1,Technical,ITSupport,"TOEIC,Reading,Part5,Part7",n./adj.
row,/ˈɹoʊ/,一排,Please arrange the documents in a neat row on your desk.,請將文件整齊地排放在你的桌面上。,toeic_basic,1,Corporate,DailyWork,"TOEIC,Reading,Part5,Part7",n./v.
rule,/ˈɹuɫ/,規定,All employees must follow company rules regarding internet usage.,所有員工都必須遵守關於網路使用的公司規定。,toeic_basic,1,HumanResources,Compensation,"TOEIC,Reading,Part5,Part7",n./v.
ruler,/ˈɹuɫɝ/,量尺,The architect used a ruler to precisely measure the dimensions of the blueprint.,建築師使用尺子精確地測量了藍圖的尺寸。,toeic_basic,1,Manufacturing,Production,"TOEIC,Reading,Part5,Part7",n.
rules,/ˈɹuɫz/,規則,All employees must follow the company's safety rules when operating machinery.,所有員工在操作機械時必須遵守公司的安全規則。,toeic_basic,1,Manufacturing,Production,"TOEIC,Reading,Part5,Part7",n./v.
runs,/ˈɹənz/,執行,The company runs a successful online marketing campaign.,該公司經營一項成功的線上行銷活動。,toeic_basic,1,Marketing,Advertising,"TOEIC,Reading,Part5,Part7",v.
rush,/ˈɹəʃ/,匆忙,We need to rush this project to meet the deadline.,我們需要加速這個專案以趕上截止日期。,toeic_basic,1,Corporate,DailyWork,"TOEIC,Reading,Part5,Part7",v./n.
safe,/ˈseɪf/,安全的,The company prioritizes creating a safe working environment for all employees.,公司優先確保所有員工的安全工作環境。,toeic_basic,1,HumanResources,Compensation,"TOEIC,Reading,Part5,Part7",adj.
safer,/ˈseɪfɝ/,更安全,The company is investing in new security systems to make the workplace safer.,公司正在投資新的安全系統，以使工作場所更安全。,toeic_basic,1,Finance,Investment,"TOEIC,Reading,Part5,Part7",adj.
sale,/ˈseɪɫ/,銷售,The company announced a year-end sale to clear out excess inventory.,公司宣布年末特賣，以清理過剩庫存。,toeic_basic,1,Logistics,SupplyChain,"TOEIC,Reading,Part5,Part7",n./v.
sales,/ˈseɪɫz/,銷售額,The company reported a significant increase in sales this quarter.,本公司本季報告銷售額顯著增加。,toeic_basic,1,Marketing,Sales,"TOEIC,Reading,Part5,Part7",n./v.
same,/ˈseɪm/,相同的,We are working on the same project.,我們正在進行同一個專案。,toeic_basic,1,Corporate,GeneralBusiness,"TOEIC,Reading,Part5,Part7",adj./pronoun
sand,/ˈsænd/,沙子,The children built castles in the sand.,孩子們在沙灘上堆城堡。,toeic_basic,1,Corporate,GeneralBusiness,"TOEIC,Reading,Part5,Part7",n./v.
saved,/ˈseɪvd/,儲存，備份,Please save the presentation file to the shared drive for easy access.,請將簡報檔案儲存到共享雲端硬碟，方便存取。,toeic_basic,1,Corporate,DailyWork,"TOEIC,Reading,Part5,Part7",v.
saw,/ˈsɔ/,看見,The manager saw a significant increase in sales after the marketing campaign.,行銷活動後，經理觀察到銷售額大幅增加。,toeic_basic,1,Marketing,Advertising,"TOEIC,Reading,Part5,Part7",v.
say,/ˈseɪ/,說,She didn't say anything about the meeting yesterday.,她昨天沒有說任何關於會議的事。,toeic_basic,1,Corporate,Communication,"TOEIC,Reading,Part5,Part7",v./n.
says,/ˈsɛz/,表示說話或聲稱,The report says that sales have increased by 15% this quarter.,報告指出，本季銷售額已增加 15%。,toeic_basic,1,Marketing,Sales,"TOEIC,Reading,Part5,Part7",v.
scan,/ˈskæn/,掃描,Please scan the document and send it to the accounting department.,請掃描文件並發送至會計部門。,toeic_basic,1,Finance,Investment,"TOEIC,Reading,Part5,Part7",v./n.
scarf,/ˈskɑɹf/,圍巾,She wore a warm wool scarf to protect herself from the cold.,她戴了一條溫暖的羊毛圍巾來禦寒。,toeic_basic,1,Corporate,GeneralBusiness,"TOEIC,Reading,Part5,Part7",n.
score,/ˈskɔɹ/,分數,The company aims to achieve a high score on the customer satisfaction survey.,公司旨在客戶滿意度調查中獲得高分。,toeic_basic,1,Corporate,DailyWork,"TOEIC,Reading,Part5,Part7",n./v.
see,/ˈsi/,用眼睛感知事物,Did you see the email I sent regarding the project deadline?,你有看到我發送的關於專案截止日期的郵件嗎？,toeic_basic,1,Travel,Hospitality,"TOEIC,Reading,Part5,Part7",v.
seem,/ˈsim/,似乎,It seems that the project will be completed on time.,這個專案似乎會準時完成。,toeic_basic,1,Technical,ITSupport,"TOEIC,Reading,Part5,Part7",v.
seems,/ˈsimz/,似乎，顯得，看來,It seems there's been a slight delay in the shipment.,看來貨運有一點延遲。,toeic_basic,1,Logistics,Transit,"TOEIC,Reading,Part5,Part7",v.
sees,/ˈsiz/,看見,The security guard sees a suspicious individual loitering near the entrance.,保全人員看到一個可疑人士在入口處徘徊。,toeic_basic,1,Technical,ITSupport,"TOEIC,Reading,Part5,Part7",v.
self,/ˈsɛɫf/,自身,The employee needs to take responsibility for his own mistakes and learn from them.,這位員工需要為自己的錯誤負責，並從中學習。,toeic_basic,1,HumanResources,Compensation,"TOEIC,Reading,Part5,Part7",n./pronoun
sell,/ˈsɛɫ/,銷售,"The company aims to sell over 10,000 units of the new product this quarter.","本公司計劃在本季銷售超過 10,000 個新產品。",toeic_basic,1,Marketing,Sales,"TOEIC,Reading,Part5,Part7",v.
sells,/ˈsɛɫz/,銷售,The company sells a wide range of electronic devices online.,該公司在網路上銷售各種電子設備。,toeic_basic,1,Marketing,Sales,"TOEIC,Reading,Part5,Part7",v.
send,/ˈsɛnd/,傳送,Please send the contract to our legal department for review.,請將合約傳送給我們的法律部門審閱。,toeic_basic,1,Legal,Contracts,"TOEIC,Reading,Part5,Part7",v.
sends,/ˈsɛndz/,傳送,Please send the contract to our legal department for review.,請將合約傳送給我們的法律部門進行審閱。,toeic_basic,1,Legal,Contracts,"TOEIC,Reading,Part5,Part7",v.
sent,/ˈsɛnt/,寄送,Please send the contract to our legal department for review.,請將合約寄送至我們的法律部門進行審閱。,toeic_basic,1,Legal,Contracts,"TOEIC,Reading,Part5,Part7",v.
serve,/ˈsɝv/,提供服務或商品以滿足客戶需求,"Our company serves over 10,000 customers worldwide.",我們公司在全球服務超過一萬名客戶。,toeic_basic,1,Marketing,Sales,"TOEIC,Reading,Part5,Part7",v.
served,/ˈsɝvd/,供應,The restaurant served a delicious three-course meal to the VIP clients.,餐廳為 VIP 客戶供應了一頓美味的三道菜套餐。,toeic_basic,1,Marketing,Sales,"TOEIC,Reading,Part5,Part7",v.
serves,/ˈsɝvz/,供應,The restaurant serves a variety of international cuisines.,這家餐廳供應多種國際美食。,toeic_basic,1,Travel,Hospitality,"TOEIC,Reading,Part5,Part7",v.
set,/ˈsɛt/,設置,The meeting is set for 3:00 PM in the conference room.,會議已安排在下午三點在會議室舉行。,toeic_basic,1,Corporate,DailyWork,"TOEIC,Reading,Part5,Part7",n./v.
seven,/ˈsɛvən/,七,There are seven days in a week.,一週有七天。,toeic_basic,1,Corporate,GeneralBusiness,"TOEIC,Reading,Part5,Part7",numeral/n.
sex,/ˈsɛks/,名詞：生理性別,"The form asked for the applicant's name, age, and sex.",表格要求填寫申請人的姓名、年齡和性別。,toeic_basic,1,Corporate,GeneralBusiness,"TOEIC,Reading,Part5,Part7",n./v.
shake,/ˈʃeɪk/,搖動,He shook hands with the CEO to finalize the deal.,他與執行長擊掌以完成交易。,toeic_basic,1,Technical,ITSupport,"TOEIC,Reading,Part5,Part7",v./n.
shampoo,/ʃæmˈpu/,洗髮精,The hotel provides complimentary shampoo and conditioner for all guests.,飯店為所有住客提供免費洗髮精和護髮素。,toeic_basic,1,Travel,Hospitality,"TOEIC,Reading,Part5,Part7",n.
shape,/ˈʃeɪp/,外形,The design team is working to refine the shape of the new product packaging.,設計團隊正在努力完善新產品包裝的外形。,toeic_basic,1,Corporate,DailyWork,"TOEIC,Reading,Part5,Part7",n./v.
share,/ˈʃɛɹ/,分享,Please share your presentation slides with the team after the meeting.,會議結束後，請與團隊分享您的簡報文件。,toeic_basic,1,Technical,ITSupport,"TOEIC,Reading,Part5,Part7",v./n.
sheet,/ˈʃit/,紙張,Please submit your expense sheet by the end of the week.,請在週末前提交您的費用報表。,toeic_basic,1,Technical,ITSupport,"TOEIC,Reading,Part5,Part7",n.
shelf,/ˈʃɛɫf/,層板,The office manager asked the intern to restock the shelves with stationery.,辦公室經理請實習生將文具補充到架子上。,toeic_basic,1,Technical,ITSupport,"TOEIC,Reading,Part5,Part7",n.
shift,/ˈʃɪft/,變動,The company implemented a new shift system to improve productivity.,公司實施了新的輪班制度以提高生產力。,toeic_basic,1,Manufacturing,Production,"TOEIC,Reading,Part5,Part7",n./v.
shine,/ˈʃaɪn/,閃耀,"The polished floors shine under the fluorescent lights, creating a clean and professional atmosphere.",拋光的地板在熒光燈下閃耀，營造出乾淨專業的氛圍。,toeic_basic,1,Corporate,DailyWork,"TOEIC,Reading,Part5,Part7",v./n.
ship,/ˈʃɪp/,船舶,The company is expecting a shipment of raw materials to arrive by ship next week.,公司預計下週將有一批原材料由船運抵達。,toeic_basic,1,Logistics,Transit,"TOEIC,Reading,Part5,Part7",n./v.
shirt,/ˈʃɝt/,襯衫,Please remember to wear a collared shirt for the client meeting.,請記得在客戶會議時穿著有領子的襯衫。,toeic_basic,1,Marketing,Sales,"TOEIC,Reading,Part5,Part7",n.
shoe,/ˈʃu/,鞋子,She bought a new pair of shoes for the party.,她為派對買了一雙新鞋。,toeic_basic,1,Corporate,GeneralBusiness,"TOEIC,Reading,Part5,Part7",n./v.
shoes,/ˈʃuz/,鞋子,The company policy requires employees to wear closed-toe shoes in the warehouse for safety.,為了安全起見，公司規定員工在倉庫工作時必須穿著封閉式鞋款。,toeic_basic,1,Logistics,Transit,"TOEIC,Reading,Part5,Part7",n.
shop,/ˈʃɑp/,商店,The company is planning to open a new retail shop in the city center.,公司計畫在市中心開設一家新的零售店。,toeic_basic,1,Marketing,Sales,"TOEIC,Reading,Part5,Part7",n./v.
short,/ˈʃɔɹt/,短暫的,The meeting was scheduled for a short duration to maximize productivity.,為了提高生產力，會議安排了短暫的時間。,toeic_basic,1,Manufacturing,Production,"TOEIC,Reading,Part5,Part7",adj./adv.
show,/ˈʃoʊ/,展示,The company will show its new product line at the international trade fair.,公司將在國際貿易展覽會上展示其新產品線。,toeic_basic,1,Technical,ITSupport,"TOEIC,Reading,Part5,Part7",v./n.
shower,/ˈʃaʊɝ/,浴,The hotel offers complimentary showers for all guests.,飯店為所有住客提供免費的淋浴服務。,toeic_basic,1,Travel,Hospitality,"TOEIC,Reading,Part5,Part7",n./v.
shows,/ˈʃoʊz/,展示,The marketing campaign shows a significant increase in brand awareness.,營銷活動顯示品牌知名度顯著提升。,toeic_basic,1,Marketing,Advertising,"TOEIC,Reading,Part5,Part7",v.
sick,/ˈsɪk/,生病的,"I'm feeling sick today, so I'm working from home.",我今天感覺不舒服，所以我在家工作。,toeic_basic,1,HumanResources,Recruitment,"TOEIC,Reading,Part5,Part7",adj./adv.
side,/ˈsaɪd/,邊,Please put the documents on the right side of the desk.,請將文件放在辦公桌的右邊。,toeic_basic,1,Corporate,GeneralBusiness,"TOEIC,Reading,Part5,Part7",n./adj.
sight,/ˈsaɪt/,視覺,The project manager needs to assess the site to determine the feasibility of construction.,專案經理需要評估現場，以確定施工的可行性。,toeic_basic,1,Technical,ITSupport,"TOEIC,Reading,Part5,Part7",n./v.
sign,/ˈsaɪn/,標誌,Please sign the contract before the deadline to finalize the deal.,請在截止日期前簽署合約，以完成交易。,toeic_basic,1,Legal,Contracts,"TOEIC,Reading,Part5,Part7",n./v.
since,/ˈsɪns/,自從,We haven't met since last year's conference.,自從去年會議後我們就沒再見過面了。,toeic_basic,1,Corporate,GeneralBusiness,"TOEIC,Reading,Part5,Part7",preposition/conjunction
sir,/ˈsɝ/,先生,"Good morning, Sir. How may I assist you today?",早安，先生。今天我可以為您提供什麼協助？,toeic_basic,1,Corporate,Communication,"TOEIC,Reading,Part5,Part7",n.
site,/ˈsaɪt/,網站,The company's official website is the primary site for product information and online orders.,公司官方網站是獲取產品資訊和進行線上訂購的主要網站。,toeic_basic,1,Technical,ITSupport,"TOEIC,Reading,Part5,Part7",n.
sites,/ˈsaɪts/,網站,Our company maintains several websites to promote its products and services.,我們公司維護幾個網站以推廣其產品和服務。,toeic_basic,1,HumanResources,Compensation,"TOEIC,Reading,Part5,Part7",n.
sixth,/ˈsɪksθ/,第六,The meeting is scheduled for the sixth floor conference room.,會議安排在第六層會議室舉行。,toeic_basic,1,Corporate,DailyWork,"TOEIC,Reading,Part5,Part7",adj./n.
sixty,/ˈsɪksti/,六十,The project budget is sixty thousand dollars.,這個專案的預算為六萬美元。,toeic_basic,1,Finance,Investment,"TOEIC,Reading,Part5,Part7",adj./n.
size,/ˈsaɪz/,尺寸,Could you please confirm the size and quantity of the order before shipment?,請在出貨前確認訂單的尺寸和數量。,toeic_basic,1,Logistics,Transit,"TOEIC,Reading,Part5,Part7",n./adj.
skill,/ˈskɪɫ/,能力,Developing strong communication skills is essential for success in this role.,在職位上取得成功，培養良好的溝通技巧至關重要。,toeic_basic,1,Corporate,DailyWork,"TOEIC,Reading,Part5,Part7",n.
skin,/ˈskɪn/,皮膚,The company needs to improve the user interface to provide a better skin for the application.,公司需要改善使用者介面，為應用程式提供更好的外觀。,toeic_basic,1,Marketing,Sales,"TOEIC,Reading,Part5,Part7",n.
sky,/ˈskaɪ/,天空,The project's budget needs to be reviewed to ensure it remains within the sky-high costs.,需要審查專案的預算，以確保其成本維持在合理範圍內。,toeic_basic,1,Finance,Investment,"TOEIC,Reading,Part5,Part7",n.
sleep,/ˈsɫip/,睡眠,"Due to the tight deadline, employees are encouraged to take short naps during breaks to improve productivity.",由於截止日期很緊迫，員工們被鼓勵在休息時間小睡片刻，以提高工作效率。,toeic_basic,1,Manufacturing,Production,"TOEIC,Reading,Part5,Part7",n./v.
slow,/ˈsɫoʊ/,慢的,The internet connection is very slow today.,今天的網路連線非常慢。,toeic_basic,1,Corporate,DailyWork,"TOEIC,Reading,Part5,Part7",adj./adv.
small,/ˈsmɔɫ/,小的,We need to make some small adjustments to the project plan.,我們需要對專案計畫進行一些小的調整。,toeic_basic,1,Corporate,GeneralBusiness,"TOEIC,Reading,Part5,Part7",adj./adv.
smart,/ˈsmɑɹt/,足智多謀的,Our team needs smart solutions to reduce operational costs.,我們需要聰明的解決方案來降低營運成本。,toeic_basic,1,Corporate,DailyWork,"TOEIC,Reading,Part5,Part7",adj./adv.
smell,/ˈsmɛɫ/,聞氣味,"The strong smell of coffee filled the office, creating a pleasant atmosphere.",濃郁的咖啡氣味瀰漫在辦公室，營造出令人愉悅的氛圍。,toeic_basic,1,Corporate,DailyWork,"TOEIC,Reading,Part5,Part7",n./v.
smile,/ˈsmaɪɫ/,展現友善或愉悅的表情,The CEO's warm smile reassured the investors during the presentation.,簡報時，執行長友善的微笑讓投資人感到安心。,toeic_basic,1,Finance,Investment,"TOEIC,Reading,Part5,Part7",n./v.
smoke,/ˈsmoʊk/,煙霧,The company has implemented a strict no-smoking policy in all office areas.,公司已在其所有辦公區域實施嚴格的禁煙政策。,toeic_basic,1,Corporate,Operations,"TOEIC,Reading,Part5,Part7",n./v.
snacks,/ˈsnæks/,點心，零食，通常指在正餐之間或非正式場合食用的少量食物。,The conference attendees enjoyed complimentary snacks and beverages during the networking session.,在交流會議期間，與會者享用了免費的點心和飲料。,toeic_basic,1,Technical,ITSupport,"TOEIC,Reading,Part5,Part7",n.
sofa,/ˈsoʊfə/,沙發,Please take a seat on the sofa while you wait for your appointment.,在等候預約的時候請坐在沙發上。,toeic_basic,1,Technical,ITSupport,"TOEIC,Reading,Part5,Part7",n.
sold,/ˈsoʊɫd/,售出,"The company sold over 10,000 units of the new product in its first month.","公司在第一個月售出了超過 10,000 個新產品。",toeic_basic,1,Technical,ITSupport,"TOEIC,Reading,Part5,Part7",v.
solve,/ˈsɑɫv/,解決,The IT department needs to solve the network connectivity issues before the meeting.,在會議開始前，IT部門需要解決網路連線問題。,toeic_basic,1,Technical,ITSupport,"TOEIC,Reading,Part5,Part7",v.
some,/ˈsəm/,一些,I need some time to complete this report.,我需要一些時間來完成這份報告。,toeic_basic,1,Corporate,GeneralBusiness,"TOEIC,Reading,Part5,Part7",determiner/pronoun
son,/ˈsən/,兒子,Their eldest son is studying abroad.,他們的大兒子正在國外讀書。,toeic_basic,1,Corporate,GeneralBusiness,"TOEIC,Reading,Part5,Part7",n.
song,/ˈsɔŋ/,歌曲,The marketing team is developing a catchy song to promote the new product.,行銷團隊正在開發一首朗朗上口的歌曲來推廣新產品。,toeic_basic,1,HumanResources,Compensation,"TOEIC,Reading,Part5,Part7",n.
soon,/ˈsun/,不久的將來,We expect to finalize the contract soon.,我們預期很快就會完成合約。,toeic_basic,1,Legal,Contracts,"TOEIC,Reading,Part5,Part7",adv.
sorry,/ˈsɑɹi/,抱歉的,I'm sorry for the delay in responding to your email.,很抱歉延遲回覆您的電子郵件。,toeic_basic,2,Travel,Hospitality,"TOEIC,Reading,Part5,Part7",adj./interjection
sort,/ˈsɔɹt/,分類,Could you sort these invoices by date for easier processing?,您能按照日期對這些發票進行分類，以便更輕鬆地處理嗎？,toeic_basic,2,Finance,Investment,"TOEIC,Reading,Part5,Part7",v.
space,/ˈspeɪs/,空間,We need to find a suitable space for the new office expansion.,我們需要找到一個合適的空間來擴展新辦公室。,toeic_basic,2,Technical,ITSupport,"TOEIC,Reading,Part5,Part7",n.
speak,/ˈspik/,說話,The CEO will speak at the annual shareholders' meeting.,執行長將在年度股東大會上發表演講。,toeic_basic,2,CorporateGovernance,BoardOfDirectors,"TOEIC,Reading,Part5,Part7",v.
speed,/ˈspid/,速度,The company is investing in new technology to increase production speed.,公司正在投資新技術以提高生產速度。,toeic_basic,2,Manufacturing,Production,"TOEIC,Reading,Part5,Part7",n./v.
spell,/ˈspɛɫ/,拼寫,Could you please spell your last name for me? I want to make sure I have it correct in the system.,請您能拼出您的姓氏嗎？我想確保我在系統中記錄正確。,toeic_basic,2,Technical,ITSupport,"TOEIC,Reading,Part5,Part7",v.
spoke,/ˈspoʊk/,說話,"During the conference call, the CEO spoke about the company's future plans.",在電話會議中，執行長談論了公司的未來計畫。,toeic_basic,2,Corporate,Communication,"TOEIC,Reading,Part5,Part7",v.
sport,/ˈspɔɹt/,運動,The company sponsors several local sports teams to enhance its brand image.,公司贊助多支當地體育隊伍，以提升品牌形象。,toeic_basic,2,Marketing,Sales,"TOEIC,Reading,Part5,Part7",n.
spot,/ˈspɑt/,地點,The sales manager is looking for a prime spot for the new product display at the trade show.,銷售經理正在尋找在貿易展覽中為新產品展示的最佳位置。,toeic_basic,2,Marketing,Sales,"TOEIC,Reading,Part5,Part7",n./v.
staff,/ˈstæf/,員工，工作人員,The hotel is looking to hire additional staff to handle the busy season.,飯店正在尋找額外的員工來應付繁忙的季節。,toeic_basic,2,HumanResources,Compensation,"TOEIC,Reading,Part5,Part7",n.
stage,/ˈsteɪdʒ/,舞台,The company is currently in the initial stage of its expansion plan.,公司目前正處於擴張計畫的初步階段。,toeic_basic,2,Technical,ITSupport,"TOEIC,Reading,Part5,Part7",n./v.
stair,/ˈstɛɹ/,樓梯,Please take the stairs to the second floor.,請走樓梯到二樓。,toeic_basic,2,Corporate,Facilities,"TOEIC,Reading,Part5,Part7",n.
stand,/ˈstænd/,站立,The employee was asked to stand for extended periods during the product demonstration.,在產品展示期間，員工被要求長時間站立。,toeic_basic,2,HumanResources,Compensation,"TOEIC,Reading,Part5,Part7",v./n.
star,/ˈstɑɹ/,明星,Our marketing campaign features a celebrity to boost brand awareness.,我們的行銷活動以一位名人為主角，以提高品牌知名度。,toeic_basic,2,Marketing,Advertising,"TOEIC,Reading,Part5,Part7",n./v.
start,/ˈstɑɹt/,開始,"The project will start on Monday, and we need everyone's full cooperation.",專案將於星期一開始，我們需要所有人的全力配合。,toeic_basic,2,Corporate,DailyWork,"TOEIC,Reading,Part5,Part7",v./n.
state,/ˈsteɪt/,說明，聲明,"The company's financial state is currently stable, but we need to monitor it closely.",目前公司的財務狀況穩定，但我們需要密切監控。,toeic_basic,2,Finance,Investment,"TOEIC,Reading,Part5,Part7",n./v.
stayed,/ˈsteɪd/,停留,The team stayed at the Grand Hotel during the business trip.,團隊在商務旅行期間入住大酒店。,toeic_basic,2,Travel,Hospitality,"TOEIC,Reading,Part5,Part7",v.
staying,/ˈsteɪɪŋ/,逗留,The company is staying in this hotel during the trade show.,公司在貿易展期間會入住這家酒店。,toeic_basic,2,Travel,Hospitality,"TOEIC,Reading,Part5,Part7",v./adj.
step,/ˈstɛp/,步驟,Please follow these steps to complete the online registration.,請按照這些步驟完成線上註冊。,toeic_basic,2,Corporate,DailyWork,"TOEIC,Reading,Part5,Part7",n./v.
steps,/ˈstɛps/,步驟,The company is taking steps to improve employee satisfaction.,公司正在採取措施來提升員工滿意度。,toeic_basic,2,HumanResources,Compensation,"TOEIC,Reading,Part5,Part7",n./v.
still,/ˈstɪɫ/,仍然，持續，靜止,"The project is still in progress, and we expect it to be completed by the end of the month.",專案仍在進行中，我們預計會在月底前完成。,toeic_basic,2,Technical,ITSupport,"TOEIC,Reading,Part5,Part7",adv./adj.
stop,/ˈstɑp/,停止,Please stop the production line immediately due to the quality control issue.,由於品質控制問題，請立即停止生產線。,toeic_basic,2,Manufacturing,Production,"TOEIC,Reading,Part5,Part7",v./n.
store,/ˈstɔɹ/,商店,The company is expanding its retail stores across the country.,該公司正在全國擴展其零售商店。,toeic_basic,2,Marketing,Sales,"TOEIC,Reading,Part5,Part7",n./v.
storm,/ˈstɔɹm/,風暴，嚴峻的局面或情況,The company is facing a storm of negative publicity following the product recall.,由於產品召回，公司正面臨一陣負面新聞的風暴。,toeic_basic,2,Technical,ITSupport,"TOEIC,Reading,Part5,Part7",n./v.
story,/ˈstɔɹi/,敘述，故事,The CEO shared a compelling story about the company's early struggles to motivate the team.,執行長分享了公司早期奮鬥的故事，以激勵團隊。,toeic_basic,2,Corporate,Communication,"TOEIC,Reading,Part5,Part7",n.
street,/ˈstɹit/,街道,The delivery truck had difficulty navigating the narrow street.,這輛送貨車難以在狹窄的街道上行駛。,toeic_basic,2,Logistics,Transit,"TOEIC,Reading,Part5,Part7",n.
streets,/ˈstɹits/,街道,The new office is conveniently located near several major streets.,新辦公室位於幾個主要街道附近，交通非常便利。,toeic_basic,2,Travel,Transit,"TOEIC,Reading,Part5,Part7",n.
study,/ˈstədi/,對特定主題或市場進行系統性的調查與分析，以獲取資訊或知識。,The marketing team will conduct a study on consumer preferences before launching the new product.,行銷團隊將在新產品上市前進行消費者偏好調查。,toeic_basic,2,Marketing,Sales,"TOEIC,Reading,Part5,Part7",n./v.
stuff,/ˈstəf/,物品，材料，內容,The warehouse is full of office supplies and other stuff.,倉庫裡堆滿了辦公用品和其他物品。,toeic_basic,2,Logistics,Transit,"TOEIC,Reading,Part5,Part7",n.
style,/ˈstaɪɫ/,風格,The company's marketing campaign needs a fresh style to attract younger customers.,為了吸引年輕客戶，公司行銷活動需要一個新的風格。,toeic_basic,2,Marketing,Advertising,"TOEIC,Reading,Part5,Part7",n./v.
subway,/ˈsəbˌweɪ/,地下鐵,"Our new office is located next to a subway station, which makes daily commuting easier for staff.",我們的新辦公室位於地鐵站旁，讓員工每日通勤更方便。,toeic_basic,2,HumanResources,Compensation,"TOEIC,Reading,Part5,Part7",n.
such,/ˈsətʃ/,如此，這般，極其,The company experienced such a significant increase in profits this quarter that bonuses were awarded to all employees.,本公司在本季經歷了如此顯著的利潤增長，以至於所有員工都獲得了獎金。,toeic_basic,2,Finance,Investment,"TOEIC,Reading,Part5,Part7",adv./adj.
suit,/ˈsut/,一套西裝,He wore a dark blue suit for the important business meeting.,他在重要的商務會議上穿了一套深藍色的西裝。,toeic_basic,2,Technical,ITSupport,"TOEIC,Reading,Part5,Part7",n./v.
summer,/ˈsəmɝ/,夏季,Our company offers discounted rates for summer travel packages.,我們公司提供夏季旅遊套餐的折扣優惠。,toeic_basic,2,Marketing,Sales,"TOEIC,Reading,Part5,Part7",n.
super,/ˈsupɝ/,極好的,"The project team delivered a super performance, exceeding all expectations.",專案團隊表現極佳，遠超所有預期。,toeic_basic,2,Logistics,Transit,"TOEIC,Reading,Part5,Part7",adj./adv.
sure,/ˈʃʊɹ/,確定的,Are you sure about the delivery date?,您確定交貨日期嗎？,toeic_basic,2,Logistics,Transit,"TOEIC,Reading,Part5,Part7",adj./adv.
take,/ˈteɪk/,拿取,Please take these reports to your manager for review.,請將這些報告呈交給您的經理審閱。,toeic_basic,2,Corporate,DailyWork,"TOEIC,Reading,Part5,Part7",v./n.
takes,/ˈteɪks/,花費,The project takes approximately three weeks to complete.,這個專案完成大約需要三週的時間。,toeic_basic,2,Corporate,DailyWork,"TOEIC,Reading,Part5,Part7",v.
talk,/ˈtɔk/,談論,Let's talk about the project timeline and deliverables in the meeting.,在會議中，我們來討論專案時程和交付成果。,toeic_basic,2,Logistics,Transit,"TOEIC,Reading,Part5,Part7",v./n.
tall,/ˈtɔɫ/,高的,She is a very tall woman.,她是一個非常高的女人。,toeic_basic,2,Corporate,GeneralBusiness,"TOEIC,Reading,Part5,Part7",adj.
tape,/ˈteɪp/,膠帶,Could you please hand me the masking tape?,你能把遮蔽膠帶遞給我嗎？,toeic_basic,2,Corporate,DailyWork,"TOEIC,Reading,Part5,Part7",n./v.
task,/ˈtæsk/,任務,The project manager assigned each team member a specific task.,專案經理將每個團隊成員指派了特定的任務。,toeic_basic,2,Manufacturing,Production,"TOEIC,Reading,Part5,Part7",n./v.
tasks,/ˈtæsks/,任務,The project manager assigned each team member specific tasks to ensure timely completion.,專案經理將每個團隊成員分配了特定的任務，以確保按時完成。,toeic_basic,2,Manufacturing,Production,"TOEIC,Reading,Part5,Part7",n.
tastes,/ˈteɪsts/,品嚐,The chef insists that all ingredients must taste fresh before being used in the dish.,主廚堅持所有食材在用於菜餚之前必須嚐起來新鮮。,toeic_basic,2,Travel,Dining,"TOEIC,Reading,Part5,Part7",v.
teach,/ˈtitʃ/,教導,The training department will teach new hires how to use the company's CRM system.,培訓部門將教導新進人員如何使用公司的客戶關係管理系統。,toeic_basic,2,HumanResources,Compensation,"TOEIC,Reading,Part5,Part7",v.
team,/ˈtim/,團隊,Our sales team is working hard to meet the quarterly targets.,我們的銷售團隊正在努力達成季度目標。,toeic_basic,2,Marketing,Sales,"TOEIC,Reading,Part5,Part7",n.
teams,/ˈtimz/,團隊,Each team is responsible for completing a specific phase of the project.,每個團隊負責專案的特定階段。,toeic_basic,2,Manufacturing,Production,"TOEIC,Reading,Part5,Part7",n.
tell,/ˈtɛɫ/,告訴，告知,Could you tell me the way to the nearest subway station?,你能告訴我到最近的地鐵站怎麼走嗎？,toeic_basic,2,Corporate,Communication,"TOEIC,Reading,Part5,Part7",v./n.
tells,/ˈtɛɫz/,告知,The manager tells the team about the new project deadline.,經理向團隊說明新的專案截止日期。,toeic_basic,2,Corporate,Communication,"TOEIC,Reading,Part5,Part7",v.
term,/ˈtɝm/,期間,The contract is for a term of three years.,合約期限為三年。,toeic_basic,2,Legal,Contracts,"TOEIC,Reading,Part5,Part7",n.
terms,/ˈtɝmz/,條款,Please review the contract terms carefully before signing.,請在簽署合約前仔細審閱合約條款。,toeic_basic,2,Legal,Contracts,"TOEIC,Reading,Part5,Part7",n.
test,/ˈtɛst/,考試,The HR department will conduct a skills test to assess candidates' qualifications.,人資部門將進行技能測試以評估候選人的資歷。,toeic_basic,2,Corporate,DailyWork,"TOEIC,Reading,Part5,Part7",n./v.
tests,/ˈtɛsts/,考試,The HR department will administer aptitude tests to assess candidates' skills.,人資部門將會進行能力測驗，以評估候選人的技能。,toeic_basic,2,Technical,ITSupport,"TOEIC,Reading,Part5,Part7",n.
text,/ˈtɛkst/,簡訊,Could you please send me the meeting agenda as a text?,您能將會議議程以簡訊發送給我嗎？,toeic_basic,2,Corporate,Communication,"TOEIC,Reading,Part5,Part7",n.
texts,/ˈtɛksts/,簡訊,The manager asked the team to send him daily progress texts.,經理要求團隊每天發送進度簡訊給他。,toeic_basic,2,Corporate,Communication,"TOEIC,Reading,Part5,Part7",n.
than,/ˈðæn/,比,She is taller than her sister.,她比她姐姐高。,toeic_basic,2,Corporate,Communication,"TOEIC,Reading,Part5,Part7",conjunction/preposition
thank,/ˈθæŋk/,感謝,I want to thank you for your support.,我想要感謝您的支持。,toeic_basic,2,Corporate,Communication,"TOEIC,Reading,Part5,Part7",v./n.
theater,/ˈθiətɝ/,劇場,The company rented a theater for the product launch event.,公司租下了一間劇場，用於產品發布活動。,toeic_basic,2,Travel,Transit,"TOEIC,Reading,Part5,Part7",n.
then,/ˈðɛn/,那時,"First, complete the report, then send it to your manager.",首先，完成報告，然後將其發送給你的經理。,toeic_basic,2,Technical,ITSupport,"TOEIC,Reading,Part5,Part7",adv.
thick,/ˈθɪk/,厚的,"The book is very thick, with over 800 pages.",這本書很厚，超過800頁。,toeic_basic,2,Technical,ITSupport,"TOEIC,Reading,Part5,Part7",adj./adv.
thing,/ˈθɪŋ/,事物;東西;事情;用品;情況,Please put your things away after you've finished using them.,用完後請把你的東西收起來。,toeic_basic,2,Corporate,GeneralBusiness,"TOEIC,Reading,Part5,Part7",n.
think,/ˈθɪŋk/,思考;認為;覺得,I think we should discuss this further in the meeting.,我認為我們應該在會議中進一步討論這件事。,toeic_basic,2,Corporate,Communication,"TOEIC,Reading,Part5,Part7",v.
ticket,/ˈtɪkət/,票券,Please remember to bring your train ticket when boarding the train.,請記得在登上火車時攜帶您的火車票。,toeic_basic,2,CorporateGovernance,BoardOfDirectors,"TOEIC,Reading,Part5,Part7",n.
tickets,/ˈtɪkəts/,票證,The company needs to purchase train tickets for all attendees of the conference.,公司需要為會議所有與會者購買火車票。,toeic_basic,2,Travel,Transit,"TOEIC,Reading,Part5,Part7",n.
tie,/ˈtaɪ/,領帶,He always wears a tie to important business meetings.,他總是穿著領帶參加重要的商務會議。,toeic_basic,2,Corporate,DailyWork,"TOEIC,Reading,Part5,Part7",n./v.
tight,/ˈtaɪt/,緊繃，狹窄，嚴格,"The deadline for the project is very tight, so we need to work efficiently.",這個專案的截止日期非常緊迫，所以我們需要有效率地工作。,toeic_basic,2,Corporate,DailyWork,"TOEIC,Reading,Part5,Part7",adj./adv.
till,/ˈtɪɫ/,直到,We will continue to monitor the market trends till the end of the quarter.,我們將持續監控市場趨勢，直到本季結束。,toeic_basic,2,Marketing,Sales,"TOEIC,Reading,Part5,Part7",preposition/adv.
time,/ˈtaɪm/,時間,What time is the next train scheduled to depart?,下一班火車預計幾點發車？,toeic_basic,2,Corporate,GeneralBusiness,"TOEIC,Reading,Part5,Part7",n./v.
tip,/ˈtɪp/,小費,"She gave me a useful tip for the interview, which really helped me prepare.",她給了我一個面試的實用建議，這真的幫助我做了準備。,toeic_basic,2,HumanResources,Recruitment,"TOEIC,Reading,Part5,Part7",n./v.
tire,/ˈtaɪɝ/,輪胎,The mechanic checked the air pressure in all four tires.,技工檢查了所有四個輪胎的胎壓。,toeic_basic,2,Corporate,GeneralBusiness,"TOEIC,Reading,Part5,Part7",n./v.
title,/ˈtaɪtəɫ/,標題,The title of the report is 'Q3 Sales Performance'.,這份報告的標題是「第三季銷售業績」。,toeic_basic,2,Marketing,Sales,"TOEIC,Reading,Part5,Part7",n.
today,/təˈdeɪ/,今天,What are your plans for today?,你今天有什麼計畫？,toeic_basic,2,Corporate,DailyWork,"TOEIC,Reading,Part5,Part7",n./adv.
too,/ˈtu/,也,It's too late to catch the last train.,趕最後一班火車已經太晚了。,toeic_basic,2,Technical,ITSupport,"TOEIC,Reading,Part5,Part7",adv.
tool,/ˈtuɫ/,工具,The company invested in new software tools to improve employee productivity.,公司投資了新的軟體工具以提高員工生產力。,toeic_basic,2,Manufacturing,Production,"TOEIC,Reading,Part5,Part7",n.
tools,/ˈtuɫz/,工具,The IT department provides employees with the necessary tools to perform their tasks efficiently.,資訊部門為員工提供必要的工具，以高效地完成他們的任務。,toeic_basic,2,HumanResources,Compensation,"TOEIC,Reading,Part5,Part7",n.
top,/ˈtɑp/,頂部，最高處,The meeting notes are on the top of the pile.,會議紀錄在檔案堆的最上面。,toeic_basic,2,Corporate,DailyWork,"TOEIC,Reading,Part5,Part7",n./adj.
topic,/ˈtɑpɪk/,主題,Let's stick to the main topic of the meeting – the upcoming product launch.,讓我們專注於會議的主要議題 - 即將推出的產品發布。,toeic_basic,2,Corporate,Communication,"TOEIC,Reading,Part5,Part7",n.
touch,/ˈtətʃ/,觸摸,Please touch the screen to confirm your selection.,請點擊螢幕以確認您的選擇。,toeic_basic,2,Corporate,DailyWork,"TOEIC,Reading,Part5,Part7",n./v.
tourist,/ˈtʊɹəst/,觀光客,The hotel is popular with tourists visiting the city's historical sites.,這家飯店深受遊客青睞，他們來此參觀市區的歷史古蹟。,toeic_basic,2,Travel,Hospitality,"TOEIC,Reading,Part5,Part7",n.
towels,/ˈtaʊəɫz/,毛巾,The hotel provides complimentary towels and toiletries for all guests.,飯店為所有住客提供免費毛巾和盥洗用品。,toeic_basic,2,Travel,Hospitality,"TOEIC,Reading,Part5,Part7",n.
track,/ˈtɹæk/,追蹤,The logistics team needs to track all shipments to ensure timely delivery.,物流團隊需要追蹤所有貨物，以確保及時送達。,toeic_basic,2,Logistics,Transit,"TOEIC,Reading,Part5,Part7",n./v.
trade,/ˈtɹeɪd/,交易,The company is looking to trade its outdated equipment for newer models.,公司正在考慮將其過時的設備與更新型號進行交換。,toeic_basic,2,Technical,ITSupport,"TOEIC,Reading,Part5,Part7",n./v.
train,/ˈtɹeɪn/,火車,The company will train new employees on the updated software.,公司將會培訓新員工使用更新後的軟體。,toeic_basic,2,HumanResources,Compensation,"TOEIC,Reading,Part5,Part7",n./v.
trains,/ˈtɹeɪnz/,列車,The company is considering a partnership with the railway to improve employee transportation.,公司正在考慮與鐵路合作，以改善員工交通。,toeic_basic,2,HumanResources,Compensation,"TOEIC,Reading,Part5,Part7",n.
trash,/ˈtɹæʃ/,垃圾,Please remember to take out the trash before you leave the office.,請記得在離開辦公室前把垃圾倒掉。,toeic_basic,2,Corporate,DailyWork,"TOEIC,Reading,Part5,Part7",n./v.
travel,/ˈtɹævəɫ/,出差，旅行,The company reimburses employees for all travel expenses incurred during business trips.,公司會退償員工在出差期間產生的所有差旅費用。,toeic_basic,2,HumanResources,Compensation,"TOEIC,Reading,Part5,Part7",v./n.
travels,/ˈtɹævəɫz/,旅行,The sales team frequently travels internationally to meet with clients.,銷售團隊經常出國與客戶會面。,toeic_basic,2,Marketing,Sales,"TOEIC,Reading,Part5,Part7",v.
treat,/ˈtɹit/,款待,The company will treat its employees to a celebratory dinner after the successful project completion.,公司會在專案成功完成後款待員工一頓慶祝晚宴。,toeic_basic,2,HumanResources,Compensation,"TOEIC,Reading,Part5,Part7",v./n.
tree,/ˈtɹi/,樹木,The company is investing in a new office building with a large green space and several trees.,公司正在投資一棟擁有大片綠地和多棵樹的新辦公大樓。,toeic_basic,2,Finance,Investment,"TOEIC,Reading,Part5,Part7",n.
trend,/ˈtɹɛnd/,趨勢,The latest market trend indicates a growing demand for eco-friendly products.,最新的市場趨勢顯示對環保產品的需求正在增長。,toeic_basic,2,Marketing,Sales,"TOEIC,Reading,Part5,Part7",n./v.
tries,/ˈtɹaɪz/,嘗試,The company tries to implement new strategies to improve efficiency.,公司嘗試實施新的策略以提高效率。,toeic_basic,2,Corporate,DailyWork,"TOEIC,Reading,Part5,Part7",v.
truck,/ˈtɹək/,卡車,The logistics department is responsible for tracking all shipments via truck.,物流部門負責追蹤所有透過卡車運輸的貨物。,toeic_basic,2,Logistics,Transit,"TOEIC,Reading,Part5,Part7",n.
true,/ˈtɹu/,真實的,The report confirms that the data presented is true and accurate.,報告證實所呈現的數據真實且準確。,toeic_basic,2,Corporate,DailyWork,"TOEIC,Reading,Part5,Part7",adj.
truly,/ˈtɹuɫi/,真正地,We truly appreciate your prompt payment and continued partnership.,我們真誠感謝您及時的付款以及持續的合作關係。,toeic_basic,2,Corporate,Communication,"TOEIC,Reading,Part5,Part7",adv.
trust,/ˈtɹəst/,信任,We need to build trust with our new suppliers to ensure reliable deliveries.,我們需要與新的供應商建立信任，以確保可靠的交貨。,toeic_basic,2,Logistics,Transit,"TOEIC,Reading,Part5,Part7",n./v.
truth,/ˈtɹuθ/,真實,The company's reputation hinges on the truthfulness of its advertising claims.,公司的聲譽取決於其廣告宣傳內容的真實性。,toeic_basic,2,Marketing,Sales,"TOEIC,Reading,Part5,Part7",n.
try,/ˈtɹaɪ/,試圖;努力;嘗試;考驗;審判,We should try to find a solution as quickly as possible.,我們應該盡快嘗試找到解決方案。,toeic_basic,2,Corporate,GeneralBusiness,"TOEIC,Reading,Part5,Part7",v./n.
turn,/ˈtɝn/,轉動,Please turn off the lights when you leave the office.,離開辦公室時請關燈。,toeic_basic,2,Corporate,GeneralBusiness,"TOEIC,Reading,Part5,Part7",v./n.
turns,/ˈtɝnz/,轉變,It's your turn to present the quarterly sales report.,現在輪到你來展示季度銷售報告。,toeic_basic,2,Marketing,Sales,"TOEIC,Reading,Part5,Part7",n./v.
twice,/ˈtwaɪs/,兩倍,The project deadline has been extended twice due to unforeseen circumstances.,由於突發狀況，專案截止日期已延遲兩次。,toeic_basic,2,Corporate,DailyWork,"TOEIC,Reading,Part5,Part7",adv.
type,/ˈtaɪp/,類型,What type of software do you use for data analysis?,您用於數據分析的軟件是什麼類型？,toeic_basic,2,Technical,ITSupport,"TOEIC,Reading,Part5,Part7",n./v.
types,/ˈtaɪps/,種類,Our company offers several types of insurance policies to meet different client needs.,我們公司提供多種保險類型，以滿足不同客戶的需求。,toeic_basic,2,Marketing,Sales,"TOEIC,Reading,Part5,Part7",n.
under,/ˈəndɝ/,在...下方,The cat is sleeping under the table.,貓咪在桌子下面睡覺。,toeic_basic,2,Corporate,GeneralBusiness,"TOEIC,Reading,Part5,Part7",preposition/adv.
unit,/ˈjunət/,單位,Our marketing unit will launch the new campaign next month.,我們的行銷部門將於下個月推出新活動。,toeic_basic,2,Marketing,Advertising,"TOEIC,Reading,Part5,Part7",n.
units,/ˈjunəts/,單位,We need to produce 1000 units of this product per month.,我們每月需要生產 1000 個這個產品的單位。,toeic_basic,2,Technical,ITSupport,"TOEIC,Reading,Part5,Part7",n.
until,/ənˈtɪɫ/,直到…為止,I will wait here until you return.,我會在這裡等你回來。,toeic_basic,2,Technical,ITSupport,"TOEIC,Reading,Part5,Part7",preposition/conjunction
use,/ˈjus/,使用,Please use the provided template for your report.,請使用提供的範本撰寫您的報告。,toeic_basic,2,Corporate,DailyWork,"TOEIC,Reading,Part5,Part7",v./n.
user,/ˈjuzɝ/,使用者,"Our software is designed for ease of use by all users, regardless of their technical expertise.",我們的軟體設計易於所有使用者使用，無論他們具備多大的技術專業知識。,toeic_basic,2,Technical,ITSupport,"TOEIC,Reading,Part5,Part7",n.
users,/ˈjuzɝz/,使用者,The software company is conducting a survey to gather feedback from its users.,該軟體公司正在進行一項調查，以收集使用者回饋。,toeic_basic,2,Technical,ITSupport,"TOEIC,Reading,Part5,Part7",n.
uses,/ˈjusəz/,使用,The company uses a cloud-based system for data storage.,該公司使用雲端系統來儲存數據。,toeic_basic,2,Technical,ITSupport,"TOEIC,Reading,Part5,Part7",v.
usual,/ˈjuʒəwəɫ/,平常的,"The meeting is held on the usual day, which is the first Tuesday of each month.",會議在慣例的日期舉行，也就是每個月的第一個星期二。,toeic_basic,2,Corporate,DailyWork,"TOEIC,Reading,Part5,Part7",adj./adv.
valid,/ˈvæɫɪd/,有效的,"Before submitting the report, ensure all data is valid and accurate.",提交報告前，請確保所有數據都是有效且準確的。,toeic_basic,2,Technical,ITSupport,"TOEIC,Reading,Part5,Part7",adj.
vehicle,/ˈvihɪkəɫ/,車輛,The company is investing in electric vehicles to reduce its carbon footprint.,該公司正在投資電動車輛以減少碳足跡。,toeic_basic,2,Finance,Investment,"TOEIC,Reading,Part5,Part7",n.
very,/ˈvɛɹi/,非常，很，極其,The new project is very important for the company's future growth.,這個新專案對公司未來的成長非常重要。,toeic_basic,2,Corporate,GeneralBusiness,"TOEIC,Reading,Part5,Part7",adv.
via,/ˈvaɪə/,經由,The documents were shipped via express courier to ensure timely delivery.,文件已透過快遞寄出，以確保及時送達。,toeic_basic,2,Logistics,Transit,"TOEIC,Reading,Part5,Part7",preposition/adv.
video,/ˈvɪdioʊ/,影片,The marketing team created a promotional video to showcase the new product features.,行銷團隊製作了一部影片，以展示新產品的功能。,toeic_basic,2,HumanResources,Compensation,"TOEIC,Reading,Part5,Part7",n.
view,/ˈvju/,觀點,The company needs to consider different viewpoints before making a final decision.,公司在做出最終決定前，需要考慮不同的觀點。,toeic_basic,2,Corporate,Communication,"TOEIC,Reading,Part5,Part7",n./v.
views,/ˈvjuz/,觀點,The marketing team needs to analyze customer views on the new product.,行銷團隊需要分析客戶對新產品的觀點。,toeic_basic,2,Marketing,Sales,"TOEIC,Reading,Part5,Part7",n./v.
village,/ˈvɪɫədʒ/,村莊,The company is exploring opportunities to develop eco-tourism in the nearby village.,該公司正在探索在附近村莊發展生態旅遊的機會。,toeic_basic,2,Technical,ITSupport,"TOEIC,Reading,Part5,Part7",n.
visit,/ˈvɪzɪt/,拜訪,The sales team will visit potential clients next week to present our new product.,銷售團隊將下週拜訪潛在客戶，以介紹我們的最新產品。,toeic_basic,2,Marketing,Sales,"TOEIC,Reading,Part5,Part7",v./n.
visited,/ˈvɪzɪtɪd/,拜訪,The CEO visited our branch office in Tokyo to review the quarterly performance.,執行長前往東京的分公司視察，以檢討本季的業績表現。,toeic_basic,2,Technical,ITSupport,"TOEIC,Reading,Part5,Part7",v.
voice,/ˈvɔɪs/,聲音,The CEO's voice conveyed a sense of confidence and optimism during the annual report presentation.,在年度報告發表會上，執行長的聲音傳達了信心和樂觀的氣氛。,toeic_basic,2,Corporate,Communication,"TOEIC,Reading,Part5,Part7",n./v.
wait,/ˈweɪt/,等待,Please wait for the manager's approval before submitting the report.,請在提交報告前等待經理的批准。,toeic_basic,2,Technical,ITSupport,"TOEIC,Reading,Part5,Part7",v./n.
waiter,/ˈweɪtɝ/,服務生，侍者,The waiter promptly brought us water and menus.,服務生很快就為我們送上了水和菜單。,toeic_basic,2,Technical,ITSupport,"TOEIC,Reading,Part5,Part7",n.
walk,/ˈwɑk/,"動詞：行走, 步行, 散步; 名詞：步行, 散步, 步態, 人行道",Let's walk to the office instead of taking the bus.,我們走路去辦公室吧，而不是搭公車。,toeic_basic,2,Corporate,GeneralBusiness,"TOEIC,Reading,Part5,Part7",v./n.
wall,/ˈwɔɫ/,牆,"The office is being renovated, and a new wall is being built to create a separate meeting room.",辦公室正在裝修，正在建造一面新牆來創建一個獨立的會議室。,toeic_basic,2,Corporate,DailyWork,"TOEIC,Reading,Part5,Part7",n.
walls,/ˈwɔɫz/,牆壁,The construction team is reinforcing the walls to ensure structural integrity.,施工團隊正在加固牆壁，以確保結構完整性。,toeic_basic,2,Technical,ITSupport,"TOEIC,Reading,Part5,Part7",n.
want,/ˈwɑnt/,想要,The marketing team wants to launch a new campaign next quarter.,行銷團隊希望下個季度推出新的活動。,toeic_basic,2,Marketing,Advertising,"TOEIC,Reading,Part5,Part7",v.
wants,/ˈwɑnts/,想要,The marketing team wants to launch a new campaign next quarter.,行銷團隊希望下個季度推出新的活動。,toeic_basic,2,Marketing,Advertising,"TOEIC,Reading,Part5,Part7",v.
warm,/ˈwɔɹm/,溫暖的,The CEO gave a warm welcome to the visiting delegation.,執行長熱情地歡迎拜訪的代表團。,toeic_basic,2,Technical,ITSupport,"TOEIC,Reading,Part5,Part7",adj./adv.
wash,/ˈwɑʃ/,清洗,The cleaning staff will wash the conference room before the meeting.,清潔人員會在會議前清洗會議室。,toeic_basic,2,HumanResources,Compensation,"TOEIC,Reading,Part5,Part7",v.
waste,/ˈweɪst/,浪費,The company is implementing new procedures to minimize waste and improve efficiency.,公司正在實施新的程序，以減少浪費並提高效率。,toeic_basic,2,Corporate,Operations,"TOEIC,Reading,Part5,Part7",n./v.
watch,/ˈwɑtʃ/,觀看,The security guard is responsible for watching the surveillance cameras.,保全人員負責監控監控攝像頭。,toeic_basic,2,Technical,ITSupport,"TOEIC,Reading,Part5,Part7",v./n.
water,/ˈwɔtɝ/,水,The factory needs to reduce its water consumption to meet environmental regulations.,該工廠需要減少用水量以符合環保法規。,toeic_basic,2,Manufacturing,Production,"TOEIC,Reading,Part5,Part7",n./v.
way,/ˈweɪ/,方法,We need to find a more efficient way to process these invoices.,我們需要找到一種更有效率的方式來處理這些發票。,toeic_basic,2,Finance,Investment,"TOEIC,Reading,Part5,Part7",n./adv.
weak,/ˈwik/,虛弱的,"Due to the economic downturn, the company's financial performance has been quite weak.",由於經濟衰退，該公司的財務表現一直相當疲弱。,toeic_basic,2,Finance,Investment,"TOEIC,Reading,Part5,Part7",adj.
wear,/ˈwɛɹ/,穿著,Employees are required to wear a company-issued ID badge at all times.,員工隨時都必須佩戴公司發行的身份證件。,toeic_basic,2,HumanResources,Compensation,"TOEIC,Reading,Part5,Part7",v./n.
weather,/ˈwɛðɝ/,天氣狀況,"Due to the severe weather conditions, all flights have been delayed.",由於惡劣的天氣狀況，所有航班都已延誤。,toeic_basic,2,Travel,Transit,"TOEIC,Reading,Part5,Part7",n.
web,/ˈwɛb/,網路，網站,Our company's website provides comprehensive information about our products and services.,我們公司的網站提供了關於我們產品和服務的全面資訊。,toeic_basic,2,Technical,ITSupport,"TOEIC,Reading,Part5,Part7",n.
week,/ˈwik/,週,The project deadline is set for next week.,這個專案的截止日期定在下週。,toeic_basic,2,Corporate,DailyWork,"TOEIC,Reading,Part5,Part7",n.
well,/ˈwɛɫ/,副詞：好地，妥善地，充分地,"She performed very well on the project, exceeding all expectations.",她在這個專案中表現得非常好，超越了所有預期。,toeic_basic,2,Travel,Hospitality,"TOEIC,Reading,Part5,Part7",adv./adj.
west,/ˈwɛst/,西方,The company's headquarters are located in the west of the city.,該公司的總部位於市區的西方。,toeic_basic,2,Technical,ITSupport,"TOEIC,Reading,Part5,Part7",n./adj.
while,/ˈhwaɪɫ/,在...期間,"While the manager was reviewing the proposal, the team was preparing the presentation.",當經理審核提案時，團隊正在準備簡報。,toeic_basic,2,Corporate,GeneralBusiness,"TOEIC,Reading,Part5,Part7",conjunction/n.
white,/ˈhwaɪt/,白色,The report needs to be printed on white paper for clarity.,為了清晰，報告需要印在白色的紙張上。,toeic_basic,2,Technical,ITSupport,"TOEIC,Reading,Part5,Part7",n./adj.
whole,/ˈhoʊɫ/,全部,The company needs to review the whole process to identify areas for improvement.,公司需要審查整個流程，以找出需要改進的領域。,toeic_basic,2,Corporate,DailyWork,"TOEIC,Reading,Part5,Part7",adj./n.
wide,/ˈwaɪd/,寬廣的,The conference room is wide enough to accommodate all attendees comfortably.,這個會議室足夠寬敞，可以舒適地容納所有與會者。,toeic_basic,2,Travel,Hospitality,"TOEIC,Reading,Part5,Part7",adj.
winter,/ˈwɪntɝ/,冬季,"Due to the severe winter weather, all flights to Chicago have been canceled.",由於嚴重的冬季天氣，所有前往芝加哥的航班都已取消。,toeic_basic,2,Travel,Transit,"TOEIC,Reading,Part5,Part7",n.
wish,/ˈwɪʃ/,希望，期望,I wish to confirm my reservation for tomorrow morning.,我希望確認我明天早上的預訂。,toeic_basic,2,Travel,Hospitality,"TOEIC,Reading,Part5,Part7",v./n.
woman,/ˈwʊmən/,成年女性,The woman in the red dress is our new marketing manager.,那位穿紅色洋裝的女人是我們新的行銷經理。,toeic_basic,2,Marketing,Sales,"TOEIC,Reading,Part5,Part7",n.
women,/ˈwɪmən/,女性,The company is committed to promoting gender equality and ensuring women have equal opportunities for advancement.,公司致力於促進性別平等，並確保女性在晉升方面享有平等的機會。,toeic_basic,2,HumanResources,Compensation,"TOEIC,Reading,Part5,Part7",n.
won,/ˈwɑn/,贏得,Our company won the contract after a competitive bidding process.,經過激烈的競標程序，我們公司贏得了這份合約。,toeic_basic,2,Legal,Contracts,"TOEIC,Reading,Part5,Part7",v.
wood,/ˈwʊd/,木材,The company is sourcing sustainable wood for the furniture production.,該公司正在採購用於家具生產的可持續木材。,toeic_basic,2,Manufacturing,Production,"TOEIC,Reading,Part5,Part7",n.
word,/ˈwɝd/,字詞,The contract contains specific words that could be interpreted differently.,這份合約包含一些可能被不同理解的特定字詞。,toeic_basic,2,Manufacturing,Production,"TOEIC,Reading,Part5,Part7",n./v.
words,/ˈwɝdz/,詞語,The contract contains specific words that could have legal implications.,這份合約包含一些可能具有法律影響的特定詞語。,toeic_basic,2,Manufacturing,Production,"TOEIC,Reading,Part5,Part7",n.
work,/ˈwɝk/,工作,The project requires a lot of hard work to meet the deadline.,為了趕上截止日期，這個項目需要投入大量的努力。,toeic_basic,2,Corporate,DailyWork,"TOEIC,Reading,Part5,Part7",n./v.
world,/ˈwɝɫd/,全球,Our company aims to expand its operations into the global market.,我們公司旨在將業務拓展到全球市場。,toeic_basic,2,Marketing,Sales,"TOEIC,Reading,Part5,Part7",n.
worry,/ˈwɝi/,擔憂,Don't worry about the presentation; you're well-prepared.,別擔心簡報，你準備得很充分。,toeic_basic,2,Corporate,DailyWork,"TOEIC,Reading,Part5,Part7",v./n.
would,/ˈwʊd/,將會,I would like to book a table for two this evening.,我今晚想預訂一個兩人桌。,toeic_basic,2,Corporate,Communication,"TOEIC,Reading,Part5,Part7",modal verb
write,/ˈɹaɪt/,書寫,Please write a formal email to the vendor regarding the delayed shipment.,請撰寫一封正式電子郵件給供應商，說明貨物延遲的情況。,toeic_basic,2,Logistics,Transit,"TOEIC,Reading,Part5,Part7",v.
wrong,/ˈɹɔŋ/,錯誤的,I'm afraid there's been a wrong entry in the invoice.,恐怕發票上有錯誤的資料。,toeic_basic,2,Finance,Investment,"TOEIC,Reading,Part5,Part7",adj./adv.
yeah,/ˈjæ/,表示肯定，同意或肯定的口語表達。,"Client: Do you confirm the delivery date?  Representative: Yeah, it's scheduled for next Tuesday.",客戶：您確認交貨日期嗎？ 代表：是的，已排定下週二交貨。,toeic_basic,2,Logistics,Transit,"TOEIC,Reading,Part5,Part7",interjection/adv.
year,/ˈjɪɹ/,年,The company reported record profits this year.,公司今年實現了創紀錄的利潤。,toeic_basic,2,Finance,Investment,"TOEIC,Reading,Part5,Part7",n.
yes,/ˈjɛs/,是,Do you agree with the proposal?,你同意這項提案嗎？,toeic_basic,2,Technical,ITSupport,"TOEIC,Reading,Part5,Part7",interjection/adv.
yet,/ˈjɛt/,至今,Has the new software update been released yet?,新的軟體更新發布了嗎？,toeic_basic,2,Technical,ITSupport,"TOEIC,Reading,Part5,Part7",adv./conjunction
young,/ˈjəŋ/,年輕的,She is a young professional with a lot of potential.,她是一位充滿潛力、年輕的專業人士。,toeic_basic,2,Technical,ITSupport,"TOEIC,Reading,Part5,Part7",adj.
zero,/ˈziɹoʊ/,零,The temperature dropped to zero degrees Celsius last night.,昨晚氣溫降到攝氏零度。,toeic_basic,2,Corporate,GeneralBusiness,"TOEIC,Reading,Part5,Part7",n./adj.
aboard,/əˈbɔɹd/,登上,All passengers are requested to board the flight immediately.,請所有乘客立即登上飛機。,toeic_basic,2,CorporateGovernance,BoardOfDirectors,"TOEIC,Reading,Part5,Part7",adv./preposition
acts,/ˈæks/,行為,The company's actions demonstrated a commitment to environmental sustainability.,該公司的行為展現了對環境永續發展的承諾。,toeic_basic,2,Technical,ITSupport,"TOEIC,Reading,Part5,Part7",n./v.
added,/ˈædəd/,新增,The marketing team added a new feature to the product to attract more customers.,行銷團隊為產品新增了一個功能，以吸引更多客戶。,toeic_basic,2,Marketing,Sales,"TOEIC,Reading,Part5,Part7",v./adj.
admin,/ˈædmɪn/,管理者,The IT admin is responsible for maintaining the company's network security.,IT 管理員負責維護公司的網路安全。,toeic_basic,2,Technical,ITSupport,"TOEIC,Reading,Part5,Part7",n.
admit,/ədˈmɪt/,承認,The company admitted a slight delay in the project's completion.,公司承認專案完成略有延遲。,toeic_basic,2,Technical,ITSupport,"TOEIC,Reading,Part5,Part7",v.
aid,/ˈeɪd/,援助,The department implemented innovative aid procedures to improve operational efficiency.,部門實施創新的aid程序以提高營運效率。,toeic_basic,2,Corporate,GeneralBusiness,"TOEIC,Reading,Part5,Part7",n.
aim,/ˈeɪm/,目標,The department implemented innovative aim procedures to improve operational efficiency.,部門實施創新的aim程序以提高營運效率。,toeic_basic,2,Corporate,GeneralBusiness,"TOEIC,Reading,Part5,Part7",n.
aimed,/ˈeɪmd/,針對...而定,The marketing campaign was aimed at young professionals.,這項行銷活動的目標是針對年輕專業人士。,toeic_basic,2,Marketing,Advertising,"TOEIC,Reading,Part5,Part7",v.
airfare,/ˈɛɹˌfɛɹ/,機票費用,The company will reimburse employees for their airfare and accommodation expenses.,公司將會退償員工的機票費用和住宿費用。,toeic_basic,2,HumanResources,Compensation,"TOEIC,Reading,Part5,Part7",n.
aisle,/ˈaɪəɫ/,走道,The manager asked the staff to keep the aisles clear of boxes for safety reasons.,經理要求員工為了安全起見，保持走道上沒有任何箱子。,toeic_basic,2,HumanResources,Compensation,"TOEIC,Reading,Part5,Part7",n.
alarm,/əˈɫɑɹm/,警報,The security system will alarm if there's any unauthorized access.,如果有人未經授權進入，安全系統會發出警報。,toeic_basic,2,Technical,ITSupport,"TOEIC,Reading,Part5,Part7",n./v.
lodging,/ˈlɑːdʒɪŋ/,住宿，住宿設施,The conference registration fee covers two nights of hotel lodging.,會議報名費包含兩晚的飯店住宿費用。,toeic_basic,2,Travel,Hospitality,"TOEIC,Reading,Part5,Part7",n.
check,/tʃek/,檢查，支票,Please check the document for errors.,請檢查文件是否有錯誤。,toeic_basic,2,Travel,LogisticsAndTransit,"TOEIC,Listening,Reading,Part3,Part7",v.
bean,/bean/,豆類；豆子，常指大豆、黃豆等。,The supplier confirmed that the shipment of beans will arrive next week.,供應商確認豆類貨物下週會到貨。,toeic_basic,2,Logistics,Transit,"TOEIC,Reading,Part5,Part7",n.
corn,/corn/,玉米；（商業情境中指）玉米產業、玉米產品,The company is sourcing corn from local farmers to reduce transportation costs.,公司正在向當地農民採購玉米，以降低運輸成本。,toeic_basic,2,Logistics,SupplyChain,"TOEIC,Reading,Part5,Part7",n.
grams,/grams/,公克，一種重量單位，常用於測量商品重量。,"The package weighs 2.5 grams, so it qualifies for the discounted shipping rate.",這包裹重 2.5 公克，因此符合折扣運費的資格。,toeic_basic,2,Marketing,Sales,"TOEIC,Reading,Part5,Part7",n.
rope,/rope/,繩索；纜繩，常用於綑綁、連接或提升物品。,The shipping department needs to secure the pallets with rope before loading them onto the truck.,裝貨前，運輸部門需要用繩索固定托盤，再將其裝上卡車。,toeic_basic,2,Travel,Hospitality,"TOEIC,Reading,Part5,Part7",n.
tina,/tina/,縮寫，通常指 Tina，代表 Total Inventory Assessment，全盤庫存評估，用於衡量庫存管理效率。,The logistics team is using the latest Tina report to optimize warehouse storage.,物流團隊正在使用最新的 Tina 報告來優化倉庫儲存。,toeic_basic,2,Logistics,Transit,"TOEIC,Reading,Part5,Part7",n.
abandon,/əˈbændən/,拋棄，放棄,Never abandon your dreams.,永遠不要放棄你的夢想。,toeic_basic,2,Corporate,GeneralBusiness,"TOEIC,Reading,Part5,Part7",v.
abolish,/əˈbɒlɪʃ/,廢除，廢止,The government decided to abolish the old tax law.,政府決定廢除舊的稅法。,toeic_basic,2,Legal,Compliance,"TOEIC,Reading,Part5,Part7",v.
accept,/əkˈsept/,接受，同意,We are pleased to accept your offer.,我們很高興接受您的提議。,toeic_basic,2,Corporate,GeneralBusiness,"TOEIC,Reading,Part5,Part7",v.
achieve,/əˈtʃiːv/,達到，完成,We hope to achieve our sales goals this quarter.,我們希望本季度能實現銷售目標。,toeic_basic,2,Marketing,Sales,"TOEIC,Reading,Part5,Part7",v.
acquire,/əˈkwaɪər/,獲得，學得,She managed to acquire a good knowledge of English.,她成功掌握了良好的英語知識。,toeic_basic,2,Corporate,GeneralBusiness,"TOEIC,Reading,Part5,Part7",v.
agenda,/əˈdʒendə/,議程，討論事項,The meeting agenda was distributed this morning.,會議議程已於今早分發。,toeic_basic,2,Corporate,Meetings,"TOEIC,Reading,Part5,Part7",n.
analyze,/ˈænəlaɪz/,分析,We need to analyze the data before making a decision.,我們需要在做出決定前分析數據。,toeic_basic,2,Corporate,GeneralBusiness,"TOEIC,Reading,Part5,Part7",v.
appoint,/əˈpɔɪnt/,任命，指定,They will appoint a new director next week.,他們將於下週任命一位新董事。,toeic_basic,2,CorporateGovernance,CorporateStrategy,"TOEIC,Reading,Part5,Part7",v.
assert,/əˈsɜːrt/,斷言，聲稱,She continued to assert her innocence.,她繼續聲稱自己是無辜的。,toeic_basic,2,Corporate,GeneralBusiness,"TOEIC,Reading,Part5,Part7",v.
assess,/əˈses/,評估，估定,The consultant will assess our performance.,顧問將評估我們的績效。,toeic_basic,2,Corporate,GeneralBusiness,"TOEIC,Reading,Part5,Part7",v.
asset,/ˈæset/,資產，有價值的人事物,Employees are our company's greatest asset.,員工是我們公司最大的資產。,toeic_basic,2,Finance,Investment,"TOEIC,Reading,Part6,Part7",n.
attach,/əˈtætʃ/,附上，連結,Please attach your resume to the email.,請將您的簡歷附在電子郵件中。,toeic_basic,2,HumanResources,Compensation,"TOEIC,Reading,Part5,Part7",v.
attract,/əˈtrækt/,吸引,The event aims to attract new customers.,該活動旨在吸引新客戶。,toeic_basic,2,Corporate,GeneralBusiness,"TOEIC,Reading,Part5,Part7",v.
barrier,/ˈbæriər/,障礙，阻礙,Language should not be a barrier to friendship.,語言不應該成為友誼的障礙。,toeic_basic,2,Corporate,GeneralBusiness,"TOEIC,Reading,Part5,Part7",v.
benefit,/ˈbenɪfɪt/,利益，得益,The new policy will benefit local businesses.,新政策將使本地企業受益。,toeic_basic,2,HumanResources,Compensation,"TOEIC,Reading,Part5,Part7",v.
beverage,/ˈbevərɪdʒ/,飲料,Complimentary beverages are served in the lounge.,貴賓室內免費提供飲料。,toeic_basic,2,Travel,Dining,"TOEIC,Listening,Reading,Part3,Part7",n.
bill,/bɪl/,帳單，票據,Please send us the bill for the services.,請將服務帳單寄給我們。,toeic_basic,2,Finance,BankingAndAccounting,"TOEIC,Reading,Part6,Part7",n.
catering,/ˈkeɪtərɪŋ/,餐飲服務，承辦酒席,We hired a professional catering company.,我們聘請了一家專業的餐飲服務公司。,toeic_basic,2,HumanResources,Compensation,"TOEIC,Listening,Reading,Part3,Part7",n.
certify,/ˈsɜːrtɪfaɪ/,證明，保證,This document will certify your completion.,此文件將證明您已完成課程。,toeic_basic,2,Corporate,GeneralBusiness,"TOEIC,Reading,Part5,Part7",v.
channel,/ˈtʃænl/,頻道，渠道,We need to find a better channel of communication.,我們需要尋找更好的溝通渠道。,toeic_basic,2,Corporate,GeneralBusiness,"TOEIC,Reading,Part5,Part7",v.
charge,/tʃɑːrdʒ/,收費，負責,We do not charge for delivery services.,我們不收取送貨服務費。,toeic_basic,2,Logistics,Transit,"TOEIC,Reading,Part5,Part7",v.
clarify,/ˈklærəfaɪ/,澄清，闡明,Could you please clarify your question?,能請你澄清一下你的問題嗎？,toeic_basic,2,Corporate,GeneralBusiness,"TOEIC,Reading,Part5,Part7",v.
command,/kəˈmænd/,命令，指揮,He has a good command of business English.,他精通商務英語。,toeic_basic,2,Corporate,GeneralBusiness,"TOEIC,Reading,Part5,Part7",v.
commit,/kəˈmɪt/,承諾，犯錯,We commit to providing high-quality service.,我們承諾提供高品質的服務。,toeic_basic,2,Travel,Hospitality,"TOEIC,Reading,Part5,Part7",v.
commute,/kəˈmjuːt/,通勤，通學,He has a thirty-minute commute to work.,他上班通勤需要三十分鐘。,toeic_basic,2,Corporate,DailyWork,"TOEIC,Reading,Part5,Part7",n./v.
compile,/kəˈpaɪl/,彙編，編輯,We need to compile all the test results.,我們需要彙編所有的測試結果。,toeic_basic,2,Corporate,GeneralBusiness,"TOEIC,Reading,Part5,Part7",v.
complex,/kəmˈpleks/,複雜的,The brain is a complex organ.,大腦是一個複雜的器官。,toeic_basic,2,Corporate,GeneralBusiness,"TOEIC,Reading,Part5,Part7",adj.
comply,/kəˈplaɪ/,遵守，順從,We must comply with the safety regulations.,我們必須遵守安全規範。,toeic_basic,2,Technical,ITSupport,"TOEIC,Reading,Part5,Part7",v.
compose,/kəmˈpoʊz/,組成，寫作,She needs to compose a formal email.,她需要撰寫一封正式的電子郵件。,toeic_basic,2,Corporate,GeneralBusiness,"TOEIC,Reading,Part5,Part7",v.
concede,/kənˈsiːd/,承認，讓步,He was forced to concede defeat.,他被迫承認失敗。,toeic_basic,2,Corporate,GeneralBusiness,"TOEIC,Reading,Part5,Part7",v.
conduct,/kənˈdʌkt/,進行，實施,The company will conduct a customer satisfaction survey.,公司將進行一項客戶滿意度調查。,toeic_basic,2,Corporate,GeneralBusiness,"TOEIC,Reading,Part5,Part7",v.
confer,/kənˈfɜːr/,協商，授予,The managers will confer on the budget.,經理們將商討預算。,toeic_basic,2,Finance,Investment,"TOEIC,Reading,Part5,Part7",n.
confine,/kənˈfaɪn/,限制，監禁,Please confine your comments to the topic.,請將您的評論限制在該主題之內。,toeic_basic,2,Corporate,GeneralBusiness,"TOEIC,Reading,Part5,Part7",v.
confirm,/kənˈfɜːrm/,確認，證實,I want to confirm my flight reservation.,我想確認我的航班預訂。,toeic_basic,2,Travel,Transit,"TOEIC,Reading,Part5,Part7",v.
consent,/kənˈsent/,同意，准許,You need written consent from your parents.,你需要父母的書面同意。,toeic_basic,2,Technical,ITSupport,"TOEIC,Reading,Part5,Part7",v.
consult,/kənˈsʌlt/,諮詢，商量,You should consult a doctor before starting a diet.,在開始節食之前，你應該諮詢醫生。,toeic_basic,2,Corporate,GeneralBusiness,"TOEIC,Reading,Part5,Part7",n.
consume,/kənˈsuːm/,消耗，消費,Cars consume a lot of fuel.,汽車消耗很多燃料。,toeic_basic,2,Corporate,GeneralBusiness,"TOEIC,Reading,Part5,Part7",v.
convene,/kənˈviːn/,召集，集合,The committee will convene tomorrow morning.,委員會將於明天上午召集會議。,toeic_basic,2,Technical,ITSupport,"TOEIC,Reading,Part5,Part7",v.
courier,/ˈkʊriər/,快遞，信差,The contract was delivered by overnight courier.,合同是由隔夜快遞送達的。,toeic_basic,2,Logistics,Transit,"TOEIC,Reading,Part5,Part7",n.
credit,/ˈkredɪt/,信用，賒購,We will credit the money to your account.,我們會將款項記入您的帳戶。,toeic_basic,2,Finance,Investment,"TOEIC,Reading,Part5,Part7",v.
decade,/ˈdekeɪd/,十年,The company has grown significantly in the past decade.,公司在過去的十年中顯著增長。,toeic_basic,2,Corporate,GeneralBusiness,"TOEIC,Reading,Part5,Part7",v.
declare,/dɪˈkler/,宣布，申報,You must declare all goods at customs.,您必須在海關申報所有貨物。,toeic_basic,2,Logistics,Transit,"TOEIC,Reading,Part5,Part7",v.
decline,/dɪˈklaɪn/,下降，衰退，拒絕,The price of oil continues to decline.,石油價格繼續下跌。,toeic_basic,2,Corporate,GeneralBusiness,"TOEIC,Reading,Part5,Part7",v.
deliver,/dɪˈlɪvər/,遞送，交付,The courier will deliver the package tomorrow.,快遞員將於明天遞送包裹。,toeic_basic,2,Logistics,Transit,"TOEIC,Reading,Part5,Part7",v.
denote,/dɪˈnoʊt/,表示，指示,A red sign denotes danger.,紅色標誌表示危險。,toeic_basic,2,Corporate,GeneralBusiness,"TOEIC,Reading,Part5,Part7",n.
depend,/dɪˈpend/,依賴，取決於,Success depends on teamwork.,成功取決於團隊合作。,toeic_basic,2,Corporate,GeneralBusiness,"TOEIC,Reading,Part5,Part7",v.
depict,/dɪˈpɪkt/,描繪，描述,The painting depicts a beautiful sunset.,這幅畫描繪了美麗的落日。,toeic_basic,2,Corporate,GeneralBusiness,"TOEIC,Reading,Part5,Part7",v.
derive,/dɪˈraɪv/,源於，獲得,Many words in English are derived from Latin.,英語中許多單詞源於拉丁語。,toeic_basic,2,Corporate,GeneralBusiness,"TOEIC,Reading,Part5,Part7",v.
desire,/dɪˈzaɪər/,渴望，期望,They desire to expand into Asia next year.,他們渴望明年擴張到亞洲。,toeic_basic,2,Corporate,GeneralBusiness,"TOEIC,Reading,Part5,Part7",v.
detail,/dɪˈteɪl/,細節，詳述,The proposal details our marketing plan.,該提案詳細介紹了我們的行銷計劃。,toeic_basic,2,Marketing,Sales,"TOEIC,Reading,Part5,Part7",v.
develop,/dɪˈveləp/,開發，發展,We aim to develop a new service line.,我們的目標是開發新的服務線。,toeic_basic,2,Corporate,GeneralBusiness,"TOEIC,Reading,Part5,Part7",v.
deviate,/ˈdiːvieɪt/,偏離，背離,Do not deviate from the plan.,不要偏離計劃。,toeic_basic,2,Corporate,GeneralBusiness,"TOEIC,Reading,Part5,Part7",v.
devote,/dɪˈvoʊt/,奉獻，致力於,He devotes all his free time to photography.,他把所有的空閒時間都奉獻給了攝影。,toeic_basic,2,Corporate,GeneralBusiness,"TOEIC,Reading,Part5,Part7",v.
distort,/dɪˈstɔːrt/,扭曲，歪曲,The media distorted the truth.,媒體歪曲了事實。,toeic_basic,2,Corporate,GeneralBusiness,"TOEIC,Reading,Part5,Part7",v.
diverse,/daɪˈvɜːrs/,多樣的，不同的,"The city has a diverse population.,",這座城市擁有多樣化的人口。,toeic_basic,2,Technical,ITSupport,"TOEIC,Reading,Part5,Part7",adj.
dynamic,/daɪˈnæmɪk/,動態的，有活力的,He is a dynamic and enthusiastic teacher.,他是一位充滿活力和熱情的老師。,toeic_basic,2,Corporate,GeneralBusiness,"TOEIC,Reading,Part5,Part7",adj.
emerge,/ɪˈmɜːrdʒ/,出現，顯露,The sun emerged from behind the clouds.,太陽從雲層後面露了出來。,toeic_basic,2,Corporate,GeneralBusiness,"TOEIC,Reading,Part5,Part7",v.
employ,/ɪmˈplɔɪ/,僱用，使用,They plan to employ fifty new staff members.,他們計劃僱用五十名新員工。,toeic_basic,2,HumanResources,Compensation,"TOEIC,Listening,Reading,Part3,Part7",v.
endorse,/ɪnˈdɔːrs/,背書，贊同,The celebrity agreed to endorse the product.,該名人同意為該產品代言。,toeic_basic,2,Technical,ITSupport,"TOEIC,Reading,Part5,Part7",n.
enrich,/ɪnˈrɪtʃ/,使豐富，使充實,Training will enrich employee knowledge.,培訓將充實員工知識。,toeic_basic,2,HumanResources,Compensation,"TOEIC,Reading,Part5,Part7",v.
ensure,/ɪnˈʃʊr/,確保，保證,Please ensure that all doors are locked.,請確保所有門都鎖好了。,toeic_basic,2,Corporate,GeneralBusiness,"TOEIC,Reading,Part5,Part7",v.
entity,/ˈentəti/,實體，獨立存在,The two companies will merge into a single entity.,這兩家公司將合併為一個實體。,toeic_basic,2,Technical,ITSupport,"TOEIC,Reading,Part5,Part7",v.
equip,/ɪˈkwɪp/,裝備，配備,We will equip the office with modern tools.,我們將為辦公室配備現代化工具。,toeic_basic,2,Technical,ITSupport,"TOEIC,Reading,Part5,Part7",v.
exhibit,/ɪɡˈzɪbɪt/,展示，陳列,They will exhibit new products at the expo.,他們將在博覽會上展出新產品。,toeic_basic,2,Technical,ITSupport,"TOEIC,Reading,Part5,Part7",v.
exploit,/ɪkˈsplɔɪt/,利用，開發,We must exploit new business opportunities.,我們必須開拓新的商機。,toeic_basic,2,Technical,ITSupport,"TOEIC,Reading,Part5,Part7",v.
express,/ɪkˈspres/,表達，表示,Clients express satisfaction with our service.,客戶對我們的服務表示滿意。,toeic_basic,2,Marketing,Sales,"TOEIC,Reading,Part5,Part7",n.
forward,/ˈfɔːrwərd/,轉發，推進,Please forward the invoice to accounting.,請將發票轉發至會計部。,toeic_basic,2,Finance,Investment,"TOEIC,Reading,Part5,Part7",v.
fund,/fʌnd/,資助，撥款,Investors agreed to fund the research project.,投資者同意資助這項研究項目。,toeic_basic,2,Finance,Investment,"TOEIC,Reading,Part6,Part7",n.
impress,/ɪmˈpres/,留下深刻印象,Her presentation impressed the investors.,她的演講給投資者留下了深刻印象。,toeic_basic,2,Finance,Investment,"TOEIC,Reading,Part5,Part7",v.
inform,/ɪnˈfɔːrm/,通知，告知,Please inform the team of the schedule change.,請通知團隊日程變更。,toeic_basic,2,Corporate,GeneralBusiness,"TOEIC,Reading,Part5,Part7",v.
inquiry,/ˈɪnkwəri/,詢問，調查,Send an inquiry to customer service today.,今天向客戶服務部發送諮詢。,toeic_basic,2,Corporate,GeneralBusiness,"TOEIC,Reading,Part5,Part7",v.
install,/ɪnˈstɔːl/,安裝，安置,Technicians will install the new software.,技術人員將安裝新軟體。,toeic_basic,2,Technical,ITSupport,"TOEIC,Reading,Part5,Part7",v.
insure,/ɪnˈʃʊr/,投保，保險,We need to insure the inventory against loss.,我們需要為庫存投保以防損失。,toeic_basic,2,Logistics,SupplyChain,"TOEIC,Reading,Part5,Part7",v.
launch,/lɔːntʃ/,發起，上市,They will launch the advertising campaign tomorrow.,他們明天將啟動宣傳活動。,toeic_basic,2,Marketing,Advertising,"TOEIC,Reading,Part5,Part7",v.
lecture,/ˈlektʃər/,演講，講課,The professor will lecture on economics.,教授將就經濟學發表演講。,toeic_basic,2,Corporate,GeneralBusiness,"TOEIC,Reading,Part5,Part7",v.
manage,/ˈmænɪdʒ/,管理，處置,She manages a global sales department.,她管理一個全球銷售部門。,toeic_basic,2,Marketing,Sales,"TOEIC,Reading,Part5,Part7",n.
modify,/ˈmɑːdɪfaɪ/,修改，更改,Engineers will modify the design parameters.,工程師將修改設計參數。,toeic_basic,2,Corporate,GeneralBusiness,"TOEIC,Reading,Part5,Part7",v.
navigate,/ˈnævɪɡeɪt/,導航，應對,Managers must navigate regulatory changes.,經理們必須妥善應對法規變化。,toeic_basic,2,Travel,LogisticsAndTransit,"TOEIC,Listening,Reading,Part3,Part7",v.
notice,/ˈnoʊtɪs/,注意，通知,Customers noticed the improved app speed.,客戶注意到了應用程式速度的提升。,toeic_basic,2,Corporate,GeneralBusiness,"TOEIC,Reading,Part5,Part7",v.
occupy,/ˈɑːkjupaɪ/,佔用，佔領,The company occupies three floors of the tower.,該公司佔用大樓的三個樓層。,toeic_basic,2,Corporate,GeneralBusiness,"TOEIC,Reading,Part5,Part7",v.
oppose,/əˈpoʊz/,反對，抗爭,Shareholders oppose the hostile takeover.,股東反對這項惡意收購。,toeic_basic,2,CorporateGovernance,BoardOfDirectors,"TOEIC,Reading,Part5,Part7",v.
oversee,/ˌoʊvərˈsiː/,監督，審視,The director will oversee quality assurance.,董事將監督品質保證工作。,toeic_basic,2,CorporateGovernance,CorporateStrategy,"TOEIC,Reading,Part5,Part7",v.
penalty,/ˈpenəlti/,罰款，處罰,Late cancellation incurs a monetary penalty.,延遲取消預約將會產生罰款。,toeic_basic,2,Corporate,GeneralBusiness,"TOEIC,Reading,Part5,Part7",n.
receipt,/rɪˈsiːt/,收據，收條,Keep your purchase receipt for any warranty claim.,請保留購買收據以便保固索賠。,toeic_basic,2,Corporate,GeneralBusiness,"TOEIC,Reading,Part5,Part7",v.
tenant,/ˈtenənt/,承租人，房客,Commercial tenants signed the building lease.,商業承租人簽署了大樓租約。,toeic_basic,2,Travel,Hospitality,"TOEIC,Listening,Reading,Part3,Part7",n.
vacancy,/ˈveɪkənsi/,空缺，空位,We have an urgent job vacancy in accounting.,我們在會計部門有一個急迫的職缺。,toeic_basic,2,Finance,Investment,"TOEIC,Listening,Reading,Part3,Part7",n.
dispute,/dɪˈspjuːt/,爭議，爭端,The union settled the labor dispute peacefully.,工會和平解決了這場勞資爭議。,toeic_basic,2,Corporate,GeneralBusiness,"TOEIC,Reading,Part5,Part7",n.
binding,/ˈbaɪndɪŋ/,具約束力的,This purchase agreement is legally binding on both sides.,本購買協議對雙方均具有法律約束力。,toeic_basic,2,Legal,Compliance,"TOEIC,Reading,Part5,Part7",n.
retail,/ˈriːteɪl/,零售，零售的,Retail sales surged during the holiday weekend.,假日週末期間零售銷售額激增。,toeic_basic,2,Marketing,Sales,"TOEIC,Reading,Part5,Part7",n.
cubicle,/ˈkjuːbɪkl/,隔間辦公室，小隔間,He decorated his office cubicle with family photos.,他在辦公室小隔間裡擺放了家庭合照。,toeic_basic,2,Technical,ITSupport,"TOEIC,Reading,Part5,Part7",n.
mentor,/ˈmentɔːr/,導師，指導者,Senior engineers mentor junior developers on the team.,資深工程師指導團隊中的初級開發人員。,toeic_basic,2,Corporate,GeneralBusiness,"TOEIC,Reading,Part5,Part7",n.
retiree,/rɪˌtaɪəˈriː/,退休人員,The company picnic welcomed current staff and retirees.,公司野餐活動熱烈歡迎現任員工與退休同仁。,toeic_basic,2,HumanResources,Compensation,"TOEIC,Reading,Part5,Part7",n.
teller,/ˈtelər/,銀行櫃員，出納員,The bank teller cashed the customer's personal check.,銀行櫃員為顧客兌現了個人支票。,toeic_basic,2,Corporate,GeneralBusiness,"TOEIC,Reading,Part5,Part7",n.
layover,/ˈleɪoʊvər/,轉機停留，中途停留,Our flight to London includes a two-hour layover.,我們飛往倫敦的航班包括在東京兩小時的轉機停留。,toeic_basic,2,Travel,Transit,"TOEIC,Reading,Part5,Part7",n.
amenity,/əˈmenəti/,便利設施，休閒設施,Hotel amenities include an indoor pool and free Wi-Fi.,酒店的休閒設施包括室內泳池與免費無線網路。,toeic_basic,2,Travel,Hospitality,"TOEIC,Reading,Part5,Part7",n.
shuttle,/ˈʃʌtl/,接駁車，穿梭班車,A complimentary airport shuttle runs every fifteen minutes.,免費機場接駁車每十五分鐘發出一班。,toeic_basic,2,Corporate,GeneralBusiness,"TOEIC,Reading,Part5,Part7",n.
customs,/ˈkʌstəmz/,海關，關稅,Declare all agricultural goods at international customs.,在國際海關申報所有隨身攜帶的農產品。,toeic_basic,2,Logistics,Transit,"TOEIC,Reading,Part5,Part7",n.
baggage,/ˈbæɡɪdʒ/,行李,Claim your checked baggage at carousel number three.,請在三號行李轉盤處領取您的託運行李。,toeic_basic,2,Travel,Hospitality,"TOEIC,Reading,Part5,Part7",n.
deluxe,/dɪˈlʌks/,豪華的，高級的,Guests enjoyed complimentary breakfast in deluxe rooms.,入住豪華客房的賓客享有免費早餐待遇。,toeic_basic,2,Corporate,GeneralBusiness,"TOEIC,Reading,Part5,Part7",n.
transit,/ˈtrænzɪt/,過境，轉運,Passengers in transit remained inside the terminal.,過境轉機旅客留在航廈內候機。,toeic_basic,2,Logistics,Transit,"TOEIC,Reading,Part5,Part7",n.
buffet,/bəˈfeɪ/,自助餐,The hotel serves a generous breakfast buffet daily.,酒店每天供應豐盛的自助早餐。,toeic_basic,2,Travel,Hospitality,"TOEIC,Reading,Part5,Part7",n.
spares,/sperz/,備用零件，備件,Keep adequate spares on hand for emergency repairs.,手邊應保留足夠的備用零件以備緊急維修。,toeic_basic,2,Manufacturing,Production,"TOEIC,Reading,Part5,Part7",n.
malware,/ˈmælwer/,惡意軟體,Install antivirus software to protect against malware.,安裝防毒軟體以防禦惡意軟體的侵害。,toeic_basic,2,Technical,ITSupport,"TOEIC,Reading,Part5,Part7",n.
portal,/ˈpɔːrtl/,門戶網站，入口網站,Log in to the employee portal to view payslips.,請登入員工內部入口網站查看薪資單。,toeic_basic,2,HumanResources,Compensation,"TOEIC,Reading,Part5,Part7",n.
venture,/ˈventʃər/,創投，冒險事業,The joint venture developed clean energy technology.,這家合資企業成功研發出了綠色清潔能源技術。,toeic_basic,2,Technical,ITSupport,"TOEIC,Reading,Part5,Part7",n.
hazard,/ˈhæzərd/,危險，危害物,Chemical spills present a serious workplace health hazard.,化學品洩漏會造成嚴重的工作場所安全危害。,toeic_basic,2,Corporate,GeneralBusiness,"TOEIC,Reading,Part5,Part7",n.
hygiene,/ˈhaɪdʒiːn/,衛生，清潔習慣,Food handlers must maintain impeccable personal hygiene.,食品從業人員必須隨時保持無可挑剔的個人衛生。,toeic_basic,2,Corporate,GeneralBusiness,"TOEIC,Reading,Part5,Part7",n.
ability,/əˈbɪɫəˌti/,能力，才能,The candidate's ability to manage projects effectively impressed the hiring manager.,這位候選人有效管理專案的能力讓招聘經理印象深刻。,toeic_basic,2,Technical,ITSupport,"TOEIC,Reading,Part5,Part7",n.
able,/ˈeɪbəɫ/,有能力，能夠,The candidate is able to manage multiple projects simultaneously.,這位候選人能夠同時管理多個專案。,toeic_basic,2,Corporate,DailyWork,"TOEIC,Reading,Part5,Part7",adj./adv.
abroad,/əˈbɹɔd/,在國外,The company is expanding its operations abroad.,該公司正在海外擴展業務。,toeic_basic,2,Travel,Hospitality,"TOEIC,Reading,Part5,Part7",adv./preposition
absent,/ˈæbsənt/,缺席的,The employee was absent from the meeting due to a family emergency.,這位員工因家裡突發狀況缺席會議。,toeic_basic,2,HumanResources,Compensation,"TOEIC,Reading,Part5,Part7",adj./adv.
across,/əˈkɹɔs/,橫跨,The new bridge will allow employees to walk across the street to the office building.,新的橋樑將允許員工橫過馬路前往辦公大樓。,toeic_basic,2,HumanResources,Compensation,"TOEIC,Reading,Part5,Part7",preposition/adv.
active,/ˈæktɪv/,積極的,The company is actively seeking new markets to expand its business.,該公司正積極尋找新的市場以擴展其業務。,toeic_basic,2,Marketing,Sales,"TOEIC,Reading,Part5,Part7",adj./v.
actual,/ˈækʃəɫ/,實際的,The actual cost of the project exceeded the initial budget by 15%.,專案的實際成本比最初預算高出 15%。,toeic_basic,2,Finance,Investment,"TOEIC,Reading,Part5,Part7",adj.
adding,/ˈædɪŋ/,增加,The company is adding new features to its software to improve user experience.,該公司正在為其軟體新增功能，以改善使用者體驗。,toeic_basic,2,Travel,Hospitality,"TOEIC,Reading,Part5,Part7",v./adj.
address,/ˈæˌdɹɛs/,地址,Please send the invoice to the following address.,請將發票寄至以下地址。,toeic_basic,2,Finance,Investment,"TOEIC,Reading,Part5,Part7",n./v.
advice,/ædˈvaɪs/,建議,I would appreciate your advice on how to negotiate a better deal with the supplier.,我會很感激您能給我一些關於如何與供應商談判更好協議的建議。,toeic_basic,2,Technical,ITSupport,"TOEIC,Reading,Part5,Part7",n./v.
affect,/əˈfɛkt/,影響,The recent economic downturn has significantly affected the company's profits.,最近的經濟衰退對公司的利潤產生了顯著影響。,toeic_basic,2,Finance,Investment,"TOEIC,Reading,Part5,Part7",v.
afraid,/əˈfɹeɪd/,害怕，擔心，通常指對潛在風險或負面結果的恐懼。,I'm afraid I won't be able to meet the deadline due to unforeseen circumstances.,恐怕由於一些不可預見的情況，我無法按時完成任務。,toeic_basic,2,Corporate,Communication,"TOEIC,Reading,Part5,Part7",adj./adv.
against,/əˈɡeɪnst/,對抗,The company is taking legal action against the supplier for breach of contract.,該公司因違反合約而對供應商採取法律行動。,toeic_basic,2,Legal,Contracts,"TOEIC,Reading,Part5,Part7",preposition/adv.
agency,/ˈeɪdʒənsi/,經紀公司,Our company uses a recruitment agency to find qualified candidates for the marketing position.,我們公司使用招聘機構來為行銷職位尋找合格的候選人。,toeic_basic,2,HumanResources,Recruitment,"TOEIC,Reading,Part5,Part7",n.
agreed,/əˈɡɹid/,同意,The board of directors agreed to the proposed merger.,董事會同意了這項擬定的合併案。,toeic_basic,2,CorporateGovernance,BoardOfDirectors,"TOEIC,Reading,Part5,Part7",v./adj.
agrees,/əˈɡɹiz/,同意,The board of directors agrees with the proposed merger.,董事會同意這項擬定的合併案。,toeic_basic,2,CorporateGovernance,BoardOfDirectors,"TOEIC,Reading,Part5,Part7",v.
airlines,/ˈɛɹˌɫaɪnz/,航空公司,Several airlines have announced fare reductions for the upcoming holiday season.,多家航空公司已宣布即將到來的假期期間的票價降低。,toeic_basic,2,Travel,Transit,"TOEIC,Reading,Part5,Part7",n.
airplane,/ˈɛɹˌpɫeɪn/,飛機，一種用於空中運輸人員或貨物的交通工具。,The company is considering purchasing a new airplane to expand its international routes.,公司正在考慮購買一架新飛機以擴展其國際航線。,toeic_basic,2,Technical,ITSupport,"TOEIC,Reading,Part5,Part7",n.
airports,/ˈɛɹˌpɔɹts/,機場，通常指國際或國內航空運輸的樞紐。,The company is expanding its operations to several major airports worldwide.,公司正在擴展其業務到世界幾個主要的機場。,toeic_basic,2,Travel,Transit,"TOEIC,Reading,Part5,Part7",n.
allowed,/əˈɫaʊd/,被允許的,"All employees are allowed to work remotely on Fridays, provided they meet the security requirements.",只要符合安全要求，所有員工在星期五都被允許遠端工作。,toeic_basic,2,HumanResources,Compensation,"TOEIC,Reading,Part5,Part7",v./adj.
allows,/əˈɫaʊz/,允許,The company's policy allows employees to work remotely two days a week.,公司的政策允許員工每週在家工作兩天。,toeic_basic,2,HumanResources,Compensation,"TOEIC,Reading,Part5,Part7",v.
almost,/ˈɔɫˌmoʊst/,幾乎,"The project is almost complete, and we expect to launch it next week.",這個專案幾乎完成了，我們預計下週將會推出。,toeic_basic,2,Technical,ITSupport,"TOEIC,Reading,Part5,Part7",adv.
already,/ɔˈɹɛdi/,表示動作或情況已經發生，通常用於強調時間先後或完成。,"The report is already submitted, so please do not send a reminder.",報告已經提交，請不要發送提醒。,toeic_basic,2,Technical,ITSupport,"TOEIC,Reading,Part5,Part7",adv.
alright,/ˌɔɫˈɹaɪt/,好的,Is everything alright with you?,你一切都還好嗎？,toeic_basic,2,Technical,ITSupport,"TOEIC,Reading,Part5,Part7",adj./adv.
always,/ˈɔɫˌweɪz/,總是,She always double-checks her reports before submitting them.,她提交報告前總是會再三檢查。,toeic_basic,2,Technical,ITSupport,"TOEIC,Reading,Part5,Part7",adv.
amazing,/əˈmeɪzɪŋ/,令人驚嘆的,The presentation was truly amazing; the data clearly demonstrated the project's success.,簡報非常令人驚嘆；數據清楚地展現了專案的成功。,toeic_basic,2,Corporate,DailyWork,"TOEIC,Reading,Part5,Part7",adj.
annual,/ˈænjuəɫ/,每年的,The company will hold its annual shareholders' meeting next Thursday.,公司將於下週四舉行年度股東大會。,toeic_basic,2,CorporateGovernance,BoardOfDirectors,"TOEIC,Reading,Part5,Part7",adj.
another,/əˈnəðɝ/,另一個,Could you please give me another chance?,請再給我一次機會好嗎？,toeic_basic,2,Corporate,Communication,"TOEIC,Reading,Part5,Part7",determiner/pronoun
answer,/ˈænsɝ/,回覆,Could you please answer the questionnaire before the meeting?,請在會議前填寫問卷並回覆。,toeic_basic,2,Corporate,Communication,"TOEIC,Reading,Part5,Part7",n./v.
answers,/ˈænsɝz/,答案,The project manager needs to review the team's answers to ensure accuracy.,專案經理需要審閱團隊的答案以確保準確性。,toeic_basic,2,Corporate,Communication,"TOEIC,Reading,Part5,Part7",n./v.
anybody,/ˈɛnibədi/,任何人,Is anybody home?,家裡有人嗎？,toeic_basic,2,Corporate,Communication,"TOEIC,Reading,Part5,Part7",pronoun
anymore,/ˌɛniˈmɔɹ/,不再，從今以後不再,We no longer offer free shipping; it's not included anymore.,我們不再提供免費運送服務，從現在開始已不包含在內。,toeic_basic,2,Technical,ITSupport,"TOEIC,Reading,Part5,Part7",adv.
anyone,/ˈɛniˌwən/,任何人,Is there anyone who can speak fluent Spanish to assist our client?,請問有誰能流利地說西班牙語來協助我們的客戶嗎？,toeic_basic,2,Marketing,Sales,"TOEIC,Reading,Part5,Part7",pronoun
anytime,/ˈɛniˌtaɪm/,隨時,You can submit your expense report anytime before the end of the month.,您可以在月底前隨時提交您的費用報表。,toeic_basic,2,Technical,ITSupport,"TOEIC,Reading,Part5,Part7",adv.
anyway,/ˈɛniˌweɪ/,無論如何,"The project is behind schedule, but anyway, we're making progress.",專案落後於原定進度，但總之，我們正在取得進展。,toeic_basic,2,Corporate,Communication,"TOEIC,Reading,Part5,Part7",adv.
apology,/əˈpɑɫəˌdʒi/,道歉,The company issued an apology for the shipping delay.,該公司就運輸延誤發布了道歉聲明。,toeic_basic,2,Corporate,Communication,"TOEIC,Reading,Part5,Part7",n./v.
appear,/əˈpɪɹ/,出現,The error message appeared on the screen after the system update.,系統更新後，錯誤訊息出現在螢幕上。,toeic_basic,2,Technical,ITSupport,"TOEIC,Reading,Part5,Part7",v.
applies,/əˈpɫaɪz/,塗抹,The company applies a strict quality control process to all products.,公司對所有產品都採用嚴格的品質管制流程。,toeic_basic,2,Technical,ITSupport,"TOEIC,Reading,Part5,Part7",v.
around,/ɝˈaʊn/,在…周圍,The new cafe is just around the corner from our office.,新咖啡館就在我們辦公室的轉角處。,toeic_basic,2,Corporate,DailyWork,"TOEIC,Reading,Part5,Part7",preposition/adv.
arriving,/ɝˈaɪvɪŋ/,抵達,The flight is arriving at Gate 12 on time.,航班預計準時抵達 12 號登機門。,toeic_basic,2,Travel,Transit,"TOEIC,Reading,Part5,Part7",v./adj.
article,/ˈɑɹtəkəɫ/,文章,The company newsletter includes an article on the new marketing strategy.,公司電子報包含一篇關於新行銷策略的文章。,toeic_basic,2,Marketing,Sales,"TOEIC,Reading,Part5,Part7",n.
artist,/ˈɑɹtəst/,藝術家,The company hired an artist to create a unique logo for their new product line.,該公司聘請了一位藝術家為他們的新產品線設計一個獨特的標誌。,toeic_basic,2,HumanResources,Compensation,"TOEIC,Reading,Part5,Part7",n.
attends,/əˈtɛndz/,出席,All employees are required to attend the mandatory training session.,所有員工都必須參加強制性的培訓課程。,toeic_basic,2,HumanResources,Compensation,"TOEIC,Reading,Part5,Part7",v.
autumn,/ˈɔtəm/,秋季,The leaves turn golden and red in autumn.,樹葉在秋天變成金黃色和紅色。,toeic_basic,2,Corporate,GeneralBusiness,"TOEIC,Reading,Part5,Part7",n.
average,/ˈævɝɪdʒ/,平均值,The company's average sales figures for the quarter were slightly below target.,本季公司的平均銷售額略低於目標。,toeic_basic,2,Marketing,Sales,"TOEIC,Reading,Part5,Part7",n./adj.
backpack,/ˈbækˌpæk/,後背包,The salesperson recommended a lightweight backpack for the business trip.,銷售人員建議一位輕便後背包用於商務旅行。,toeic_basic,2,Marketing,Sales,"TOEIC,Reading,Part5,Part7",n.
bank,/ˈbæŋk/,銀行,The company deposited a large sum of money into the bank last week.,本公司上週將一大筆資金存入銀行。,toeic_basic,2,Technical,ITSupport,"TOEIC,Reading,Part5,Part7",n./v.
banks,/ˈbæŋks/,銀行,The company is seeking a bank to handle its international transactions.,該公司正在尋找一家銀行來處理其國際交易。,toeic_basic,2,Technical,ITSupport,"TOEIC,Reading,Part5,Part7",n.
basket,/ˈbæskət/,籃子,Please put the dirty towels in the laundry basket.,請把髒毛巾放到洗衣籃裡。,toeic_basic,2,Corporate,GeneralBusiness,"TOEIC,Reading,Part5,Part7",n.
bathroom,/ˈbæˌθɹum/,浴室,The hotel room includes a private bathroom with a shower and a hairdryer.,這間酒店房間配備私人浴室，內有淋浴和吹風機。,toeic_basic,2,Travel,Hospitality,"TOEIC,Reading,Part5,Part7",n.
became,/biˈkeɪm/,成為，變成,The company became a leader in the renewable energy sector after years of research and development.,經過多年的研究與開發，該公司成為了再生能源領域的領導者。,toeic_basic,2,Corporate,DailyWork,"TOEIC,Reading,Part5,Part7",v.
because,/bɪˈkɑz/,因為,I couldn't attend the meeting because I had a prior engagement.,我無法出席會議，因為我已有先前的約會。,toeic_basic,2,Corporate,Communication,"TOEIC,Reading,Part5,Part7",conjunction
become,/bɪˈkəm/,成為,The company aims to become a leader in the renewable energy sector.,該公司旨在成為可再生能源領域的領先者。,toeic_basic,2,Corporate,DailyWork,"TOEIC,Reading,Part5,Part7",v.
becomes,/bɪˈkəmz/,變成,The company's new policy becomes effective on January 1st.,公司的新規於 1 月 1 日生效。,toeic_basic,2,Corporate,DailyWork,"TOEIC,Reading,Part5,Part7",v.
bedrooms,/ˈbɛˌdɹumz/,臥室,"The hotel offers a variety of room types, from single bedrooms to spacious suites.",這家飯店提供多種房型，從單人臥室到寬敞套房。,toeic_basic,2,Travel,Hospitality,"TOEIC,Reading,Part5,Part7",n.
before,/ˌbiˈfɔɹ/,在...之前,Please submit your report before Friday.,請在星期五之前提交您的報告。,toeic_basic,2,Technical,ITSupport,"TOEIC,Reading,Part5,Part7",preposition/conjunction
begins,/bɪˈɡɪnz/,開始,The meeting begins promptly at 10:00 AM.,會議準時於上午 10:00 開始。,toeic_basic,2,Corporate,DailyWork,"TOEIC,Reading,Part5,Part7",v.
behind,/bɪˈhaɪnd/,在...後面,"The printer is behind the desk, please retrieve your documents.",印表機在桌子後面，請取回您的文件。,toeic_basic,2,Corporate,DailyWork,"TOEIC,Reading,Part5,Part7",preposition/adv.
believe,/bɪˈɫiv/,相信,We believe that our new marketing strategy will significantly increase sales.,我們相信我們的新的行銷策略將顯著提高銷售額。,toeic_basic,2,Marketing,Sales,"TOEIC,Reading,Part5,Part7",v.
belong,/bɪˈɫɔŋ/,屬於,This document belongs to the accounting department; please do not remove it.,這份文件屬於會計部門，請勿移除。,toeic_basic,2,Finance,Investment,"TOEIC,Reading,Part5,Part7",v.
beside,/ˌbiˈsaɪd/,在...旁邊,The conference room is beside the main lobby.,會議室在主大廳旁邊。,toeic_basic,2,Corporate,DailyWork,"TOEIC,Reading,Part5,Part7",preposition/adv.
besides,/ˌbiˈsaɪdz/,除了...以外,"Besides the usual suspects, we need to consider alternative marketing strategies.",除了常見的策略之外，我們還需要考慮其他的行銷策略。,toeic_basic,2,Marketing,Sales,"TOEIC,Reading,Part5,Part7",adv./preposition
between,/bitˈwin/,在…之間,The meeting is scheduled between 2 PM and 3 PM.,會議安排在下午兩點到三點之間。,toeic_basic,2,Corporate,Communication,"TOEIC,Reading,Part5,Part7",preposition/adv.
beyond,/ˌbiˈɔnd/,超出...範圍,The project scope has expanded beyond our initial estimates.,專案範圍已超出我們最初的估計。,toeic_basic,2,Technical,ITSupport,"TOEIC,Reading,Part5,Part7",preposition/adv.
bicycles,/ˈbaɪsɪkəɫz/,腳踏車,The company is offering a discount on bicycles to encourage employees to commute sustainably.,公司正在提供腳踏車折扣，以鼓勵員工以可持續的方式通勤。,toeic_basic,2,HumanResources,Compensation,"TOEIC,Reading,Part5,Part7",n.
bills,/ˈbɪɫz/,帳單,Please submit your expense bills by the end of the month for reimbursement.,請在月底前提交您的費用帳單以獲得報銷。,toeic_basic,2,Technical,ITSupport,"TOEIC,Reading,Part5,Part7",n.
bonuses,/ˈboʊnəsɪz/,獎金,The company announced a generous bonus program for employees who exceeded their sales targets.,公司宣布了一項針對達成或超出銷售目標的員工的豐厚獎金計畫。,toeic_basic,2,HumanResources,Compensation,"TOEIC,Reading,Part5,Part7",n.
boring,/ˈbɔɹɪŋ/,乏味的,"The presentation was quite boring, and many attendees struggled to stay awake.",簡報相當乏味，許多與會者努力保持清醒。,toeic_basic,2,Technical,ITSupport,"TOEIC,Reading,Part5,Part7",adj.
bottle,/ˈbɑtəɫ/,容器,The supplier confirmed that the shipment of mineral water bottles arrived on schedule.,供應商確認，礦泉水瓶的貨物已按時到貨。,toeic_basic,2,Logistics,Transit,"TOEIC,Reading,Part5,Part7",n.
bottom,/ˈbɑtəm/,底部,Please check the bottom of the report for the summary.,請查看報告底部以獲取摘要。,toeic_basic,2,Corporate,GeneralBusiness,"TOEIC,Reading,Part5,Part7",n./v.
bought,/ˈbɑt/,購買,The company bought a new server to handle increased website traffic.,公司購買了新的伺服器以應付增加的網站流量。,toeic_basic,2,Technical,ITSupport,"TOEIC,Reading,Part5,Part7",v.
branch,/ˈbɹæntʃ/,部門,Our company has several branches located throughout Asia.,我們公司在亞洲各地設有數個分支機構。,toeic_basic,2,Corporate,DailyWork,"TOEIC,Reading,Part5,Part7",n./v.
breakfast,/ˈbɹɛkfəst/,早餐,The hotel offers a complimentary breakfast buffet for all guests.,飯店為所有住客提供免費的早餐自助餐。,toeic_basic,2,Travel,Hospitality,"TOEIC,Reading,Part5,Part7",n.
bright,/ˈbɹaɪt/,明亮的,The presentation slides were too dark; please make them brighter so everyone can see clearly.,簡報的投影片太暗了；請把它們調亮一點，以便每個人都能清楚地看到。,toeic_basic,2,Corporate,DailyWork,"TOEIC,Reading,Part5,Part7",adj./adv.
brings,/ˈbɹɪŋz/,帶來,The new software brings significant improvements in efficiency.,這款新軟體帶來了效率的顯著提升。,toeic_basic,2,Technical,ITSupport,"TOEIC,Reading,Part5,Part7",v.
broken,/ˈbɹoʊkən/,損壞的,"The printer is broken, so we need to order a replacement immediately.",印表機已損壞，我們需要立即訂購替換機。,toeic_basic,2,Technical,ITSupport,"TOEIC,Reading,Part5,Part7",adj.
brother,/ˈbɹəðɝ/,兄弟,My elder brother works as an engineer.,我的哥哥是一名工程師。,toeic_basic,2,Corporate,Communication,"TOEIC,Reading,Part5,Part7",n.
brought,/ˈbɹɔt/,帶來,The manager brought several important documents to the meeting.,經理帶來了幾份重要的文件到會議上。,toeic_basic,2,Corporate,DailyWork,"TOEIC,Reading,Part5,Part7",v.
browser,/ˈbɹaʊzɝ/,瀏覽器,I use Google Chrome as my default web browser.,我使用 Google Chrome 作為我的預設網路瀏覽器。,toeic_basic,2,Technical,ITSupport,"TOEIC,Reading,Part5,Part7",n.
button,/ˈbətən/,按鈕,Could you please button your jacket before the meeting starts?,在會議開始前，請您把外套扣好。,toeic_basic,2,Corporate,DailyWork,"TOEIC,Reading,Part5,Part7",n./v.
buttons,/ˈbətənz/,按鈕,The employee needs to reset the system by pressing the reset button.,員工需要按下重置按鈕來重置系統。,toeic_basic,2,HumanResources,Compensation,"TOEIC,Reading,Part5,Part7",n.
buyers,/ˈbaɪɝz/,購買者,The company is targeting new buyers in the Asian market.,該公司正在瞄準亞洲市場的新購買者。,toeic_basic,2,Marketing,Sales,"TOEIC,Reading,Part5,Part7",n.
buying,/ˈbaɪɪŋ/,購買,The company is currently buying new equipment to upgrade its production line.,公司目前正在採購新設備以升級其生產線。,toeic_basic,2,Manufacturing,Production,"TOEIC,Reading,Part5,Part7",v./adj.
cabinet,/ˈkæbənət/,櫃子,She keeps all her financial records in a locked filing cabinet.,她把所有財務記錄都放在一個上鎖的文件櫃裡。,toeic_basic,2,Finance,Investment,"TOEIC,Reading,Part5,Part7",n.
camera,/ˈkæmɝə/,攝影機，照相機,The company invested in high-resolution cameras for quality control purposes.,公司為了品質管制目的，投資了高解析度的攝影機。,toeic_basic,2,CorporateGovernance,CorporateStrategy,"TOEIC,Reading,Part5,Part7",n.
cameras,/ˈkæmɝəz/,攝影機,The security team installed new cameras throughout the office building to enhance surveillance.,安全團隊在辦公大樓各處安裝了新的攝影機，以增強監控。,toeic_basic,2,Travel,Transit,"TOEIC,Reading,Part5,Part7",n.
cannot,/ˈkænɑt/,無法,I cannot approve this expense report without proper documentation.,沒有適當的文件，我無法批准這份費用報銷。,toeic_basic,2,Technical,ITSupport,"TOEIC,Reading,Part5,Part7",v.
card,/ˈkɑɹd/,卡片,Please swipe your credit card to complete the payment.,請刷您的信用卡以完成付款。,toeic_basic,2,Technical,ITSupport,"TOEIC,Reading,Part5,Part7",n.
careers,/kɝˈɪɹz/,職業生涯,The company offers various training programs to help employees advance their careers.,公司提供各種培訓計畫，以幫助員工發展他們的職業生涯。,toeic_basic,2,HumanResources,Compensation,"TOEIC,Reading,Part5,Part7",n.
careful,/ˈkɛɹfəɫ/,小心謹慎,Please review the contract carefully before signing it.,請在簽署合約之前仔細審閱。,toeic_basic,3,Legal,Contracts,"TOEIC,Reading,Part5,Part7",adj./adv.
carries,/ˈkæɹiz/,攜帶,"The shipping company carries a wide range of goods, including fragile items.",這家運輸公司承運各種貨品，包括易碎品。,toeic_basic,3,Travel,Hospitality,"TOEIC,Reading,Part5,Part7",v.
cash,/ˈkæʃ/,現金,We prefer to receive payment in cash for large orders.,我們喜歡收到大訂單的現金付款。,toeic_basic,3,Finance,Accounting,"TOEIC,Reading,Part5,Part7",n.
cashier,/kæˈʃɪɹ/,收銀員,The cashier processed my payment quickly and efficiently.,收銀員快速且有效地處理了我的付款。,toeic_basic,3,Corporate,Operations,"TOEIC,Reading,Part5,Part7",n.
caught,/ˈkɑt/,抓住，捕捉,The security camera caught the suspect attempting to steal merchandise.,安全攝影機拍下了嫌疑人試圖盜竊商品的畫面。,toeic_basic,3,Technical,ITSupport,"TOEIC,Reading,Part5,Part7",v.
caused,/ˈkɑzd/,造成,The unexpected equipment failure caused a significant delay in the production schedule.,意外的設備故障導致生產進度大幅延遲。,toeic_basic,3,Manufacturing,Production,"TOEIC,Reading,Part5,Part7",v.
causes,/ˈkɑzəz/,原因,The company is investigating the causes of the production delay.,公司正在調查生產延遲的原因。,toeic_basic,3,Manufacturing,Production,"TOEIC,Reading,Part5,Part7",n./v.
causing,/ˈkɑzɪŋ/,導致,The unexpected surge in demand is causing delays in production.,需求量的突增正在導致生產延遲。,toeic_basic,3,Manufacturing,Production,"TOEIC,Reading,Part5,Part7",v./adj.
cent,/ˈsɛnt/,分,I only have fifty cents in my pocket.,我的口袋裡只有五十美分。,toeic_basic,3,Finance,Accounting,"TOEIC,Reading,Part5,Part7",n.
center,/ˈsɛnɝ/,中心點,The meeting will be held in the conference center.,會議將在會議中心舉行。,toeic_basic,3,Corporate,DailyWork,"TOEIC,Reading,Part5,Part7",n.
centers,/ˈsɛnɝz/,中心點,The training centers provide employees with the skills they need to succeed.,訓練中心為員工提供他們成功所需的技能。,toeic_basic,3,HumanResources,Compensation,"TOEIC,Reading,Part5,Part7",n.
central,/ˈsɛntɹəɫ/,位於中心或核心位置的,The central office will coordinate all regional sales teams to ensure consistent branding.,總部將協調所有區域銷售團隊，以確保品牌形象一致。,toeic_basic,3,Marketing,Sales,"TOEIC,Reading,Part5,Part7",adj.
cents,/ˈsɛns/,美分，一美金的百分之一，用於表示金額。,"The total cost, including tax, is $12.75, which is 1275 cents.",總成本，包含稅金，是 12.75 美元，也就是 1275 美分。,toeic_basic,3,Finance,Accounting,"TOEIC,Reading,Part5,Part7",n.
century,/ˈsɛntʃɝi/,世紀，一百年的時間，通常指曆法上的劃分。,Our company has been a leader in the industry for over a century.,我們公司在該行業已經領先超過一個世紀。,toeic_basic,3,Corporate,Operations,"TOEIC,Reading,Part5,Part7",n.
certain,/ˈsɝtən/,確定的,The company is certain to meet its sales targets this quarter.,公司很有把握在本季達成銷售目標。,toeic_basic,3,Marketing,Sales,"TOEIC,Reading,Part5,Part7",adj./adv.
chairs,/ˈtʃɛɹz/,椅子,The conference room has enough chairs for all attendees.,會議室有足夠的椅子供所有與會者使用。,toeic_basic,3,Corporate,DailyWork,"TOEIC,Reading,Part5,Part7",n.
change,/ˈtʃeɪndʒ/,變更,The company is undergoing a significant change in its organizational structure.,公司正在其組織結構上進行重大變革。,toeic_basic,3,Technical,ITSupport,"TOEIC,Reading,Part5,Part7",v./n.
changed,/ˈtʃeɪndʒd/,改變,The company has changed its policy regarding remote work.,公司已更改其關於遠端工作的政策。,toeic_basic,3,Travel,Hospitality,"TOEIC,Reading,Part5,Part7",v.
changes,/ˈtʃeɪndʒəz/,變動,The company is implementing several changes to its operational procedures.,公司正在對其營運流程進行多項變更。,toeic_basic,3,Technical,ITSupport,"TOEIC,Reading,Part5,Part7",n./v.
charts,/ˈtʃɑɹts/,圖表,The presentation included several charts illustrating the company's sales performance over the past year.,簡報中包含多個圖表，展示了公司過去一年的銷售業績。,toeic_basic,3,Marketing,Sales,"TOEIC,Reading,Part5,Part7",n.
cheaper,/ˈtʃipɝ/,價格更低廉的,We're looking for a cheaper supplier to reduce our production costs.,我們正在尋找更便宜的供應商以降低我們的生產成本。,toeic_basic,3,Manufacturing,Production,"TOEIC,Reading,Part5,Part7",adj.
checkout,/ˈtʃɛˌkaʊt/,結帳,We need to check out of the hotel by 11:00 AM.,我們需要在上午 11:00 之前辦理退房。,toeic_basic,3,Travel,Hospitality,"TOEIC,Reading,Part5,Part7",v./n.
choice,/ˈtʃɔɪs/,選擇,The company offers a wide range of health insurance choices for its employees.,該公司為員工提供多樣的健康保險選擇。,toeic_basic,3,HumanResources,Compensation,"TOEIC,Reading,Part5,Part7",n./v.
choices,/ˈtʃɔɪsəz/,選擇,The company offers a wide range of health insurance choices for its employees.,該公司為員工提供多樣化的健康保險選擇。,toeic_basic,3,HumanResources,Compensation,"TOEIC,Reading,Part5,Part7",n.
choose,/ˈtʃuz/,選擇,The manager needs to choose a new vendor for the office supplies.,經理需要為辦公用品選擇新的供應商。,toeic_basic,3,Corporate,DailyWork,"TOEIC,Reading,Part5,Part7",v.
chosen,/ˈtʃoʊzən/,被選擇的,The chosen candidate will receive a formal offer letter next week.,被選中的候選人將會在下週收到正式的錄用通知。,toeic_basic,3,Corporate,DailyWork,"TOEIC,Reading,Part5,Part7",adj.
claimed,/ˈkɫeɪmd/,聲稱,The company claimed a significant increase in profits this quarter.,該公司聲稱本季利潤大幅增加。,toeic_basic,3,Finance,Investment,"TOEIC,Reading,Part5,Part7",v.
classes,/ˈkɫæsəz/,課程,The company offers several professional development classes for its employees.,公司為員工提供多個專業發展課程。,toeic_basic,3,HumanResources,Compensation,"TOEIC,Reading,Part5,Part7",n.
cleaner,/ˈkɫinɝ/,清潔人員,The office manager hired two cleaners to ensure the workspace is spotless.,辦公室經理僱用了兩名清潔人員，以確保工作場所一塵不染。,toeic_basic,3,HumanResources,Compensation,"TOEIC,Reading,Part5,Part7",n.
clearly,/ˈkɫɪɹɫi/,明確地,The manager explained the new policy clearly to ensure everyone understood the changes.,經理清楚地向所有人解釋了新的政策，以確保每個人都理解這些變化。,toeic_basic,3,Corporate,Communication,"TOEIC,Reading,Part5,Part7",adv.
clicked,/ˈkɫɪkt/,發出咔嗒聲,The IT support team confirmed that the mouse clicked intermittently.,IT 支援團隊確認滑鼠偶爾會發出點擊聲。,toeic_basic,3,Technical,ITSupport,"TOEIC,Reading,Part5,Part7",v.
client,/ˈkɫaɪənt/,客戶,Our company strives to build long-term relationships with its clients.,我們公司致力於與客戶建立長期的合作關係。,toeic_basic,3,Marketing,Sales,"TOEIC,Reading,Part5,Part7",n.
clients,/ˈkɫaɪənts/,客戶,Our company strives to provide excellent service to all its clients.,我們公司致力於為所有客戶提供優質服務。,toeic_basic,3,Marketing,Sales,"TOEIC,Reading,Part5,Part7",n.
closed,/ˈkɫoʊzd/,關閉的,The office will be closed for renovations next week.,辦公室下週將因裝修而關閉。,toeic_basic,3,Corporate,DailyWork,"TOEIC,Reading,Part5,Part7",adj.
closest,/ˈkɫoʊsəst/,最接近的,Please direct the client to the closest service center for faster assistance.,請將客戶指引至最近的服務中心，以便更快提供協助。,toeic_basic,3,Marketing,Sales,"TOEIC,Reading,Part5,Part7",adj.
closing,/ˈkɫoʊzɪŋ/,結束,The closing remarks of the CEO emphasized the company's commitment to innovation.,執行長在演講的結尾強調了公司對創新的承諾。,toeic_basic,3,Technical,ITSupport,"TOEIC,Reading,Part5,Part7",n./v.
clothes,/ˈkɫoʊðz/,服裝,The company dress code requires employees to wear professional clothes during client meetings.,公司著裝規定要求員工在客戶會議期間穿著專業服裝。,toeic_basic,3,HumanResources,Compensation,"TOEIC,Reading,Part5,Part7",n.
cloudy,/ˈkɫaʊdi/,多雲的,"It's going to be cloudy tomorrow, so you might want to bring an umbrella.",明天將是陰天，所以你可能想帶把傘。,toeic_basic,3,Technical,ITSupport,"TOEIC,Reading,Part5,Part7",adj.
coffee,/ˈkɑfi/,咖啡,The manager offered coffee to the client during the contract negotiation meeting.,經理在合約談判會議期間為客戶提供咖啡。,toeic_basic,3,Legal,Contracts,"TOEIC,Reading,Part5,Part7",n.
college,/ˈkɑɫɪdʒ/,高等教育機構，提供大學或學院層級的課程與學位，常用於企業人才培訓或招聘時的學歷要求。,Our company offers tuition reimbursement for employees who enroll in college courses related to their job.,本公司提供學費補助，讓員工就讀與工作相關的大學課程。,toeic_basic,3,HumanResources,Recruitment,"TOEIC,Reading,Part5,Part7",n.
colors,/ˈkəɫɝz/,色彩,The marketing team chose vibrant colors for the new product packaging to attract more customers.,行銷團隊為新產品包裝選擇了鮮豔的色彩，以吸引更多顧客。,toeic_basic,3,Marketing,Sales,"TOEIC,Reading,Part5,Part7",n.
coming,/ˈkəmɪŋ/,即將到來,"The quarterly report is coming next week, so please finalize your data.",季度報告下週即將發布，請務必完成您的數據。,toeic_basic,3,Corporate,DailyWork,"TOEIC,Reading,Part5,Part7",adj./adv.
common,/ˈkɑmən/,普遍的,It is common practice to confirm the meeting agenda with all participants the day before.,在會議前一天確認會議議程是常見的做法。,toeic_basic,3,Technical,ITSupport,"TOEIC,Reading,Part5,Part7",adj.
company,/ˈkəmpəˌni/,公司,Our company is committed to providing high-quality products and services.,我們公司致力於提供高品質的產品和服務。,toeic_basic,3,Travel,Hospitality,"TOEIC,Reading,Part5,Part7",n.
concert,/ˈkɑnsɝt/,音樂會,The company is sponsoring a concert to promote its new product line.,公司贊助一場音樂會，以推廣其新產品線。,toeic_basic,3,HumanResources,Compensation,"TOEIC,Reading,Part5,Part7",n.
content,/ˈkɑntɛnt/,內容,The report outlines the content of the meeting.,這份報告概述了會議的內容。,toeic_basic,3,Corporate,DailyWork,"TOEIC,Reading,Part5,Part7",n./adj.
copies,/ˈkɑpiz/,影印本,Could you please make three copies of this report for the meeting?,請幫我影印這份報告三份，以便會議使用。,toeic_basic,3,Corporate,DailyWork,"TOEIC,Reading,Part5,Part7",n.
corner,/ˈkɔɹnɝ/,角落,"The company is at a critical corner, needing to adapt to the changing market trends.",公司正處於關鍵轉折點，需要適應不斷變化的市場趨勢。,toeic_basic,3,Marketing,Sales,"TOEIC,Reading,Part5,Part7",n.
costs,/ˈkɑsts/,成本,The company needs to reduce operational costs to improve profitability.,為了提高盈利能力，公司需要降低營運成本。,toeic_basic,3,Finance,Investment,"TOEIC,Reading,Part5,Part7",n./v.
counter,/ˈkaʊntɝ/,櫃檯,The receptionist is stationed at the front counter to greet visitors.,接待員位於前台接待訪客。,toeic_basic,3,Technical,ITSupport,"TOEIC,Reading,Part5,Part7",n./v.
country,/ˈkəntɹi/,國家,Our company is expanding its operations into several new countries.,我們公司正在將業務拓展到幾個新的國家。,toeic_basic,3,Travel,Hospitality,"TOEIC,Reading,Part5,Part7",n.
couple,/ˈkəpəɫ/,一對,The hotel offers special packages for couples celebrating their anniversary.,這家飯店為慶祝週年的情侶提供特別方案。,toeic_basic,3,Travel,Hospitality,"TOEIC,Reading,Part5,Part7",n.
coupon,/ˈkjuˌpɔn/,優惠券,Customers can use this coupon for a 10% discount on their next purchase.,顧客可以使用此優惠券在下次購買時享有 10% 的折扣。,toeic_basic,3,Marketing,Sales,"TOEIC,Reading,Part5,Part7",n.
course,/ˈkɔɹs/,課程,The company offers a series of online courses to enhance employee skills.,公司提供一系列線上課程以提升員工技能。,toeic_basic,3,HumanResources,Compensation,"TOEIC,Reading,Part5,Part7",n./v.
courses,/ˈkɔɹsəz/,課程,The company offers several online courses to improve employees' project management skills.,公司提供多門線上課程，以提升員工的專案管理能力。,toeic_basic,3,HumanResources,Compensation,"TOEIC,Reading,Part5,Part7",n.
cousin,/ˈkəzən/,表兄弟姐妹,My cousin is visiting us next weekend from Canada.,我的表哥下週末會從加拿大來探望我們。,toeic_basic,3,Technical,ITSupport,"TOEIC,Reading,Part5,Part7",n.
created,/kɹiˈeɪtəd/,創造，製作，建立，通常指經過設計或努力產生的結果。,The marketing team created a new campaign to boost sales.,行銷團隊創建了一個新的活動來提升銷售額。,toeic_basic,3,Marketing,Advertising,"TOEIC,Reading,Part5,Part7",v.
creates,/kɹiˈeɪts/,創造,The marketing team creates innovative campaigns to increase brand awareness.,行銷團隊創造創新的活動來提高品牌知名度。,toeic_basic,3,Marketing,Advertising,"TOEIC,Reading,Part5,Part7",v.
current,/ˈkɑɹənt/,目前的,The company is implementing a new software system to stay current with industry trends.,公司正在實施新的軟體系統，以跟上行業趨勢。,toeic_basic,3,Technical,ITSupport,"TOEIC,Reading,Part5,Part7",adj./n.
damaged,/ˈdæmədʒd/,損壞的,"The shipment was significantly damaged during transit, requiring a claim with the carrier.",貨物在運輸過程中嚴重受損，需要向承運商提出理賠。,toeic_basic,3,Logistics,Transit,"TOEIC,Reading,Part5,Part7",adj.
dance,/ˈdæns/,跳舞,The company organized a celebratory dance for the team after exceeding sales targets.,在團隊超越銷售目標後，公司組織了一場慶祝舞會。,toeic_basic,3,Marketing,Sales,"TOEIC,Reading,Part5,Part7",v./n.
dancer,/ˈdænsɝ/,舞者，舞蹈家,The lead dancer captivated the audience with her elegant moves.,首席舞者以她優雅的舞步吸引了觀眾。,toeic_basic,3,Technical,ITSupport,"TOEIC,Reading,Part5,Part7",n.
dancing,/ˈdænsɪŋ/,跳舞,The company organized a team-building event featuring dancing and music.,公司組織了一場團隊建設活動，內容包括跳舞和音樂表演。,toeic_basic,3,Travel,Hospitality,"TOEIC,Reading,Part5,Part7",n./v.
danger,/ˈdeɪndʒɝ/,危險,The department implemented innovative danger procedures to improve operational efficiency.,部門實施創新的danger程序以提高營運效率。,toeic_basic,3,Corporate,GeneralBusiness,"TOEIC,Reading,Part5,Part7",n.
debt,/ˈdɛt/,債務,The company is struggling with a large amount of debt.,這家公司正為巨額債務所苦。,toeic_basic,3,Technical,ITSupport,"TOEIC,Reading,Part5,Part7",n.
decades,/ˈdɛkeɪdz/,數十年,The company has experienced significant growth over the past few decades.,這家公司在過去幾十年裡經歷了顯著的增長。,toeic_basic,3,Corporate,Operations,"TOEIC,Reading,Part5,Part7",n.
decides,/ˌdɪˈsaɪdz/,決定,The board of directors decides on the company's new marketing strategy.,董事會決定公司的全新行銷策略。,toeic_basic,3,CorporateGovernance,BoardOfDirectors,"TOEIC,Reading,Part5,Part7",v.
degree,/dɪˈɡɹi/,學位,She holds a degree in Business Administration from a prestigious university.,她擁有來自一所名牌大學的工商管理學位。,toeic_basic,3,Technical,ITSupport,"TOEIC,Reading,Part5,Part7",n.
degrees,/dɪˈɡɹiz/,學位,He holds a Master's degree in Business Administration.,他擁有工商管理碩士學位。,toeic_basic,3,Corporate,DailyWork,"TOEIC,Reading,Part5,Part7",n.
delays,/dɪˈɫeɪz/,延遲,We apologize for the delays in processing your order due to unforeseen circumstances.,由於不可預見的情況，我們為處理訂單的延遲表示歉意。,toeic_basic,3,Corporate,Logistics,"TOEIC,Reading,Part5,Part7",n.
delicious,/dɪˈɫɪʃəs/,美味的,"The new menu items received many compliments for being delicious, which helped increase the restaurant's sales.",新菜單項目因美味而受到許多讚賞，進而提升了餐廳的銷售額。,toeic_basic,3,Marketing,Sales,"TOEIC,Reading,Part5,Part7",adj.
departing,/dɪˈpɑɹtɪŋ/,即將離開,The departing flight to London is scheduled for 7:00 AM.,前往倫敦的班機預計早上 7:00 起飛。,toeic_basic,3,Travel,Transit,"TOEIC,Reading,Part5,Part7",adj./v.
depends,/dɪˈpɛndz/,取決於,The project's success depends on securing funding by the end of the quarter.,專案的成功取決於在季末前獲得資金。,toeic_basic,3,Travel,Hospitality,"TOEIC,Reading,Part5,Part7",v./adj.
designs,/dɪˈzaɪnz/,設計方案,The marketing team is currently reviewing several designs for the new product packaging.,行銷團隊目前正在審查多個新產品包裝設計方案。,toeic_basic,3,Marketing,Sales,"TOEIC,Reading,Part5,Part7",n.
desktop,/ˈdɛskˌtɑp/,桌面電腦,The IT department is responsible for maintaining all desktops in the office.,資訊部門負責維護辦公室內的所有桌面電腦。,toeic_basic,3,Technical,ITSupport,"TOEIC,Reading,Part5,Part7",n.
despite,/dɪˈspaɪt/,儘管,"Despite the challenging market conditions, the company reported a significant increase in profits.",儘管市場環境充滿挑戰，該公司仍報告了顯著的利潤增長。,toeic_basic,3,Finance,Investment,"TOEIC,Reading,Part5,Part7",preposition/conjunction
details,/ˈditeɪɫz/,細節,Please review the contract details carefully before signing.,請在簽署合約前仔細審閱合約的細節。,toeic_basic,3,Legal,Contracts,"TOEIC,Reading,Part5,Part7",n.
devices,/dɪˈvaɪsəz/,設備,"The IT department is responsible for maintaining all company devices, including computers and smartphones.",資訊部門負責維護公司所有設備，包括電腦和智慧型手機。,toeic_basic,3,Manufacturing,Production,"TOEIC,Reading,Part5,Part7",n.
digital,/ˈdɪdʒətəɫ/,指利用電子或電腦技術處理的資訊或資料，強調數位化，電子化的特性。,Our company is transitioning to a digital marketing strategy to reach a wider audience.,我們公司正在轉向數位行銷策略，以接觸更廣泛的受眾。,toeic_basic,3,Logistics,Transit,"TOEIC,Reading,Part5,Part7",adj./n.
direct,/daɪˈɹɛkt/,直接的,Please direct your questions to the project manager.,請將您的問題直接傳達給專案經理。,toeic_basic,3,Corporate,DailyWork,"TOEIC,Reading,Part5,Part7",adj./v.
directions,/daɪˈɹɛkʃɪnz/,指示,Could you give me directions to the nearest subway station?,請問您能告訴我到最近地鐵站的路線嗎？,toeic_basic,3,Travel,Transit,"TOEIC,Reading,Part5,Part7",n.
discuss,/dɪˈskəs/,討論,Let's discuss the project timeline in the meeting this afternoon.,我們今天下午的會議上來討論專案進度。,toeic_basic,3,Corporate,Communication,"TOEIC,Reading,Part5,Part7",v.
display,/dɪsˈpɫeɪ/,展示,The conference room is equipped with a large screen to display the presentation slides.,會議室配備了大型螢幕，用於顯示簡報投影片。,toeic_basic,3,Technical,ITSupport,"TOEIC,Reading,Part5,Part7",v./n.
doctor,/ˈdɑktɝ/,醫生,"The company provides comprehensive health insurance, including coverage for doctors' visits.",公司提供全面的健康保險，包括就診醫生的費用。,toeic_basic,3,Travel,Hospitality,"TOEIC,Reading,Part5,Part7",n.
doctors,/ˈdɑktɝz/,醫生,"The company provides comprehensive health insurance coverage for its employees, including access to doctors and specialists.",公司為員工提供全面的健康保險給付，包括獲得醫生和專科醫生的機會。,toeic_basic,3,HumanResources,Compensation,"TOEIC,Reading,Part5,Part7",n.
double,/ˈdəbəɫ/,兩倍的,The company experienced a double increase in profits this quarter.,本季公司利潤呈現兩倍增長。,toeic_basic,3,Finance,Investment,"TOEIC,Reading,Part5,Part7",adj./adv.
drawing,/ˈdɹɔɪŋ/,繪圖,The architect presented detailed drawings of the new office building to the client.,建築師向客戶展示了新辦公大樓的詳細設計圖。,toeic_basic,3,Marketing,Sales,"TOEIC,Reading,Part5,Part7",n.
drinking,/ˈdɹɪŋkɪŋ/,飲用行為,The company is offering complimentary drinking water for all attendees at the conference.,公司在會議中為所有與會者提供免費飲用水。,toeic_basic,3,Travel,Dining,"TOEIC,Reading,Part5,Part7",v./n.
dropped,/ˈdɹɑpt/,掉落,The company's stock price dropped significantly after the announcement of the disappointing earnings report.,在發布令人失望的盈利報告後，該公司的股價顯著下跌。,toeic_basic,3,Corporate,DailyWork,"TOEIC,Reading,Part5,Part7",v./adj.
during,/ˈdɝɪŋ/,在...期間,She fell asleep during the movie.,她在電影期間睡著了。,toeic_basic,3,Corporate,GeneralBusiness,"TOEIC,Reading,Part5,Part7",preposition
duties,/ˈdutiz/,職責,"As a project manager, her duties include overseeing the team and ensuring deadlines are met.",身為專案經理，她的職責包括監督團隊並確保達成期限。,toeic_basic,3,Corporate,DailyWork,"TOEIC,Reading,Part5,Part7",n.
easier,/ˈiziɝ/,較容易的,The new software makes data entry easier for the accounting team.,新軟體讓會計團隊的資料輸入變得更簡單。,toeic_basic,3,Finance,Investment,"TOEIC,Reading,Part5,Part7",adj.
easily,/ˈizəɫi/,輕而易舉地,The new software allows employees to complete their tasks easily.,新的軟體讓員工可以輕鬆地完成他們的任務。,toeic_basic,3,HumanResources,Compensation,"TOEIC,Reading,Part5,Part7",adv.
effect,/ˈifɛkt/,影響，結果,The new policy had a positive effect on employee morale.,新政策對員工士氣產生了積極影響。,toeic_basic,3,HumanResources,Compensation,"TOEIC,Reading,Part5,Part7",n./v.
effort,/ˈɛfɝt/,努力,The team put in a lot of effort to meet the project deadline.,團隊付出了很多努力來趕上專案截止日期。,toeic_basic,3,Corporate,DailyWork,"TOEIC,Reading,Part5,Part7",n./v.
efforts,/ˈɛfɝts/,努力,The company appreciates all employees' efforts to improve productivity.,公司感謝所有員工為了提升生產力所做的努力。,toeic_basic,3,Manufacturing,Production,"TOEIC,Reading,Part5,Part7",n.
eighth,/ˈeɪtθ/,第八,The eighth floor houses the marketing department.,八樓設有市場部。,toeic_basic,3,Marketing,Sales,"TOEIC,Reading,Part5,Part7",adj./adv.
eighty,/ˈeɪti/,八十,She is eighty years old and still enjoys hiking.,她八十歲了，但仍然喜歡健行。,toeic_basic,3,Corporate,Communication,"TOEIC,Reading,Part5,Part7",numeral/adj.
either,/ˈaɪðɝ/,任何一個,You can choose either the blue shirt or the green one.,你可以選擇藍色襯衫或綠色襯衫。,toeic_basic,3,Technical,ITSupport,"TOEIC,Reading,Part5,Part7",determiner/pronoun
eleven,/ˈiɫɛvən/,十一,The project is scheduled to be completed in eleven weeks.,這個專案預計在十一週內完成。,toeic_basic,3,Corporate,DailyWork,"TOEIC,Reading,Part5,Part7",n./adj.
energy,/ˈɛnɝdʒi/,活力，能量,The company is investing in renewable energy sources to reduce its carbon footprint.,該公司正在投資可再生能源，以減少碳足跡。,toeic_advanced,2,Finance,Investment,"TOEIC,Reading,Part5,Part7",n.
enjoyed,/ˌɛnˈdʒɔɪd/,享受,The team enjoyed the opportunity to collaborate on this project.,團隊很享受這次合作專案的機會。,toeic_advanced,2,Technical,ITSupport,"TOEIC,Reading,Part5,Part7",v.
enjoys,/ˌɛnˈdʒɔɪz/,享受,The team enjoys working on challenging projects that allow them to expand their skills.,團隊喜歡處理能讓他們拓展技能的具有挑戰性的專案。,toeic_advanced,2,Corporate,DailyWork,"TOEIC,Reading,Part5,Part7",v.
enough,/iˈnəf/,足夠的,The budget is not enough to cover all the project expenses.,預算不足以涵蓋所有專案費用。,toeic_advanced,2,Finance,Investment,"TOEIC,Reading,Part5,Part7",adj./adv.
entire,/ɪnˈtaɪɝ/,全部的,The company decided to overhaul its entire IT infrastructure.,公司決定全面更新其整個 IT 基礎架構。,toeic_advanced,2,Technical,ITSupport,"TOEIC,Reading,Part5,Part7",adj./adv.
errors,/ˈɛɹɝz/,錯誤,The report contained several errors that needed to be corrected before submission.,報告包含幾個需要提交前修正的錯誤。,toeic_advanced,2,Corporate,DailyWork,"TOEIC,Reading,Part5,Part7",n.
evening,/ˈivnɪŋ/,傍晚; 晚上; 黃昏,I have a meeting scheduled for this evening at 7 PM.,我今晚七點有一個會議。,toeic_advanced,2,Corporate,DailyWork,"TOEIC,Reading,Part5,Part7",n./adj.
events,/iˈvɛnts/,活動，事件,The company is hosting a series of events to promote its new product line.,公司正在舉辦一系列活動以推廣其新產品線。,toeic_advanced,2,HumanResources,Compensation,"TOEIC,Reading,Part5,Part7",n.
exactly,/ɪɡˈzæktɫi/,確切地,Could you please specify exactly what you need for the project?,請您能確切說明您在專案中需要什麼嗎？,toeic_advanced,2,Manufacturing,Production,"TOEIC,Reading,Part5,Part7",adv.
example,/ɪɡˈzæmpəɫ/,範例,Could you provide an example of how the new software improves efficiency?,您能舉例說明新軟體如何提高效率嗎？,toeic_advanced,2,Technical,ITSupport,"TOEIC,Reading,Part5,Part7",n.
except,/ɪkˈsɛpt/,除…之外,"All employees must submit their expense reports by Friday, except those who are on approved leave.",所有員工必須在星期五前提交費用報告，除非已獲批准的休假者。,toeic_advanced,2,HumanResources,Compensation,"TOEIC,Reading,Part5,Part7",preposition/conjunction
excite,/ɪkˈsaɪt/,激發，引起,The new marketing campaign is expected to excite potential customers.,新的行銷活動預計會激發潛在客戶的興趣。,toeic_advanced,2,Marketing,Advertising,"TOEIC,Reading,Part5,Part7",v.
excited,/ɪkˈsaɪtəd/,感到興奮，雀躍的,The team was excited to hear about the new project and its potential for growth.,團隊聽到這個新項目及其增長潛力，感到非常興奮。,toeic_advanced,2,Technical,ITSupport,"TOEIC,Reading,Part5,Part7",adj.
excuse,/ɪkˈskjus/,藉口,I'm sorry I'm late; traffic was terrible – please excuse me.,我很抱歉遲到，交通狀況很糟糕，請原諒我。,toeic_advanced,2,Corporate,Communication,"TOEIC,Reading,Part5,Part7",n./v.
experts,/ˈɛkspɝts/,專家,Our team consulted with industry experts to ensure the project's feasibility.,我們團隊諮詢了業界專家，以確保專案的可行性。,toeic_advanced,2,Technical,ITSupport,"TOEIC,Reading,Part5,Part7",n.
facing,/ˈfeɪsɪŋ/,面臨,The company is facing increased competition in the global market.,該公司正面臨全球市場中日益激烈的競爭。,toeic_advanced,2,Marketing,Sales,"TOEIC,Reading,Part5,Part7",v./adj.
factory,/ˈfæktɝi/,工廠,The company is investing in new equipment for its factory to increase production efficiency.,該公司正在工廠投資新設備，以提高生產效率。,toeic_advanced,2,Manufacturing,Production,"TOEIC,Reading,Part5,Part7",n.
failed,/ˈfeɪɫd/,未通過,"Despite extensive training, several candidates failed the certification exam.",儘管經過廣泛的培訓，幾個候選人未能通過認證考試。,toeic_advanced,2,Technical,ITSupport,"TOEIC,Reading,Part5,Part7",v.
failure,/ˈfeɪɫjɝ/,未能達到預期目標或標準的結果,"Despite the initial product launch failure, the company is determined to learn from its mistakes and improve.",儘管首次產品發布失敗，但公司決心從錯誤中學習並改進。,toeic_advanced,2,Technical,ITSupport,"TOEIC,Reading,Part5,Part7",n.
falling,/ˈfɑɫɪŋ/,下降,The company's profits are falling due to increased competition.,由於競爭加劇，該公司的利潤正在下降。,toeic_advanced,2,Finance,Investment,"TOEIC,Reading,Part5,Part7",v./adj.
family,/ˈfæməɫi/,家庭,She comes from a large family with five siblings.,她來自一個有五個兄弟姊妹的大家庭。,toeic_advanced,2,Technical,ITSupport,"TOEIC,Reading,Part5,Part7",n.
famous,/ˈfeɪməs/,廣為人知的,The company aims to become a famous brand in the global market.,該公司旨在成為全球市場上一個廣為人知的品牌。,toeic_advanced,2,Marketing,Sales,"TOEIC,Reading,Part5,Part7",adj.
father,/ˈfɑðɝ/,父親,My father taught me how to ride a bicycle.,我的父親教我如何騎自行車。,toeic_advanced,2,Corporate,Communication,"TOEIC,Reading,Part5,Part7",n./v.
feature,/ˈfitʃɝ/,特色,"The new software boasts several key features, including enhanced security and improved user interface.",這款新軟體擁有幾個關鍵特色，包括增強的安全性以及改進的使用者介面。,toeic_advanced,2,Travel,Hospitality,"TOEIC,Reading,Part5,Part7",n./v.
fee,/ˈfi/,費用,The conference registration fee includes access to all sessions and materials.,會議報名費用包含所有會議和資料的存取權。,toeic_advanced,2,Finance,Accounting,"TOEIC,Reading,Part5,Part7",n.
fees,/ˈfiz/,費用,The company charges processing fees for each international transaction.,公司對每筆國際交易收取處理費用。,toeic_advanced,2,Finance,Accounting,"TOEIC,Reading,Part5,Part7",n./v.
female,/ˈfiˌmeɪɫ/,女性,The company aims to increase the proportion of female employees in management positions by 20% within three years.,公司目標在三年內將管理層女性員工的比例提升 20%。,toeic_advanced,2,HumanResources,Compensation,"TOEIC,Reading,Part5,Part7",n./adj.
fence,/ˈfɛns/,圍欄,The company is installing a new fence around the warehouse to improve security.,公司正在倉庫周圍安裝新的圍欄以提高安全性。,toeic_advanced,2,Logistics,Transit,"TOEIC,Reading,Part5,Part7",n./v.
fifteen,/ˈfɪfˈtin/,十五,The project deadline is in fifteen days.,專案截止日期是十五天後。,toeic_advanced,2,Corporate,DailyWork,"TOEIC,Reading,Part5,Part7",adj./n.
fifty,/ˈfɪfti/,五十,The budget for this project is fifty thousand dollars.,這個專案的預算為五十萬美元。,toeic_advanced,2,Finance,Investment,"TOEIC,Reading,Part5,Part7",adj./n.
filled,/ˈfɪɫd/,填滿的,The report indicated that all the positions were filled by qualified candidates.,報告顯示，所有職位都已由合格的候選人填補。,toeic_advanced,2,Technical,ITSupport,"TOEIC,Reading,Part5,Part7",adj.
finally,/ˈfaɪnəɫi/,最終，終於,"Finally, we will implement the new pricing strategy starting next quarter.",最後，我們將於下季度開始實施新的定價策略。,toeic_advanced,2,Corporate,Meetings,"TOEIC,Reading,Part5,Part7",adv.
finger,/ˈfɪŋɡɝ/,手指,Please point to the relevant section on the document with your finger.,請用手指指向文件中的相關部分。,toeic_advanced,2,Technical,ITSupport,"TOEIC,Reading,Part5,Part7",n.
finish,/ˈfɪnɪʃ/,完成,Please finish the report by the end of the day.,請在今天結束前完成這份報告。,toeic_advanced,2,Corporate,DailyWork,"TOEIC,Reading,Part5,Part7",v.
floors,/ˈfɫɔɹz/,樓層,The meeting will be held on the tenth floor of the office building.,會議將在辦公大樓的十樓舉行。,toeic_advanced,2,Travel,Hospitality,"TOEIC,Reading,Part5,Part7",n.
flower,/ˈfɫaʊɝ/,鮮花,The company is offering a special promotion: a bouquet of flowers with every purchase over $100.,公司推出特別促銷活動：所有購買額超過 100 美元的客戶都可獲得一束鮮花。,toeic_advanced,2,HumanResources,Compensation,"TOEIC,Reading,Part5,Part7",n.
flowers,/ˈfɫaʊɝz/,鮮花,The company is offering a special promotion: buy one bouquet of flowers and get a discount on a gift basket.,公司推出特別促銷活動：購買一束鮮花即可獲得禮品籃折扣。,toeic_advanced,2,HumanResources,Compensation,"TOEIC,Reading,Part5,Part7",n.
folder,/ˈfoʊɫdɝ/,文件夾,Please save the presentation files in the 'Marketing' folder.,請將簡報檔案儲存在「行銷」資料夾中。,toeic_advanced,2,Marketing,Sales,"TOEIC,Reading,Part5,Part7",n.
folders,/ˈfoʊɫdɝz/,文件資料夾,Please organize all the project documents into separate folders.,請將所有專案文件整理到不同的資料夾中。,toeic_advanced,2,Corporate,DailyWork,"TOEIC,Reading,Part5,Part7",n.
follow,/ˈfɑɫoʊ/,依照指示或指導,Please follow the instructions carefully when assembling the product.,組裝產品時，請務必仔細遵循指示。,toeic_advanced,2,Manufacturing,Production,"TOEIC,Reading,Part5,Part7",v.
follows,/ˈfɑɫoʊz/,依照,Please follow the instructions carefully to complete the registration process.,請仔細按照指示完成註冊流程。,toeic_advanced,2,Corporate,DailyWork,"TOEIC,Reading,Part5,Part7",v.
foreign,/ˈfɑɹən/,外來的,The company is expanding its operations into foreign markets.,該公司正在將其業務擴展到海外市場。,toeic_advanced,2,Marketing,Sales,"TOEIC,Reading,Part5,Part7",adj.
forest,/ˈfɔɹəst/,森林,The company is exploring the possibility of acquiring land with a large forest for sustainable timber production.,公司正在探討收購擁有大片森林的土地的可能性，以進行可持續的木材生產。,toeic_advanced,2,Manufacturing,Production,"TOEIC,Reading,Part5,Part7",n.
forever,/fɝˈɛvɝ/,永遠,We are committed to providing excellent customer service forever.,我們承諾永遠提供優質的客戶服務。,toeic_advanced,2,Travel,Hospitality,"TOEIC,Reading,Part5,Part7",adv.
forget,/fɝˈɡɛt/,忘記,Please do not forget to submit the quarterly report by Friday.,請務必在星期五前提交季報。,toeic_advanced,2,Technical,ITSupport,"TOEIC,Reading,Part5,Part7",v.
forgot,/fɝˈɡɑt/,忘記,I forgot to include the attachment in the email.,我忘了在電子郵件中附加附件。,toeic_advanced,2,Corporate,DailyWork,"TOEIC,Reading,Part5,Part7",v.
formal,/ˈfɔɹməɫ/,正式的,The meeting requires a formal dress code.,會議要求著裝正式。,toeic_advanced,2,Corporate,DailyWork,"TOEIC,Reading,Part5,Part7",adj.
fourth,/ˈfɔɹθ/,第四,The project is currently in its fourth phase of development.,這個專案目前正處於開發的第四階段。,toeic_advanced,2,Technical,ITSupport,"TOEIC,Reading,Part5,Part7",adj./adv.
freedom,/ˈfɹidəm/,自由,The company values the freedom of expression among its employees.,公司重視員工表達的自由。,toeic_advanced,2,HumanResources,Compensation,"TOEIC,Reading,Part5,Part7",n.
friday,/ˈfɹaɪˌdeɪ/,星期五，工作週的第五天，通常是週末前夕。,The deadline for the project proposal is Friday.,專案提案的截止日期是星期五。,toeic_advanced,2,Corporate,DailyWork,"TOEIC,Reading,Part5,Part7",n.
fridays,/ˈfɹaɪˌdeɪz/,星期五,Our team usually has a project review meeting every Friday afternoon.,我們團隊通常在每週五下午舉行專案審查會議。,toeic_advanced,2,Corporate,DailyWork,"TOEIC,Reading,Part5,Part7",n.
friend,/ˈfɹɛnd/,朋友,She has been my best friend since elementary school.,她從國小就是我最好的朋友。,toeic_advanced,2,Corporate,Communication,"TOEIC,Reading,Part5,Part7",n./v.
further,/ˈfɝðɝ/,更進一步,"To improve efficiency, we need to investigate this issue further.",為了提高效率，我們需要進一步調查這個問題。,toeic_advanced,2,Finance,Investment,"TOEIC,Reading,Part5,Part7",adv./adj.
future,/ˈfjutʃɝ/,未來,The company is investing heavily in future technologies to maintain its competitive edge.,為了保持競爭優勢，公司正在大力投資未來技術。,toeic_advanced,2,Finance,Investment,"TOEIC,Reading,Part5,Part7",n./adj.
garage,/ɡɝˈɑʒ/,車庫,The company is considering renting additional garage space to store excess inventory.,公司正在考慮租用額外的車庫空間來存放多餘的庫存。,toeic_advanced,2,Logistics,SupplyChain,"TOEIC,Reading,Part5,Part7",n.
garbage,/ˈɡɑɹbɪdʒ/,廢棄物,The office manager reminded everyone to properly dispose of garbage in designated bins.,辦公室經理提醒每個人將垃圾妥善地丟入指定的垃圾桶。,toeic_advanced,2,Corporate,Logistics,"TOEIC,Reading,Part5,Part7",n.
garden,/ˈɡɑɹdən/,花園,The hotel boasts a beautiful garden where guests can relax and enjoy the scenery.,這家飯店擁有美麗的花園，讓客人可以放鬆身心，欣賞美景。,toeic_advanced,2,Travel,Hospitality,"TOEIC,Reading,Part5,Part7",n.
gather,/ˈɡæðɝ/,聚集,The team will gather in the conference room at 9:00 AM for the project kickoff meeting.,團隊將於上午 9:00 在會議室聚集，以開始專案啟動會議。,toeic_advanced,2,Corporate,DailyWork,"TOEIC,Reading,Part5,Part7",v.
general,/ˈdʒɛnɝəɫ/,一般的，普遍的,Please provide a general overview of the project timeline before the client meeting.,請在客戶會議前提供一個關於專案時間表的概括性概述。,toeic_advanced,2,Marketing,Sales,"TOEIC,Reading,Part5,Part7",n./adj.
global,/ˈɡɫoʊbəɫ/,全球性的,Our company is expanding its operations to become a global player in the software market.,我們公司正在擴展業務，旨在成為軟體市場中的全球領先企業。,toeic_advanced,2,Marketing,Sales,"TOEIC,Reading,Part5,Part7",adj.
gold,/ˈɡoʊɫd/,黃金,The company's assets include a significant amount of gold reserves.,該公司的資產包括大量的黃金儲備。,toeic_advanced,2,Finance,Investment,"TOEIC,Reading,Part5,Part7",n.
greater,/ˈɡɹeɪtɝ/,更大的,The company's profits increased by a greater percentage this quarter compared to last year.,與去年相比，本季公司的利潤增長百分比更高。,toeic_advanced,2,Finance,Investment,"TOEIC,Reading,Part5,Part7",adj./adv.
grocery,/ˈɡɹoʊsɝi/,食品雜貨,The company needs to order groceries for the employee cafeteria.,公司需要為員工餐廳訂購食品雜貨。,toeic_advanced,2,HumanResources,Compensation,"TOEIC,Reading,Part5,Part7",n.
groups,/ˈɡɹups/,群體,The marketing team is divided into smaller groups to handle different campaigns.,行銷團隊被分成幾個小組來處理不同的活動。,toeic_advanced,2,Marketing,Advertising,"TOEIC,Reading,Part5,Part7",n.
growing,/ˈɡɹoʊɪŋ/,持續增長的,The company is experiencing a growing demand for its eco‑friendly products.,公司正面臨對其環保產品日益增長的需求。,toeic_advanced,2,Technical,ITSupport,"TOEIC,Reading,Part5,Part7",adj./v.
growth,/ˈɡɹoʊθ/,增長,The company experienced significant growth in its overseas market last year.,去年，該公司在海外市場取得了顯著增長。,toeic_advanced,2,Marketing,Sales,"TOEIC,Reading,Part5,Part7",n./v.
habits,/ˈhæbəts/,習慣,Breaking bad habits is crucial for improving productivity in the workplace.,戒除不良習慣對於提高工作場所的生產力至關重要。,toeic_advanced,2,Manufacturing,Production,"TOEIC,Reading,Part5,Part7",n.
half,/ˈhæf/,一半,The company offered a half-price discount on all remaining inventory.,公司對所有剩餘庫存提供半價折扣。,toeic_advanced,2,Logistics,SupplyChain,"TOEIC,Reading,Part5,Part7",n./adj.
happen,/ˈhæpən/,發生,"Due to unforeseen circumstances, the meeting will happen on Thursday instead of Wednesday.",由於突發狀況，會議將在星期四舉行，而不是星期三。,toeic_advanced,2,Corporate,DailyWork,"TOEIC,Reading,Part5,Part7",v.
happens,/ˈhæpənz/,發生,Unexpected delays often happen during peak shipping seasons.,在高峰運輸季節，經常會發生意料之外的延遲。,toeic_advanced,2,Corporate,DailyWork,"TOEIC,Reading,Part5,Part7",v.
harder,/ˈhɑɹdɝ/,更困難的,The project manager assigned me a harder task to test my skills.,專案經理分配給我一個更困難的任務來考驗我的技能。,toeic_advanced,2,Corporate,DailyWork,"TOEIC,Reading,Part5,Part7",adj./adv.
health,/ˈhɛɫθ/,健康,The company offers comprehensive health insurance to all full-time employees.,公司為所有全職員工提供全面的健康保險。,toeic_advanced,2,HumanResources,Compensation,"TOEIC,Reading,Part5,Part7",n.
healthy,/ˈhɛɫθi/,健康的,The company promotes a healthy work-life balance to improve employee morale and productivity.,公司提倡健康的工作與生活平衡，以提升員工士氣和生產力。,toeic_advanced,2,Manufacturing,Production,"TOEIC,Reading,Part5,Part7",adj.
helpful,/ˈhɛɫpfəɫ/,有幫助的,The training program was incredibly helpful in improving my presentation skills.,這項培訓計畫對提升我的簡報技巧非常有幫助。,toeic_advanced,2,Corporate,Communication,"TOEIC,Reading,Part5,Part7",adj.
herself,/hɝˈsɛɫf/,她自己,She handled the project entirely by herself.,她完全靠自己處理了這個專案。,toeic_advanced,2,Corporate,Communication,"TOEIC,Reading,Part5,Part7",pronoun
highly,/ˈhaɪɫi/,非常地,The company values employees who demonstrate a highly professional attitude.,公司重視展現高度專業態度的員工。,toeic_advanced,2,HumanResources,Compensation,"TOEIC,Reading,Part5,Part7",adv.
himself,/hɪmˈsɛɫf/,自己,He taught himself how to use the new software.,他自學了如何使用新的軟體。,toeic_advanced,2,Technical,ITSupport,"TOEIC,Reading,Part5,Part7",pronoun
hiring,/ˈhaɪɹɪŋ/,招聘,The company is hiring three new sales representatives to expand its market coverage.,公司正在招聘三名新銷售代表，以擴大市場覆蓋率。,toeic_advanced,2,Marketing,Sales,"TOEIC,Reading,Part5,Part7",n./v.
history,/ˈhɪstɝi/,歷史,The company's history of innovation has made it a leader in the industry.,公司在創新方面的歷史使其成為業界的領導者。,toeic_advanced,2,Technical,ITSupport,"TOEIC,Reading,Part5,Part7",n.
holding,/ˈhoʊɫdɪŋ/,持有,The company is holding a conference call to discuss the quarterly results.,該公司正在召開電話會議以討論季度業績。,toeic_advanced,2,Travel,Hospitality,"TOEIC,Reading,Part5,Part7",v./adj.
hoping,/ˈhoʊpɪŋ/,期望，盼望,We are hoping for a positive response from the potential investor.,我們期望潛在投資人能給予正面的回覆。,toeic_advanced,2,Finance,Investment,"TOEIC,Reading,Part5,Part7",v./adj.
hotter,/ˈhɑtɝ/,溫度更高,"The factory's temperature needs to be maintained at a consistent level, but it's currently running hotter than usual.",工廠的溫度需要維持在穩定的水平，但目前比平常熱。,toeic_advanced,2,Manufacturing,Production,"TOEIC,Reading,Part5,Part7",adj./adv.
however,/ˌhaʊˈɛvɝ/,然而,"The project is behind schedule; however, we are working diligently to catch up.",專案已落後進度；然而，我們正在努力趕上。,toeic_advanced,2,Corporate,Communication,"TOEIC,Reading,Part5,Part7",adv./conjunction
humans,/ˈhjumənz/,人類,The company is investing in training programs to improve the skills of its humans.,公司正在投資培訓計畫，以提升其員工的技能。,toeic_advanced,2,Finance,Investment,"TOEIC,Reading,Part5,Part7",n.
hundred,/ˈhəndɝd/,一百,There are a hundred employees working in this building.,這棟大樓裡有一百名員工在工作。,toeic_advanced,2,HumanResources,Compensation,"TOEIC,Reading,Part5,Part7",numeral/n.
images,/ˈɪmədʒəz/,影像，圖片，或視覺呈現的資料。,The marketing team needs high-resolution images for the new product campaign.,行銷團隊需要高解析度的圖片來宣傳新產品。,toeic_advanced,2,CorporateGovernance,CorporateStrategy,"TOEIC,Reading,Part5,Part7",n.
imagine,/ˌɪˈmædʒən/,想像，設想，尤其指在商業情境中，預見未來趨勢或可能性。,Let's imagine the worst-case scenario and develop a contingency plan.,讓我們想像最壞的情況，並制定應急計畫。,toeic_advanced,2,Corporate,Operations,"TOEIC,Reading,Part5,Part7",v.
increasing,/ˌɪnˈkɹisɪŋ/,逐漸增加的,The company reported increasing profits in the last quarter.,該公司在上一季報告了利潤的增長。,toeic_advanced,2,Finance,Investment,"TOEIC,Reading,Part5,Part7",adj./adv.
inside,/ˈɪnˌsaɪd/,在...內部,Please leave the report inside the designated folder.,請將報告放在指定的資料夾裡。,toeic_advanced,2,Corporate,DailyWork,"TOEIC,Reading,Part5,Part7",preposition/adv.
instead,/ˌɪnˈstɛd/,代替,"Due to unforeseen circumstances, we will use a different vendor instead.",由於突發狀況，我們將改用不同的供應商。,toeic_advanced,2,Corporate,DailyWork,"TOEIC,Reading,Part5,Part7",adv./preposition
invited,/ˌɪnˈvaɪtəd/,被邀請,Our CEO invited several key clients to the product launch event.,我們的 CEO 邀請了幾位重要客戶參加產品發布會。,toeic_advanced,2,Marketing,Sales,"TOEIC,Reading,Part5,Part7",v.
involve,/ˌɪnˈvɑɫv/,包含，涉及，牽涉到,This project involves a significant amount of research and development.,這個專案牽涉到大量的研究和開發。,toeic_advanced,2,Corporate,DailyWork,"TOEIC,Reading,Part5,Part7",v.
issues,/ˈɪʃuz/,問題，爭議，議題,The company is facing several key issues related to supply chain disruptions.,公司正面臨幾個與供應鏈中斷相關的重要議題。,toeic_advanced,2,Logistics,Transit,"TOEIC,Reading,Part5,Part7",n.
itself,/ˌɪtˈsɛɫf/,它自己,The company prides itself on its innovative technology.,這家公司以其創新的技術為傲。,toeic_advanced,2,Technical,ITSupport,"TOEIC,Reading,Part5,Part7",pronoun
jacket,/ˈdʒækət/,外套,He brought an extra jacket in case the office gets chilly.,他帶了一件額外的外套，以防辦公室裡變得寒冷。,toeic_advanced,2,Corporate,DailyWork,"TOEIC,Reading,Part5,Part7",n.
january,/ˈdʒænjuˌɛɹi/,一月，農曆新年期間，通常是公司年度計畫審查和預算規劃的重要月份。,The annual budget review will take place in January.,年度預算審查將在元月進行。,toeic_advanced,2,Finance,Investment,"TOEIC,Reading,Part5,Part7",n.
joining,/ˈdʒɔɪnɪŋ/,加入,New employees are joining the company next week.,新員工下週將加入公司。,toeic_advanced,2,HumanResources,Compensation,"TOEIC,Reading,Part5,Part7",v./adj.
jumped,/ˈdʒəmpt/,躍起,The employee jumped at the opportunity to lead the new project.,這位員工非常樂意抓住機會，帶領新的專案。,toeic_advanced,2,HumanResources,Compensation,"TOEIC,Reading,Part5,Part7",v.
kilometer,/ˈkɪɫəˌmitɝ/,公里 (公尺的一千倍,The nearest gas station is about five kilometers from here.,最近的加油站離這裡大約五公里。,toeic_advanced,2,Travel,Transit,"TOEIC,Reading,Part5,Part7",n.
kilometers,/ˈkɪɫəˌmitɝz/,公里，公里的單位,The delivery service guarantees a maximum distance of 500 kilometers for overnight shipping.,該快遞服務保證隔夜運送的距離上限為 500 公里。,toeic_advanced,2,Logistics,Transit,"TOEIC,Reading,Part5,Part7",n.
laptop,/ˈɫæpˌtɑp/,筆記型電腦，便攜式電腦，適用於辦公和移動工作。,The IT department is providing each employee with a new laptop to improve productivity.,資訊部門為提高生產力，為每位員工提供新的筆記型電腦。,toeic_advanced,2,Manufacturing,Production,"TOEIC,Reading,Part5,Part7",n.
lately,/ˈɫeɪtɫi/,近來,The company has been focusing on improving employee satisfaction lately.,公司最近一直在專注於提升員工滿意度。,toeic_advanced,2,HumanResources,Compensation,"TOEIC,Reading,Part5,Part7",adv.
latest,/ˈɫeɪtəst/,最新的,Please review the latest version of the report before the meeting.,會議前請審閱報告的最新版本。,toeic_advanced,2,Corporate,DailyWork,"TOEIC,Reading,Part5,Part7",adj.
lawyer,/ˈɫɔɪɝ/,律師,The company hired a lawyer to review the contract before signing.,簽署合約前，公司聘請了一位律師來審閱。,toeic_advanced,2,Legal,Contracts,"TOEIC,Reading,Part5,Part7",n.
leader,/ˈɫidɝ/,領導者,The company is looking for a strong leader to head the new marketing department.,公司正在尋找一位強有力的領導者來領導新的行銷部門。,toeic_advanced,2,Marketing,Sales,"TOEIC,Reading,Part5,Part7",n.
leaders,/ˈɫidɝz/,領導者,The company is seeking strong leaders to drive innovation and growth.,該公司正在尋找強有力的領導者來推動創新和增長。,toeic_advanced,2,HumanResources,Recruitment,"TOEIC,Reading,Part5,Part7",n.
leaves,/ˈɫivz/,葉子,"The company is experiencing a high turnover of leaves this quarter, impacting project timelines.",本季度公司離職率很高，影響了專案進度。,toeic_advanced,2,Corporate,Operations,"TOEIC,Reading,Part5,Part7",n./v.
length,/ˈɫɛŋkθ/,長度,The report needs to be concise; keep the length under two pages.,這份報告需要簡潔；將長度控制在兩頁以內。,toeic_advanced,2,Corporate,DailyWork,"TOEIC,Reading,Part5,Part7",n.
lesson,/ˈɫɛsən/,課程，教學單元,The training program consists of several lessons on project management.,這項培訓計畫包含幾個關於專案管理的課程。,toeic_advanced,2,Corporate,DailyWork,"TOEIC,Reading,Part5,Part7",n.
letter,/ˈɫɛtɝ/,書信,Please send a formal letter of complaint to the supplier regarding the delayed shipment.,請將關於延遲交貨的正式投訴信件寄給供應商。,toeic_advanced,2,Logistics,Transit,"TOEIC,Reading,Part5,Part7",n./v.
letters,/ˈɫɛtɝz/,信件,The accounting department needs to review all incoming letters for potential invoices.,會計部門需要審閱所有收到的信件，以查找潛在的發票。,toeic_advanced,2,Finance,Investment,"TOEIC,Reading,Part5,Part7",n.
levels,/ˈɫɛvəɫz/,層級,"The company has three management levels: executive, middle, and supervisory.",公司有三個管理層級：高階、中階與基層主管。,toeic_advanced,2,CorporateGovernance,CorporateStrategy,"TOEIC,Reading,Part5,Part7",n./v.
library,/ˈɫaɪbɹɛˌɹi/,圖書館,The company encourages employees to utilize the library's resources for professional development.,公司鼓勵員工利用圖書館的資源來提升專業技能。,toeic_advanced,2,HumanResources,Compensation,"TOEIC,Reading,Part5,Part7",n.
likely,/ˈɫaɪkɫi/,很有可能,The project is likely to be delayed due to unforeseen circumstances.,由於突發狀況，這個專案很有可能會延遲。,toeic_advanced,2,Corporate,DailyWork,"TOEIC,Reading,Part5,Part7",adv.
limited,/ˈɫɪmətəd/,有限的,"Due to budget constraints, our marketing campaign will have a limited scope this quarter.",由於預算限制，本季我們的行銷活動將會受到範圍的限制。,toeic_advanced,2,Finance,Investment,"TOEIC,Reading,Part5,Part7",adj.
limits,/ˈɫɪməts/,極限,"The project budget has a strict limit of $10,000.","這個專案的預算上限嚴格規定為 10,000 美元。",toeic_advanced,2,Finance,Investment,"TOEIC,Reading,Part5,Part7",n./v.
listen,/ˈɫɪsən/,仔細聆聽,"During the conference call, please listen attentively to the speaker's instructions.",在電話會議中，請仔細聆聽演講者的指示。,toeic_advanced,2,Corporate,Communication,"TOEIC,Reading,Part5,Part7",v.
little,/ˈɫɪtəɫ/,小的,We have very little time to complete the report before the deadline.,我們在截止日期前完成這份報告的時間非常少。,toeic_advanced,2,Technical,ITSupport,"TOEIC,Reading,Part5,Part7",adj./adv.
loan,/ˈɫoʊn/,貸款,The company secured a loan from the bank to expand its operations.,該公司從銀行獲得貸款以擴展其業務。,toeic_advanced,2,Technical,ITSupport,"TOEIC,Reading,Part5,Part7",n./v.
locally,/ˈɫoʊkəɫi/,在當地,The company prefers to hire locally to support the community.,公司偏好在當地僱用員工以支持社區。,toeic_advanced,2,HumanResources,Compensation,"TOEIC,Reading,Part5,Part7",adv.
located,/ˈɫoʊˌkeɪd/,位於,The company's headquarters are located in the central business district.,該公司的總部位於中央商業區。,toeic_advanced,2,Corporate,Facilities,"TOEIC,Reading,Part5,Part7",adj./v.
loss,/ˈɫɔs/,損失,The company reported a significant loss due to the economic downturn.,由於經濟衰退，公司報告了顯著的損失。,toeic_advanced,2,Finance,Accounting,"TOEIC,Reading,Part5,Part7",n./v.
machine,/məˈʃin/,機器,The factory invested in new machines to increase production efficiency.,該工廠投資了新機器以提高生產效率。,toeic_advanced,2,Manufacturing,Production,"TOEIC,Reading,Part5,Part7",n.
mailed,/ˈmeɪɫd/,已寄出,The invoices were mailed to all clients last week.,發票上週已寄出給所有客戶。,toeic_advanced,2,Finance,Investment,"TOEIC,Reading,Part5,Part7",v.
managed,/ˈmænədʒd/,成功地處理，控制或完成，通常需要努力或技巧。,The project manager successfully managed the team to meet the deadline.,專案經理成功地帶領團隊按時完成專案。,toeic_advanced,2,Corporate,Operations,"TOEIC,Reading,Part5,Part7",v.
manager,/ˈmænədʒɝ/,主管,The manager is responsible for overseeing the team's performance and ensuring deadlines are met.,經理負責監督團隊的績效，並確保期限能達成。,toeic_advanced,2,HumanResources,Recruitment,"TOEIC,Reading,Part5,Part7",n.
manual,/ˈmænjuəɫ/,手動操作的,The machine requires manual operation due to a software malfunction.,由於軟體故障，這台機器需要手動操作。,toeic_advanced,2,Manufacturing,Production,"TOEIC,Reading,Part5,Part7",adj./n.
markets,/ˈmɑɹkəts/,市場,Our company is expanding into new markets in Asia.,我們公司正在拓展亞洲的新市場。,toeic_advanced,2,Marketing,Sales,"TOEIC,Reading,Part5,Part7",n.
matter,/ˈmætɝ/,問題，議題，重要性,Let's discuss the matter of the delayed shipment with the logistics team.,讓我們與物流團隊討論關於延遲交貨的問題。,toeic_advanced,2,Logistics,Transit,"TOEIC,Reading,Part5,Part7",n./v.
maximum,/ˈmæksəməm/,最大值,"The project budget has a maximum of $10,000.","這個專案的預算上限為 10,000 美元。",toeic_advanced,2,Finance,Investment,"TOEIC,Reading,Part5,Part7",n./adj.
meaning,/ˈminɪŋ/,意義,The meaning of this contract clause is open to interpretation.,這條合約條款的意義存在爭議。,toeic_advanced,2,Legal,Contracts,"TOEIC,Reading,Part5,Part7",n.
medical,/ˈmɛdəkəɫ/,與醫療相關的,The company offers comprehensive medical insurance for all employees.,公司為所有員工提供全面的醫療保險。,toeic_advanced,2,HumanResources,Compensation,"TOEIC,Reading,Part5,Part7",adj.
medium,/ˈmidiəm/,中等,The project requires a medium level of technical expertise.,這個專案需要中等程度的技術專業知識。,toeic_advanced,2,Corporate,DailyWork,"TOEIC,Reading,Part5,Part7",adj./n.
meeting,/ˈmitɪŋ/,會議,The project team will hold a meeting to discuss the revised timeline.,專案團隊將召開會議討論已修改的時間表。,toeic_advanced,2,Corporate,Meetings,"TOEIC,Reading,Part5,Part7",n./v.
member,/ˈmɛmbɝ/,成員,All members are required to attend the annual general meeting.,所有會員都必須參加年度會員大會。,toeic_advanced,2,HumanResources,Recruitment,"TOEIC,Reading,Part5,Part7",n.
members,/ˈmɛmbɝz/,會員,All members are entitled to a 10% discount on our products.,所有會員皆享有我們產品的 10% 折扣。,toeic_advanced,2,Marketing,Sales,"TOEIC,Reading,Part5,Part7",n.
memory,/ˈmɛmɝi/,記憶力,The employee's excellent memory allowed him to quickly recall important client details.,這位員工出色的記憶力讓他能夠快速回憶重要的客戶細節。,toeic_advanced,2,HumanResources,Compensation,"TOEIC,Reading,Part5,Part7",n.
message,/ˈmɛsədʒ/,訊息,Please forward this urgent message to the project manager immediately.,請立即將此緊急訊息轉發給專案經理。,toeic_advanced,2,Corporate,Communication,"TOEIC,Reading,Part5,Part7",n./v.
meters,/ˈmitɝz/,公尺，公制長度單位，常用於測量距離，尺寸等。,The warehouse is 50 meters long and 30 meters wide.,倉庫長 50 公尺，寬 30 公尺。,toeic_advanced,2,Logistics,Transit,"TOEIC,Reading,Part5,Part7",n.
method,/ˈmɛθəd/,方法,Our company is constantly seeking innovative methods to improve efficiency.,我們公司不斷尋找創新的方法來提高效率。,toeic_advanced,2,Corporate,DailyWork,"TOEIC,Reading,Part5,Part7",n./v.
methods,/ˈmɛθədz/,方法,The company is exploring new methods to improve operational efficiency.,公司正在探索新的方法來提高營運效率。,toeic_advanced,2,Corporate,Operations,"TOEIC,Reading,Part5,Part7",n.
midday,/ˈmɪdˌdeɪ/,中午,The meeting is scheduled for midday to accommodate everyone's availability.,為了方便大家，會議安排在中午舉行。,toeic_advanced,2,Travel,Hospitality,"TOEIC,Reading,Part5,Part7",n./adv.
middle,/ˈmɪdəɫ/,位於中間位置,The meeting will be held in the middle of next week.,會議將會在下週的中間舉行。,toeic_advanced,2,Corporate,DailyWork,"TOEIC,Reading,Part5,Part7",n./adj.
minimum,/ˈmɪnəməm/,最少量,The company requires a minimum order quantity of 100 units per customer.,公司要求每位客戶的最低訂購量為 100 個單位。,toeic_advanced,2,Technical,ITSupport,"TOEIC,Reading,Part5,Part7",n./adj.
minute,/ˈmɪnət/,分鐘,The presentation will last for twenty minutes.,簡報將持續二十分鐘。,toeic_advanced,2,Corporate,DailyWork,"TOEIC,Reading,Part5,Part7",n./adj.
minutes,/ˈmɪnəts/,分鐘,The meeting is scheduled for 30 minutes.,會議預計舉行 30 分鐘。,toeic_advanced,2,Corporate,DailyWork,"TOEIC,Reading,Part5,Part7",n.
missed,/ˈmɪst/,錯過,I missed the deadline for submitting the project proposal.,我錯過了提交專案提案的期限。,toeic_advanced,2,Technical,ITSupport,"TOEIC,Reading,Part5,Part7",v.
misses,/ˈmɪsəz/,遺漏,The project team misses the deadline due to unexpected delays.,由於意外延遲，專案團隊未能按時完成。,toeic_advanced,2,Corporate,DailyWork,"TOEIC,Reading,Part5,Part7",v.
missing,/ˈmɪsɪŋ/,遺失的,"The report is missing several key figures, so we need to double-check the data.",報告缺少幾個關鍵數據，我們需要仔細核對資料。,toeic_advanced,2,Corporate,DailyWork,"TOEIC,Reading,Part5,Part7",adj.
mistake,/mɪˈsteɪk/,錯誤,"I made a small mistake in the report, but I'm correcting it now.",我在報告中犯了一個小錯誤，但我現在正在修正它。,toeic_advanced,2,Technical,ITSupport,"TOEIC,Reading,Part5,Part7",n./v.
mister,/ˈmɪstɝ/,先生,"Good morning, mister Smith. How may I help you?",史密斯先生早安，我能為您做什麼？,toeic_advanced,2,Technical,ITSupport,"TOEIC,Reading,Part5,Part7",n.
mobile,/ˈmoʊbəɫ/,行動的,The company is transitioning to a mobile workforce to reduce office space costs.,公司正在轉型為行動辦公室，以降低辦公室空間成本。,toeic_advanced,2,Logistics,Transit,"TOEIC,Reading,Part5,Part7",adj./n.
models,/ˈmɑdəɫz/,模型,The marketing team created several models to showcase the new product's features.,行銷團隊製作了幾個模型來展示新產品的功能。,toeic_advanced,2,Marketing,Sales,"TOEIC,Reading,Part5,Part7",n.
modern,/ˈmɑdɝn/,現代的,The company invested in modern equipment to improve efficiency.,公司投資了現代化的設備以提高效率。,toeic_advanced,2,Finance,Investment,"TOEIC,Reading,Part5,Part7",adj.
monday,/ˈmənˌdeɪ/,星期一,The deadline for the project proposal is next Monday.,專案提案的截止日期是下星期一。,toeic_advanced,2,Corporate,DailyWork,"TOEIC,Reading,Part5,Part7",n.
money,/ˈməni/,資金,The company needs to secure additional funding to cover the project's expenses.,公司需要額外資金來支付項目的費用。,toeic_advanced,2,Finance,Investment,"TOEIC,Reading,Part5,Part7",n.
morning,/ˈmɔɹnɪŋ/,早晨,"Good morning, everyone. Let's start our daily briefing.",大家早安。我們開始今天的每日簡報吧。,toeic_advanced,2,Corporate,DailyWork,"TOEIC,Reading,Part5,Part7",n.
mostly,/ˈmoʊsɫi/,主要地,The report indicates that the company's revenue comes mostly from overseas sales.,報告顯示，該公司的收入主要來自海外銷售。,toeic_advanced,2,Finance,Investment,"TOEIC,Reading,Part5,Part7",adv.
motorcycle,/ˈmoʊtɝˌsaɪkəɫ/,摩托車,He commutes to work on his motorcycle every day to avoid traffic.,他每天騎摩托車通勤上班以避免塞車。,toeic_advanced,2,Travel,Transit,"TOEIC,Reading,Part5,Part7",n./v.
mountain,/ˈmaʊntən/,山脈,The company is exploring the possibility of building a ski resort in the mountains.,該公司正在探討在山區建立滑雪勝地的可能性。,toeic_advanced,2,Travel,Hospitality,"TOEIC,Reading,Part5,Part7",n.
movies,/ˈmuviz/,電影,Our marketing campaign will heavily feature clips from the latest blockbuster movies to attract a younger demographic.,我們的行銷活動將大量使用最新熱門電影的片段，以吸引年輕族群。,toeic_advanced,2,Marketing,Advertising,"TOEIC,Reading,Part5,Part7",n.
myself,/ˌmaɪˈsɛɫf/,我自己,I'll handle this project myself to ensure it's completed on time.,我會自己處理這個專案，以確保它能按時完成。,toeic_advanced,2,Technical,ITSupport,"TOEIC,Reading,Part5,Part7",pronoun
natural,/ˈnætʃɝəɫ/,自然的,The company strives to use natural ingredients in its products to appeal to health-conscious consumers.,該公司努力在其產品中使用天然成分，以吸引注重健康的消費者。,toeic_advanced,2,Technical,ITSupport,"TOEIC,Reading,Part5,Part7",adj./adv.
nature,/ˈneɪtʃɝ/,自然環境,The company is committed to sustainable practices to minimize its impact on nature.,該公司致力於可持續的措施，以最大限度地減少對自然環境的影響。,toeic_advanced,2,Technical,ITSupport,"TOEIC,Reading,Part5,Part7",n.
nearby,/ˈnɪɹˈbaɪ/,附近的,"The conference room is nearby, just down the hall.",會議室就在附近，就在走廊的盡頭。,toeic_advanced,2,Corporate,DailyWork,"TOEIC,Reading,Part5,Part7",adv./adj.
nearest,/ˈnɪɹəst/,最近的,The nearest subway station is just a five-minute walk from the office.,最近的地鐵站距離辦公室只有五分鐘的步程。,toeic_advanced,2,Corporate,DailyWork,"TOEIC,Reading,Part5,Part7",adj./adv.
nearly,/ˈnɪɹɫi/,幾乎,"The project is nearly complete, and we expect to launch it next week.",這個專案幾乎完成，我們預計下週將會推出。,toeic_advanced,2,Technical,ITSupport,"TOEIC,Reading,Part5,Part7",adv.
neither,/ˈnaɪðɝ/,兩者都不,Neither proposal was accepted by the committee.,委員會兩項提案都未接受。,toeic_advanced,2,Technical,ITSupport,"TOEIC,Reading,Part5,Part7",determiner/pronoun
nervous,/ˈnɝvəs/,因緊張或焦慮而感到不安或擔心，尤其是在面對重要場合或任務時。,She was nervous about her presentation to the board of directors.,她對於向董事會的簡報感到緊張。,toeic_advanced,2,CorporateGovernance,BoardOfDirectors,"TOEIC,Reading,Part5,Part7",adj.
nights,/ˈnaɪts/,夜晚,"Due to the power outage, we had to work late into the nights to meet the deadline.",由於停電，我們不得不工作到深夜才能趕上截止日期。,toeic_advanced,2,Corporate,DailyWork,"TOEIC,Reading,Part5,Part7",n.
ninety,/ˈnaɪnti/,九十,The company reported ninety new sales leads this quarter.,該公司本季報告了九十個新的銷售線索。,toeic_advanced,2,Marketing,Sales,"TOEIC,Reading,Part5,Part7",number/adj.
nobody,/ˈnoʊˌbɑˌdi/,沒有人,Nobody attended the optional training session.,沒有人參加了這場可選的培訓課程。,toeic_advanced,2,Corporate,Communication,"TOEIC,Reading,Part5,Part7",pronoun
normal,/ˈnɔɹməɫ/,正常的,"The project is progressing normally, and we expect to meet the deadline.",專案進度正常，我們預計能按時完成。,toeic_advanced,2,Corporate,DailyWork,"TOEIC,Reading,Part5,Part7",adj./adv.
nothing,/ˈnəθɪŋ/,一無所有,I'm afraid there's nothing we can do about the delayed shipment at this point.,很抱歉，目前我們對這批延遲的貨物無能為力。,toeic_advanced,2,Logistics,Transit,"TOEIC,Reading,Part5,Part7",pronoun/adv.
noticed,/ˈnoʊtəst/,注意到,The manager noticed a significant drop in sales figures this quarter.,經理注意到本季銷售數字大幅下降。,toeic_advanced,2,Marketing,Sales,"TOEIC,Reading,Part5,Part7",v.
notices,/ˈnoʊtəsəz/,公告,The company posted notices regarding the upcoming office renovation.,公司張貼了關於即將進行的辦公室裝修的公告。,toeic_advanced,2,Travel,Hospitality,"TOEIC,Reading,Part5,Part7",n.
number,/ˈnəmbɝ/,數量，編號,Please provide your employee number for verification.,請提供您的員工編號以供核實。,toeic_advanced,2,HumanResources,Compensation,"TOEIC,Reading,Part5,Part7",n./v.
numbers,/ˈnəmbɝz/,數字,Please confirm the order number before processing the shipment.,請在處理貨運前確認訂單編號。,toeic_advanced,2,Logistics,Transit,"TOEIC,Reading,Part5,Part7",n.
objects,/ˈɑbdʒɛkts/,物品，物件,The warehouse manager needs to inventory all the objects in storage.,倉庫經理需要盤點儲存的所有物品。,toeic_advanced,2,Logistics,SupplyChain,"TOEIC,Reading,Part5,Part7",n.
offered,/ˈɔfɝd/,提供,The company offered a special discount to attract new customers.,為了吸引新客戶，公司提供了一項特別折扣。,toeic_advanced,2,Marketing,Sales,"TOEIC,Reading,Part5,Part7",v.
offers,/ˈɔfɝz/,提供，提出,The company offers a wide range of financial products to meet diverse customer needs.,該公司提供多種金融產品，以滿足不同客戶的需求。,toeic_advanced,2,Finance,Investment,"TOEIC,Reading,Part5,Part7",v.
office,/ˈɔfɪs/,辦公室,The meeting will be held in the conference room on the third floor of the office.,會議將在辦公室三樓的會議室舉行。,toeic_advanced,2,Corporate,DailyWork,"TOEIC,Reading,Part5,Part7",n.
officer,/ˈɔfəsɝ/,官員,The company's compliance officer will review the new regulations next week.,公司合規官將於下週審查新法規。,toeic_advanced,2,Legal,Compliance,"TOEIC,Reading,Part5,Part7",n.
offices,/ˈɔfəsəz/,辦公室,The company is expanding and plans to open new offices in several major cities.,公司正在擴張，並計劃在幾個主要城市開設新的辦公室。,toeic_advanced,2,Travel,Hospitality,"TOEIC,Reading,Part5,Part7",n.
online,/ˈɔnˌɫaɪn/,透過網路連線的,Our company offers online training courses for all employees.,我們公司為所有員工提供線上培訓課程。,toeic_advanced,2,HumanResources,Compensation,"TOEIC,Reading,Part5,Part7",adj./adv.
opened,/ˈoʊpənd/,開啟,The manager opened the meeting with a brief overview of the quarterly results.,經理以簡要介紹季度業績為開場，開啟了會議。,toeic_advanced,2,Technical,ITSupport,"TOEIC,Reading,Part5,Part7",v.
opening,/ˈoʊpənɪŋ/,開端，開業，開放,The company is planning a grand opening ceremony for its new branch.,公司正在為其新分店策劃一個盛大的開業典禮。,toeic_advanced,2,Technical,ITSupport,"TOEIC,Reading,Part5,Part7",n./v.
opinion,/əˈpɪnjən/,意見,The manager asked for everyone's opinion on the new marketing strategy.,經理詢問每個人對新行銷策略的意見。,toeic_advanced,2,Marketing,Sales,"TOEIC,Reading,Part5,Part7",n.
options,/ˈɑpʃənz/,選擇方案,The company is exploring several options for expanding into the Asian market.,公司正在探索進入亞洲市場的幾個方案。,toeic_advanced,2,Marketing,Sales,"TOEIC,Reading,Part5,Part7",n.
ordering,/ˈɔɹdɝɪŋ/,點餐,"Could I place an order for the grilled salmon, please?",請問我可以點一份烤鮭魚嗎？,toeic_advanced,2,Travel,Dining,"TOEIC,Reading,Part5,Part7",v./n.
orders,/ˈɔɹdɝz/,訂單,The warehouse is processing a large number of orders today.,倉庫今天正在處理大量的訂單。,toeic_advanced,2,Logistics,Transit,"TOEIC,Reading,Part5,Part7",n./v.
others,/ˈəðɝz/,其他人,"We need to gather feedback from all employees, including those working remotely.",我們需要收集所有員工的回饋，包括遠端工作的員工。,toeic_advanced,2,HumanResources,Compensation,"TOEIC,Reading,Part5,Part7",pronoun
owners,/ˈoʊnɝz/,所有權人,The building owners are responsible for maintaining the property.,大樓業主負責維護該物業。,toeic_advanced,2,Travel,Hospitality,"TOEIC,Reading,Part5,Part7",n.
package,/ˈpækədʒ/,包裹,The shipping department is responsible for processing and delivering all incoming packages.,運輸部門負責處理和交付所有進貨包裹。,toeic_advanced,2,Logistics,Transit,"TOEIC,Reading,Part5,Part7",n.
paid,/ˈpeɪd/,支付,The company paid its employees a generous bonus this year.,今年公司向員工支付了豐厚的獎金。,toeic_advanced,2,HumanResources,Compensation,"TOEIC,Reading,Part5,Part7",v./adj.
pardon,/ˈpɑɹdən/,寬恕,"Pardon me, could you repeat that last part?",請原諒，您能重複一下最後那部分嗎？,toeic_advanced,2,Corporate,Communication,"TOEIC,Reading,Part5,Part7",n./v.
passed,/ˈpæst/,通過,He passed the certification exam with flying colors.,他以優異的成績通過了認證考試。,toeic_advanced,2,Technical,ITSupport,"TOEIC,Reading,Part5,Part7",v.
passenger,/ˈpæsəndʒɝ/,乘客,The airline announced a delay due to the large number of passengers waiting to board.,航空公司宣布延誤，原因是大量旅客正在等待登機。,toeic_advanced,2,CorporateGovernance,BoardOfDirectors,"TOEIC,Reading,Part5,Part7",n.
passengers,/ˈpæsəndʒɝz/,乘客,"The airline announced a delay due to inclement weather, affecting hundreds of passengers.",航空公司宣布因惡劣天氣延誤航班，影響了數百名乘客。,toeic_advanced,2,Travel,Transit,"TOEIC,Reading,Part5,Part7",n.
passes,/ˈpæsəz/,通過,The deadline for submitting the proposal passes next Friday.,提案提交的截止日期下週五就到。,toeic_advanced,2,Technical,ITSupport,"TOEIC,Reading,Part5,Part7",v.
patient,/ˈpeɪʃənt/,有耐心，能忍耐,The customer service representative needs to be patient with difficult clients.,客戶服務代表需要對難纏的客戶保持耐心。,toeic_advanced,2,Marketing,Sales,"TOEIC,Reading,Part5,Part7",adj./n.
pay,/ˈpeɪ/,支付,Please pay the invoice by the due date to avoid late fees.,請在到期日之前支付發票，以避免滯納金。,toeic_advanced,2,Finance,Investment,"TOEIC,Reading,Part5,Part7",v./n.
pays,/ˈpeɪz/,支付,The company pays its employees bi-weekly.,公司每兩週發一次薪水給員工。,toeic_advanced,2,HumanResources,Compensation,"TOEIC,Reading,Part5,Part7",v.
pencils,/ˈpɛnsəɫz/,鉛筆,Could you please provide extra pencils for the meeting participants?,您能請提供一些額外的鉛筆給會議參與者嗎？,toeic_advanced,2,Corporate,DailyWork,"TOEIC,Reading,Part5,Part7",n.
people,/ˈpipəɫ/,人們,Many people attended the annual company meeting.,許多人參加了公司年度會議。,toeic_advanced,2,Corporate,GeneralBusiness,"TOEIC,Reading,Part5,Part7",n.
perfect,/ˈpɝˌfɪkt/,完美的,The presentation was perfect; the client was very impressed.,簡報非常完美，客戶印象深刻。,toeic_advanced,2,Marketing,Sales,"TOEIC,Reading,Part5,Part7",adj./adv.
perhaps,/pɝˈhæps/,或許，可能,Perhaps we could schedule a follow-up meeting next week to discuss the proposal further.,或許我們下週可以安排一次追蹤會議，以進一步討論提案。,toeic_advanced,2,Corporate,Communication,"TOEIC,Reading,Part5,Part7",adv.
period,/ˈpɪɹiəd/,一段時間,The project is scheduled to be completed within a six-month period.,該專案預計在六個月的週期內完成。,toeic_advanced,2,Technical,ITSupport,"TOEIC,Reading,Part5,Part7",n.
person,/ˈpɝsən/,個人,Each person is responsible for their own actions.,每個人都應為自己的行為負責。,toeic_advanced,2,Corporate,GeneralBusiness,"TOEIC,Reading,Part5,Part7",n.
phones,/ˈfoʊnz/,電話,The company is upgrading its phones to improve communication efficiency.,公司正在升級電話設備，以提高溝通效率。,toeic_advanced,2,Travel,Hospitality,"TOEIC,Reading,Part5,Part7",n.
photos,/ˈfoʊˌtoʊz/,照片,Could you please send me the photos from the recent product launch event?,您能將最近產品發表會的照片寄給我嗎？,toeic_advanced,2,Corporate,Communication,"TOEIC,Reading,Part5,Part7",n.
picked,/ˈpɪkt/,揀選,The quality control team picked out the defective products from the shipment.,品質管制團隊從貨運中揀選出有缺陷的產品。,toeic_advanced,2,Manufacturing,QualityControl,"TOEIC,Reading,Part5,Part7",v.
picnic,/ˈpɪkˌnɪk/,野餐,Let's pack a basket and go for a picnic in the park this weekend.,我們這個週末準備一個籃子，去公園野餐吧。,toeic_advanced,2,Corporate,Communication,"TOEIC,Reading,Part5,Part7",n./v.
picture,/ˈpɪktʃɝ/,圖像,The presentation included several pictures to illustrate the new product features.,簡報中包含多張圖片，以說明新產品的功能。,toeic_advanced,2,Corporate,DailyWork,"TOEIC,Reading,Part5,Part7",n.
pieces,/ˈpisəz/,零件,We need to order more replacement parts; we're running low on pieces for the assembly line.,我們需要訂購更多替換零件，組裝線上快缺貨了。,toeic_advanced,2,Manufacturing,Production,"TOEIC,Reading,Part5,Part7",n.
placed,/ˈpɫeɪst/,放置,The documents were carefully placed in the filing cabinet for easy retrieval.,這些文件被小心地放置在檔案櫃中，以便輕鬆檢索。,toeic_advanced,2,Corporate,DailyWork,"TOEIC,Reading,Part5,Part7",v.
placing,/ˈpɫeɪsɪŋ/,放置,Please ensure all documents are placed neatly in the filing cabinet.,請確保所有文件都整齊地放置在檔案櫃中。,toeic_advanced,2,Corporate,DailyWork,"TOEIC,Reading,Part5,Part7",v./adj.
planned,/ˈpɫænd/,事先規劃好的,The meeting was carefully planned to maximize efficiency.,會議經過精心策劃，以最大限度地提高效率。,toeic_advanced,2,Corporate,DailyWork,"TOEIC,Reading,Part5,Part7",adj.
planner,/ˈpɫænɝ/,計畫表,The project manager uses a detailed planner to track deadlines and allocate resources.,專案經理使用詳細的計畫表來追蹤截止日期並分配資源。,toeic_advanced,2,Corporate,DailyWork,"TOEIC,Reading,Part5,Part7",n.
plastic,/ˈpɫæstɪk/,塑膠,Many companies are trying to reduce their reliance on single-use plastics.,許多公司正試圖減少對一次性塑膠製品的依賴。,toeic_advanced,2,Corporate,GeneralBusiness,"TOEIC,Reading,Part5,Part7",n./adj.
player,/ˈpɫeɪɝ/,參與者,The company is looking for key players to lead the new marketing campaign.,公司正在尋找關鍵人物來領導新的行銷活動。,toeic_advanced,2,Marketing,Advertising,"TOEIC,Reading,Part5,Part7",n./v.
please,/ˈpɫiz/,請,Please submit your report by the end of the day.,請在今天結束前提交您的報告。,toeic_advanced,2,Technical,ITSupport,"TOEIC,Reading,Part5,Part7",interjection/v.
pleased,/ˈpɫizd/,感到高興，滿意,The manager was pleased with the team's performance on the project.,經理對團隊在專案中的表現感到滿意。,toeic_advanced,2,Technical,ITSupport,"TOEIC,Reading,Part5,Part7",adj.
plenty,/ˈpɫɛni/,充足的,We have plenty of time to finish the project before the deadline.,我們有充足的時間在截止日期前完成這個專案。,toeic_advanced,2,Corporate,DailyWork,"TOEIC,Reading,Part5,Part7",adj./adv.
points,/ˈpɔɪnts/,分數,The presentation received high points for its clarity and organization.,這場簡報因其清晰度和組織性而獲得了很高的評價。,toeic_advanced,2,Technical,ITSupport,"TOEIC,Reading,Part5,Part7",n.
police,/pəˈɫis/,警察,The security team contacted the police after discovering the suspicious package.,安全團隊在發現可疑包裹後聯絡了警察。,toeic_advanced,2,Technical,ITSupport,"TOEIC,Reading,Part5,Part7",n.
policy,/ˈpɑɫəsi/,政策,The company's policy regarding remote work is outlined in the employee handbook.,公司關於遠端工作的政策已在員工手冊中說明。,toeic_advanced,2,HumanResources,Compensation,"TOEIC,Reading,Part5,Part7",n.
polite,/pəˈɫaɪt/,有禮貌的,"It's important to be polite to colleagues, even when you disagree with them.",即使您與同事意見不一致，保持禮貌也很重要。,toeic_advanced,2,Technical,ITSupport,"TOEIC,Reading,Part5,Part7",adj.
poor,/ˈpuɹ/,貧窮的,The company is struggling financially and reported poor earnings this quarter.,該公司財務狀況不佳，本季報告了低迷的收益。,toeic_advanced,2,Finance,Investment,"TOEIC,Reading,Part5,Part7",adj.
popular,/ˈpɑpjəɫɝ/,廣受歡迎的,Our new product is becoming increasingly popular among young consumers.,我們的最新產品在年輕消費者中越來越受歡迎。,toeic_advanced,2,Marketing,Sales,"TOEIC,Reading,Part5,Part7",adj.
poster,/ˈpoʊstɝ/,海報,The marketing team designed a vibrant poster to promote the new product launch.,行銷團隊設計了一張鮮豔的海報來宣傳新產品的上市。,toeic_advanced,2,HumanResources,Compensation,"TOEIC,Reading,Part5,Part7",n.
posters,/ˈpoʊstɝz/,海報,The marketing team is designing posters to promote the new product launch.,行銷團隊正在設計海報以推廣新產品的上市。,toeic_advanced,2,HumanResources,Compensation,"TOEIC,Reading,Part5,Part7",n.
prefer,/pɹəˈfɝ/,較喜歡,I prefer to schedule the meeting after lunch to accommodate everyone's availability.,我較喜歡在午餐後安排會議，以配合所有人的時間。,toeic_advanced,2,Travel,Hospitality,"TOEIC,Reading,Part5,Part7",v.
prefers,/pɹəˈfɝz/,偏好,He prefers to communicate via email rather than phone calls.,他更喜歡通過電子郵件溝通，而不是電話。,toeic_advanced,2,Corporate,DailyWork,"TOEIC,Reading,Part5,Part7",v.
prepare,/pɹiˈpɛɹ/,準備,The marketing team needs to prepare a presentation for the upcoming conference.,行銷團隊需要為即將到來的會議準備一份簡報。,toeic_advanced,2,Marketing,Sales,"TOEIC,Reading,Part5,Part7",v.
present,/ˈpɹɛzənt/,贈送物,The company presented a commemorative plaque to the retiring employee.,公司向即將退休的員工贈送了一塊紀念牌匾。,toeic_advanced,2,HumanResources,Compensation,"TOEIC,Reading,Part5,Part7",n./v.
pretty,/ˈpɹɪti/,相當漂亮，令人滿意，通常用於形容外觀，品質或表現。,"The presentation slides were pretty well-designed, which helped to engage the audience.",簡報的投影片設計得相當精美，有助於吸引聽眾。,toeic_advanced,2,Corporate,Communication,"TOEIC,Reading,Part5,Part7",adj./adv.
prevent,/pɹiˈvɛnt/,採取措施以避免或阻止某事發生,The company implemented new security protocols to prevent data breaches.,公司實施了新的安全規範以防止資料外洩。,toeic_advanced,2,Legal,Compliance,"TOEIC,Reading,Part5,Part7",v.
prices,/ˈpɹaɪsəz/,價格,The company is constantly monitoring market prices to ensure competitive pricing.,公司不斷監控市場價格，以確保具有競爭力的定價。,toeic_advanced,2,Marketing,Sales,"TOEIC,Reading,Part5,Part7",n.
primary,/ˈpɹaɪˌmɛɹi/,首要的,The primary objective of this project is to increase sales by 15%.,這個專案的首要目標是將銷售額提高 15%。,toeic_advanced,2,Marketing,Sales,"TOEIC,Reading,Part5,Part7",adj./n.
printed,/ˈpɹɪnəd/,已列印的,Please review the printed contract before signing it.,請在簽署前審閱已列印的合約。,toeic_advanced,2,Legal,Contracts,"TOEIC,Reading,Part5,Part7",adj.
printer,/ˈpɹɪnɝ/,影印機,The office manager needs to order more printer cartridges before they run out.,辦公室經理需要在墨水耗盡前訂購更多影印機墨水。,toeic_advanced,2,Corporate,DailyWork,"TOEIC,Reading,Part5,Part7",n.
private,/ˈpɹaɪvət/,私人的,The manager scheduled a private meeting with the client to discuss confidential terms.,經理安排了一場私密會議與客戶討論機密條款。,toeic_advanced,2,Marketing,Sales,"TOEIC,Reading,Part5,Part7",adj.
problem,/ˈpɹɑbɫəm/,問題，困境,We need to identify the root problem causing the production delays.,我們需要找出造成生產延遲的根本問題。,toeic_advanced,2,Manufacturing,Production,"TOEIC,Reading,Part5,Part7",n./v.
process,/ˈpɹɑˌsɛs/,流程,The company is streamlining its order processing to improve efficiency.,公司正在簡化訂單處理流程以提高效率。,toeic_advanced,2,Technical,ITSupport,"TOEIC,Reading,Part5,Part7",n./v.
produce,/ˈpɹoʊdus/,生產,"The factory is capable of producing over 10,000 units per month.","該工廠每月可以生產超過 10,000 個單位。",toeic_advanced,2,Manufacturing,Production,"TOEIC,Reading,Part5,Part7",v./n.
product,/ˈpɹɑdəkt/,產品,Our company is launching a new product next month to meet the growing market demand.,為了滿足不斷增長的市場需求，我們公司下個月將推出一款新產品。,toeic_advanced,2,Marketing,Sales,"TOEIC,Reading,Part5,Part7",n.
profile,/ˈpɹoʊˌfaɪɫ/,個人資料,Please update your employee profile with your current skills and experience.,請更新您的員工檔案，包含您目前的技能和經驗。,toeic_advanced,2,HumanResources,Compensation,"TOEIC,Reading,Part5,Part7",n.
program,/ˈpɹoʊˌɡɹæm/,計畫，程式，系統,The IT department is developing a new software program to improve efficiency.,資訊部門正在開發一個新的軟體程式，以提高效率。,toeic_advanced,2,Technical,ITSupport,"TOEIC,Reading,Part5,Part7",n./v.
project,/ˈpɹɑdʒɛkt/,專案,The marketing team is currently working on a new product launch project.,行銷團隊目前正在進行一個新產品發布專案。,toeic_advanced,2,Marketing,Sales,"TOEIC,Reading,Part5,Part7",n./v.
promise,/ˈpɹɑməs/,承諾,The supplier promised to deliver the goods by next Friday.,供應商承諾在下週五前交付商品。,toeic_advanced,2,Logistics,Transit,"TOEIC,Reading,Part5,Part7",v./n.
promote,/pɹəˈmoʊt/,推廣或提升,The company will promote the new product through a series of online advertisements.,公司將透過一系列線上廣告來推廣新產品。,toeic_advanced,2,HumanResources,Compensation,"TOEIC,Reading,Part5,Part7",v.
protect,/pɹəˈtɛkt/,保護,The company is committed to protecting its intellectual property rights.,公司致力於保護其知識產權。,toeic_advanced,2,Technical,ITSupport,"TOEIC,Reading,Part5,Part7",v.
provide,/pɹəˈvaɪd/,提供,Please provide all necessary documents for the visa application.,請提供所有簽證申請所需的必要文件。,toeic_advanced,2,Corporate,DailyWork,"TOEIC,Reading,Part5,Part7",v.
public,/ˈpəbɫɪk/,公開的,The company released a public statement addressing the recent allegations.,公司發布了一份公開聲明，以回應最近的指控。,toeic_advanced,2,Corporate,DailyWork,"TOEIC,Reading,Part5,Part7",adj./n.
purpose,/ˈpɝpəs/,目的,The main purpose of this meeting is to discuss the upcoming marketing campaign.,這次會議的主要目的是討論即將到來的行銷活動。,toeic_advanced,2,Marketing,Advertising,"TOEIC,Reading,Part5,Part7",n.
quality,/ˈkwɑɫəti/,品質,The company is committed to maintaining the highest quality standards for its products.,公司致力於維持其產品的最高品質標準。,toeic_advanced,2,Technical,ITSupport,"TOEIC,Reading,Part5,Part7",n./adj.
quickly,/ˈkwɪkɫi/,迅速地,The report needs to be completed quickly to meet the deadline.,為了趕上截止日期，報告需要迅速完成。,toeic_advanced,2,Corporate,DailyWork,"TOEIC,Reading,Part5,Part7",adv.
quietly,/ˈkwaɪətɫi/,安靜地,Please complete the report quietly so as not to disturb your colleagues.,請安靜地完成報告，以免打擾您的同事。,toeic_advanced,2,Corporate,DailyWork,"TOEIC,Reading,Part5,Part7",adv.
raised,/ˈɹeɪzd/,抬高,The company raised prices by 5% due to increased production costs.,由於生產成本增加，公司將價格提高了 5%。,toeic_advanced,2,Manufacturing,Production,"TOEIC,Reading,Part5,Part7",v./adj.
rate,/ˈɹeɪt/,比率,The company is currently reviewing the exchange rate to determine the impact on import costs.,公司目前正在審查匯率，以確定對進口成本的影響。,toeic_advanced,2,Finance,Accounting,"TOEIC,Reading,Part5,Part7",n./v.
rates,/ˈɹeɪts/,費率,The bank announced a decrease in interest rates to stimulate the economy.,該銀行宣布降低利率以刺激經濟。,toeic_advanced,2,Finance,Investment,"TOEIC,Reading,Part5,Part7",n./v.
rather,/ˈɹæðɝ/,寧願,I'd rather stay home and read a book than go to the party.,我寧願待在家看書，也不想去派對。,toeic_advanced,2,Corporate,GeneralBusiness,"TOEIC,Reading,Part5,Part7",adv.
reached,/ˈɹitʃt/,到達,The company reached a record profit this quarter.,本季公司達到創紀錄的利潤。,toeic_advanced,2,Finance,Investment,"TOEIC,Reading,Part5,Part7",v.
reaches,/ˈɹitʃəz/,達到,"The project deadline is fast approaching, and we need to ensure all deliverables reach the client on time.",專案截止日期即將到來，我們需要確保所有交付成果能準時送達客戶。,toeic_advanced,2,Logistics,Transit,"TOEIC,Reading,Part5,Part7",v.
reader,/ˈɹidɝ/,閱讀者,The company is looking for skilled readers to review and approve marketing materials.,公司正在尋找熟練的閱讀者來審閱和批准行銷材料。,toeic_advanced,2,Marketing,Sales,"TOEIC,Reading,Part5,Part7",n.
realize,/ˈɹiəˌɫaɪz/,領悟,"After reviewing the sales figures, the manager realized the need for a new marketing strategy.",審閱銷售數據後，經理意識到需要新的行銷策略。,toeic_advanced,2,Marketing,Sales,"TOEIC,Reading,Part5,Part7",v.
really,/ˈɹiɫi/,確實地,"The project was completed ahead of schedule, which is really impressive.",這個專案提前完成，這真的令人印象深刻。,toeic_advanced,2,Corporate,Communication,"TOEIC,Reading,Part5,Part7",adv.
reason,/ˈɹizən/,原因,The project was delayed due to unforeseen reasons.,由於一些不可預見的原因，專案延遲了。,toeic_advanced,2,Corporate,DailyWork,"TOEIC,Reading,Part5,Part7",n./v.
reasons,/ˈɹizənz/,原因,"The project was delayed due to several reasons, including unforeseen technical issues and a shortage of resources.",專案延遲的原因有很多，包括未預見到的技術問題和資源短缺。,toeic_advanced,2,Travel,Hospitality,"TOEIC,Reading,Part5,Part7",n.
receive,/ɹəˈsiv/,收到,Please ensure all invoices are received by the accounting department before the deadline.,請確保所有發票在截止日期前已收到會計部門。,toeic_advanced,2,Finance,Investment,"TOEIC,Reading,Part5,Part7",v.
recent,/ˈɹisənt/,近來的,The company has seen a significant increase in sales in recent months.,公司在近幾個月來看到銷售額顯著增加。,toeic_advanced,2,Marketing,Sales,"TOEIC,Reading,Part5,Part7",adj.
record,/ˈɹɛkɝd/,記錄,The sales department needs to record all customer interactions in the CRM system.,銷售部門需要將所有客戶互動記錄在 CRM 系統中。,toeic_advanced,2,Marketing,Sales,"TOEIC,Reading,Part5,Part7",n./v.
records,/ˈɹɛkɝdz/,記錄,The sales department needs to update the sales records daily.,銷售部門需要每天更新銷售記錄。,toeic_advanced,2,Marketing,Sales,"TOEIC,Reading,Part5,Part7",n./v.
reduce,/ɹəˈdus/,減少,The company aims to reduce operating costs by streamlining its processes.,公司旨在透過優化流程來降低營運成本。,toeic_advanced,2,Technical,ITSupport,"TOEIC,Reading,Part5,Part7",v.
reduced,/ɹəˈdust/,減少,The company offered a reduced price for the bulk order.,公司為批量訂單提供了一個降價優惠。,toeic_advanced,2,Corporate,DailyWork,"TOEIC,Reading,Part5,Part7",adj./v.
reduces,/ɹəˈdusəz/,減少,The company is implementing new strategies to reduce operational costs.,該公司正在實施新的策略以降低營運成本。,toeic_advanced,2,Corporate,Operations,"TOEIC,Reading,Part5,Part7",v.
refund,/ˈɹiˌfənd/,退款,The company offers a full refund for defective products returned within 14 days.,公司提供在 14 天內退回的瑕疵產品全額退款。,toeic_advanced,2,Manufacturing,QualityControl,"TOEIC,Reading,Part5,Part7",n./v.
refunds,/ˈɹiˌfəndz/,退款,Customers are entitled to full refunds if the product is defective.,如果產品有缺陷，客戶有權獲得全額退款。,toeic_advanced,2,Manufacturing,QualityControl,"TOEIC,Reading,Part5,Part7",n.
regard,/ɹɪˈɡɑɹd/,重視,The company regards employee training as a top priority.,公司將員工培訓視為首要任務。,toeic_advanced,2,HumanResources,Compensation,"TOEIC,Reading,Part5,Part7",v./n.
regards,/ɹɪˈɡɑɹdz/,致意,Please extend my regards to your family.,請代我向您的家人問候。,toeic_advanced,2,Corporate,Communication,"TOEIC,Reading,Part5,Part7",preposition/v.
region,/ˈɹidʒən/,區域,Our company is expanding its operations into new regions in Asia.,我們公司正在將業務拓展到亞洲的新區域。,toeic_advanced,2,Travel,Hospitality,"TOEIC,Reading,Part5,Part7",n.
regular,/ˈɹeɪɡjəɫɝ/,依照常規的,The company holds regular team meetings every Monday morning.,公司每週一早上舉行定期的團隊會議。,toeic_advanced,2,Corporate,DailyWork,"TOEIC,Reading,Part5,Part7",adj./adv.
related,/ˌɹiˈɫeɪtɪd/,與某事或某人有直接或間接關係的,Please review the related documents before the meeting.,請在會議前審閱相關文件。,toeic_advanced,2,Corporate,Communication,"TOEIC,Reading,Part5,Part7",adj./v.
release,/ɹiˈɫis/,發布,The company plans to release the new product line next quarter.,公司計畫在下個季度發布新的產品線。,toeic_advanced,2,Marketing,Sales,"TOEIC,Reading,Part5,Part7",v./n.
remain,/ɹiˈmeɪn/,保持,The contract will remain in effect until both parties sign the amendment.,合約將持續有效，直至雙方簽署修正案。,toeic_advanced,2,Legal,Contracts,"TOEIC,Reading,Part5,Part7",v.
remind,/ɹiˈmaɪnd/,提醒,Please remind me to submit the report by Friday.,請提醒我週五前提交報告。,toeic_advanced,2,Technical,ITSupport,"TOEIC,Reading,Part5,Part7",v.
remove,/ɹiˈmuv/,移除,Please remove any unnecessary files from your desktop to improve performance.,請移除桌面上的任何不必要檔案，以提升效能。,toeic_advanced,2,Corporate,DailyWork,"TOEIC,Reading,Part5,Part7",v.
rent,/ˈɹɛnt/,支付租金,The company needs to rent a larger office space to accommodate the growing team.,為了容納日益擴大的團隊，公司需要租賃更大的辦公空間。,toeic_advanced,2,Travel,Hospitality,"TOEIC,Reading,Part5,Part7",v./n.
rental,/ˈɹɛntəɫ/,租賃,Our company will need a rental car for the sales team during the conference next week.,我們公司需要在下週會議期間為業務團隊租用一輛租賃車。,toeic_advanced,2,Marketing,Sales,"TOEIC,Reading,Part5,Part7",n./adj.
repair,/ɹɪˈpɛɹ/,修理,The maintenance team will repair the printer by tomorrow afternoon.,維修團隊將於明天下午前修理好印表機。,toeic_advanced,2,Manufacturing,Production,"TOEIC,Reading,Part5,Part7",n./v.
repairs,/ɹiˈpɛɹz/,維修,The company is currently seeking bids for the building's extensive repairs.,公司目前正在尋求對建築物大規模維修的標書。,toeic_advanced,2,Travel,Hospitality,"TOEIC,Reading,Part5,Part7",n./v.
repeat,/ɹiˈpit/,重複,Could you please repeat that? I didn't quite catch what you said.,您能再重複一遍嗎？我沒有完全聽清楚。,toeic_advanced,2,Technical,ITSupport,"TOEIC,Reading,Part5,Part7",v./n.
replace,/ˌɹiˈpɫeɪs/,取代,The outdated software needs to be replaced with the latest version to improve efficiency.,為了提高效率，需要將過時的軟體更換為最新版本。,toeic_advanced,2,Technical,ITSupport,"TOEIC,Reading,Part5,Part7",v.
report,/ɹiˈpɔɹt/,報告,The marketing team needs to submit a quarterly sales report by the end of the month.,行銷團隊需要在月底前提交一份季度銷售報告。,toeic_advanced,2,Marketing,Sales,"TOEIC,Reading,Part5,Part7",n./v.
reports,/ɹiˈpɔɹts/,報告,The sales manager will present the quarterly reports at the meeting tomorrow.,業務經理將於明天的會議上呈報季度報告。,toeic_advanced,2,Marketing,Sales,"TOEIC,Reading,Part5,Part7",n./v.
request,/ɹiˈkwɛst/,請求,Could you please request a copy of the contract from the legal department?,您能請法律部門提供一份合約副本嗎？,toeic_advanced,2,Legal,Contracts,"TOEIC,Reading,Part5,Part7",v./n.
require,/ˌɹiˈkwaɪɝ/,要求,The company requires all employees to attend the mandatory safety training.,公司要求所有員工參加強制性的安全培訓。,toeic_advanced,2,HumanResources,Compensation,"TOEIC,Reading,Part5,Part7",v.
respect,/ɹiˈspɛkt/,尊重,We need to respect the company's policies regarding employee conduct.,我們需要尊重公司關於員工行為的政策。,toeic_advanced,2,HumanResources,Compensation,"TOEIC,Reading,Part5,Part7",n./v.
respond,/ɹiˈspɑnd/,回應,The company will respond to your application within two weeks.,公司會在兩週內回覆您的申請。,toeic_advanced,2,Technical,ITSupport,"TOEIC,Reading,Part5,Part7",v.
restaurant,/ˈɹɛsˌtɹɑnt/,餐廳，通常提供餐飲服務的商業場所。,The company is hosting a client dinner at a popular restaurant downtown.,公司將在市中心一家熱門餐廳為客戶舉辦晚宴。,toeic_advanced,2,Marketing,Sales,"TOEIC,Reading,Part5,Part7",n.
result,/ɹiˈzəɫt/,結果,The company's sales results for the quarter exceeded expectations.,本季的銷售結果超出預期。,toeic_advanced,2,Marketing,Sales,"TOEIC,Reading,Part5,Part7",n./v.
results,/ɹiˈzəɫts/,結果,The quarterly sales results exceeded our initial projections.,本季的銷售結果超出了我們的初步預測。,toeic_advanced,2,Marketing,Sales,"TOEIC,Reading,Part5,Part7",n.
resume,/ˈɹɛzəˌmeɪ/,履歷,Please submit your resume and cover letter by Friday.,請在星期五前提交您的履歷和求職信。,toeic_advanced,2,HumanResources,Compensation,"TOEIC,Reading,Part5,Part7",n.
return,/ɹiˈtɝn/,歸還,The supplier will return the defective goods within one week.,供應商將在一週內退回有缺陷的商品。,toeic_advanced,2,Manufacturing,QualityControl,"TOEIC,Reading,Part5,Part7",v./n.
returns,/ɹiˈtɝnz/,歸還,The supplier needs to return the defective goods immediately.,供應商需要立即退回有缺陷的商品。,toeic_advanced,2,Manufacturing,QualityControl,"TOEIC,Reading,Part5,Part7",v.
review,/ˌɹivˈju/,審查,The manager asked the team to review the project proposal before submitting it.,經理要求團隊在提交之前審查專案提案。,toeic_advanced,2,Technical,ITSupport,"TOEIC,Reading,Part5,Part7",v./n.
reviews,/ɹəvˈjuz/,對產品，服務，工作表現等進行評估或評論的報告或意見,The marketing team monitors online reviews to adjust the product's positioning.,行銷團隊會監控線上評論，以調整產品的定位。,toeic_advanced,2,Marketing,Sales,"TOEIC,Reading,Part5,Part7",n./v.
revised,/ɹiˈvaɪzd/,修改,The revised contract includes updated payment terms.,經過修改的合約包含了更新的付款條款。,toeic_advanced,2,Legal,Contracts,"TOEIC,Reading,Part5,Part7",adj.
rewrite,/ˈɹiˌɹaɪt/,重寫,Could you please rewrite the introduction to make it more engaging?,你能不能把引言重寫一下，讓它更引人入勝？,toeic_advanced,2,Technical,ITSupport,"TOEIC,Reading,Part5,Part7",v./n.
rich,/ˈɹɪtʃ/,財富豐饒的,The company's rich portfolio of assets has attracted significant investor interest.,該公司豐富的資產組合吸引了大量投資者的興趣。,toeic_advanced,2,Finance,Investment,"TOEIC,Reading,Part5,Part7",adj.
rights,/ˈɹaɪts/,權利,Employees have the right to a safe and healthy working environment.,員工有權利享有安全和健康的職場環境。,toeic_advanced,2,HumanResources,Compensation,"TOEIC,Reading,Part5,Part7",n.
rise,/ˈɹaɪz/,上升,The company's profits are expected to rise significantly next quarter.,預計下個季度該公司的利潤將顯著上升。,toeic_advanced,2,Finance,Investment,"TOEIC,Reading,Part5,Part7",v./n.
risen,/ˈɹɪzən/,升起,The company's profits have risen significantly this quarter.,本季公司利潤顯著上升。,toeic_advanced,2,Finance,Investment,"TOEIC,Reading,Part5,Part7",v.
routine,/ɹuˈtin/,例行程序,The morning routine includes checking emails and prioritizing tasks.,早晨的例行程序包括檢查電子郵件和優先處理任務。,toeic_advanced,2,Technical,ITSupport,"TOEIC,Reading,Part5,Part7",n.
safely,/ˈseɪfɫi/,安全地,The delivery driver must transport the fragile goods safely.,送貨員必須安全地運送易碎物品。,toeic_advanced,2,Logistics,Transit,"TOEIC,Reading,Part5,Part7",adv.
safety,/ˈseɪfti/,安全保障,The company prioritizes employee safety and provides regular training on hazard prevention.,公司將員工安全放在首位，並提供定期的危害預防培訓。,toeic_advanced,2,HumanResources,Compensation,"TOEIC,Reading,Part5,Part7",n.
salary,/ˈsæɫɝi/,薪資,The company offers competitive salaries and benefits to attract top talent.,該公司提供具競爭力的薪資和福利，以吸引頂尖人才。,toeic_advanced,2,HumanResources,Compensation,"TOEIC,Reading,Part5,Part7",n.
sample,/ˈsæmpəɫ/,樣本,The quality control department needs a sample of the new product to test its durability.,品質控制部門需要一份新產品的樣本來測試其耐用性。,toeic_advanced,2,Technical,ITSupport,"TOEIC,Reading,Part5,Part7",n./v.
sandwich,/ˈsæmwɪtʃ/,三明治，夾心麵包,The conference attendees can grab a quick sandwich and coffee during the break.,會議參與者可以在休息時間快速地拿一個三明治和咖啡。,toeic_advanced,2,Travel,Dining,"TOEIC,Reading,Part5,Part7",n.
saturday,/ˈsæˌtɪˌdeɪ/,星期六，週六,The marketing team will finalize the campaign report on Saturday.,行銷團隊將在星期六完成活動報告。,toeic_advanced,2,Marketing,Advertising,"TOEIC,Reading,Part5,Part7",n.
save,/ˈseɪv/,儲存,The company needs to save costs by streamlining its operations.,公司需要透過優化營運來節省成本。,toeic_advanced,2,Technical,ITSupport,"TOEIC,Reading,Part5,Part7",v./n.
saves,/ˈseɪvz/,節省,The company aims to save costs by implementing energy-efficient practices.,公司計畫透過實施節能措施來節省成本。,toeic_advanced,2,Finance,Accounting,"TOEIC,Reading,Part5,Part7",v.
school,/ˈskuɫ/,學校,The company provides employees with opportunities to attend external schools for professional development.,公司為員工提供參加外部學校進行專業發展的機會。,toeic_advanced,2,HumanResources,Compensation,"TOEIC,Reading,Part5,Part7",n.
schools,/ˈskuɫz/,學校,The company offers tuition reimbursement for employees pursuing degrees at accredited schools.,公司為員工在認可學校就讀提供學費補助。,toeic_advanced,2,HumanResources,Compensation,"TOEIC,Reading,Part5,Part7",n.
screen,/ˈskɹin/,螢幕,The new monitors have high‑resolution screens that improve presentation clarity.,新款顯示器配備高解析度螢幕，可提升簡報的清晰度。,toeic_advanced,2,CorporateGovernance,CorporateStrategy,"TOEIC,Reading,Part5,Part7",n./v.
search,/ˈsɝtʃ/,搜尋,The HR department is currently searching for a qualified accountant.,人資部門目前正在搜尋一位合格的會計師。,toeic_advanced,2,Finance,Investment,"TOEIC,Reading,Part5,Part7",v./n.
season,/ˈsizən/,季節,Our sales typically peak during the holiday season.,我們的銷售額通常在節假日期間達到高峰。,toeic_advanced,2,Marketing,Sales,"TOEIC,Reading,Part5,Part7",n.
second,/ˈsɛkənd/,第二,"The meeting is scheduled for 10:00 AM sharp, please arrive on time.",會議預計在上午 10:00 準時開始，請準時到達。,toeic_advanced,2,Corporate,DailyWork,"TOEIC,Reading,Part5,Part7",n./adj.
select,/səˈɫɛkt/,挑選,Please select the appropriate vendor based on the project requirements.,請根據專案需求選定合適的供應商。,toeic_advanced,2,Corporate,DailyWork,"TOEIC,Reading,Part5,Part7",v.
seller,/ˈsɛɫɝ/,銷售者,The seller is responsible for promoting the product and closing deals.,銷售人員負責推廣產品並促成交易。,toeic_advanced,2,HumanResources,Compensation,"TOEIC,Reading,Part5,Part7",n.
selling,/ˈsɛɫɪŋ/,銷售,The company is focusing on increasing its selling price to improve profit margins.,該公司正致力於提高其銷售價格以改善利潤率。,toeic_advanced,2,Finance,Investment,"TOEIC,Reading,Part5,Part7",v./n.
seminar,/ˈsɛməˌnɑɹ/,研討會,The company will host a seminar on new marketing strategies next month.,公司下個月將舉辦一場關於新行銷策略的研討會。,toeic_advanced,2,Marketing,Sales,"TOEIC,Reading,Part5,Part7",n.
sender,/ˈsɛndɝ/,寄件者,The sender's name and address are clearly displayed on the package.,包裹上清楚地顯示了寄件者的姓名和地址。,toeic_advanced,2,Corporate,Communication,"TOEIC,Reading,Part5,Part7",n.
sending,/ˈsɛndɪŋ/,傳送,Please ensure all invoices are sending out before the end of the month.,請確保所有發票在月底前寄出。,toeic_advanced,2,Finance,Investment,"TOEIC,Reading,Part5,Part7",v./gerund
senior,/ˈsinjɝ/,資深,The senior manager will review the proposal before it's submitted to the board.,資深經理會在提案提交給董事會之前審閱它。,toeic_advanced,2,CorporateGovernance,BoardOfDirectors,"TOEIC,Reading,Part5,Part7",n./adj.
serious,/ˈsɪɹiəs/,嚴肅的,The manager emphasized the seriousness of the project deadline.,經理強調了專案截止日期的重要性。,toeic_advanced,2,Corporate,DailyWork,"TOEIC,Reading,Part5,Part7",adj.
server,/ˈsɝvɝ/,伺服器,The IT department is upgrading the company's main server to improve performance.,資訊部門正在升級公司的主要伺服器以提升效能。,toeic_advanced,2,Travel,Hospitality,"TOEIC,Reading,Part5,Part7",n.
service,/ˈsɝvəs/,服務,Our company offers a wide range of IT services to businesses of all sizes.,我們公司為各個規模的企業提供廣泛的 IT 服務。,toeic_advanced,2,Technical,ITSupport,"TOEIC,Reading,Part5,Part7",n./v.
setting,/ˈsɛtɪŋ/,環境，場景，設定,The company is adjusting its marketing settings to target a younger demographic.,公司正在調整其行銷設定，以鎖定更年輕的客群。,toeic_advanced,2,Marketing,Sales,"TOEIC,Reading,Part5,Part7",n.
seventh,/ˈsɛvənθ/,第七,The seventh floor houses the marketing department.,第七層樓設有市場部。,toeic_advanced,2,Marketing,Sales,"TOEIC,Reading,Part5,Part7",adj./adv.
seventy,/ˈsɛvəni/,七十,The project budget is approximately seventy thousand dollars.,這個專案的預算大約是七萬美元。,toeic_advanced,2,Finance,Investment,"TOEIC,Reading,Part5,Part7",adj./n.
several,/ˈsɛvɝəɫ/,若干，一些,The manager mentioned that several employees will be attending the conference.,經理提到，將有幾位員工參加會議。,toeic_advanced,2,HumanResources,Compensation,"TOEIC,Reading,Part5,Part7",adv./adj.
shared,/ˈʃɛɹd/,共同擁有的,The office space is shared among several departments to maximize efficiency.,為了提高效率，辦公空間由幾個部門共同使用。,toeic_advanced,2,Corporate,DailyWork,"TOEIC,Reading,Part5,Part7",adj.
shipped,/ˈʃɪpt/,已寄出,The order has been shipped and should arrive within three business days.,訂單已寄出，預計在三個工作天內送達。,toeic_advanced,2,Technical,ITSupport,"TOEIC,Reading,Part5,Part7",v.
shirts,/ˈʃɝts/,襯衫,The dress code requires all employees to wear collared shirts.,著裝規定要求所有員工穿著有領子的襯衫。,toeic_advanced,2,HumanResources,Compensation,"TOEIC,Reading,Part5,Part7",n.
shopper,/ˈʃɑpɝ/,購物者,The store is offering a discount to attract more shoppers during the holiday season.,為了在節日期間吸引更多購物者，該店正在提供折扣。,toeic_advanced,2,Marketing,Sales,"TOEIC,Reading,Part5,Part7",n.
should,/ˈʃʊd/,應該,You should complete this report by the end of the day.,你應該在今天結束前完成這份報告。,toeic_advanced,2,Corporate,Communication,"TOEIC,Reading,Part5,Part7",modal verb
sidewalk,/ˈsaɪdˌwɔk/,人行道,The construction crew is working to repair the damaged sidewalk in front of the office building.,施工團隊正在努力修復辦公大樓前的損壞人行道。,toeic_advanced,2,Travel,Hospitality,"TOEIC,Reading,Part5,Part7",n.
signed,/ˈsaɪnd/,簽署,Please sign the contract before the deadline to finalize the agreement.,請在截止日期前簽署合約，以完成協議。,toeic_advanced,2,Legal,Contracts,"TOEIC,Reading,Part5,Part7",v.
similar,/ˈsɪməɫɝ/,相似的,The new software has a similar interface to the previous version.,這款新軟體介面與上一版本非常相似。,toeic_advanced,2,Technical,ITSupport,"TOEIC,Reading,Part5,Part7",adj.
simple,/ˈsɪmpəɫ/,簡潔的,The project manager requested a simple report outlining the key findings.,專案經理要求一份簡單的報告，概述主要發現。,toeic_advanced,2,Travel,Hospitality,"TOEIC,Reading,Part5,Part7",adj.
simply,/ˈsɪmpɫi/,簡單地,"Simply put, the project is behind schedule.",簡而言之，這個專案已經落後進度。,toeic_advanced,2,Corporate,Communication,"TOEIC,Reading,Part5,Part7",adv.
single,/ˈsɪŋɡəɫ/,單一的,The company offers a single occupancy room for visiting executives.,公司為拜訪的幹部提供單人房。,toeic_advanced,2,CorporateGovernance,CorporateStrategy,"TOEIC,Reading,Part5,Part7",adj./n.
skilled,/ˈskɪɫd/,具備特定技能或能力,The company is looking for a skilled accountant with experience in international tax law.,該公司正在尋找一位具備國際稅法經驗的熟練會計師。,toeic_advanced,2,Legal,Compliance,"TOEIC,Reading,Part5,Part7",adj.
skills,/ˈskɪɫz/,能力，技能,The company is looking for candidates with strong communication and problem-solving skills.,該公司正在尋找具備良好溝通和解決問題能力的候選人。,toeic_advanced,2,Technical,ITSupport,"TOEIC,Reading,Part5,Part7",n.
slowly,/ˈsɫoʊɫi/,緩慢地,The report needs to be processed slowly and carefully to avoid errors.,為了避免錯誤，報告需要緩慢且仔細地處理。,toeic_advanced,2,Corporate,DailyWork,"TOEIC,Reading,Part5,Part7",adv.
social,/ˈsoʊʃəɫ/,與人互動，社交的,The company encourages employees to participate in social events to build team cohesion.,公司鼓勵員工參與社交活動以建立團隊凝聚力。,toeic_advanced,2,HumanResources,Compensation,"TOEIC,Reading,Part5,Part7",adj./n.
solved,/ˈsɑɫvd/,解決,The IT department quickly solved the network outage issue.,資訊部門迅速解決了網路中斷的問題。,toeic_advanced,2,Technical,ITSupport,"TOEIC,Reading,Part5,Part7",v.
someone,/ˈsəmˌwən/,某人,Someone left their briefcase in the conference room.,有人把公事包忘在會議室裡。,toeic_advanced,2,Corporate,Communication,"TOEIC,Reading,Part5,Part7",pronoun
sounds,/ˈsaʊndz/,聽起來,"The proposal sounds promising, but we need more detailed financial projections.",這份提案聽起來很有前景，但我們需要更詳細的財務預測。,toeic_advanced,2,Finance,Investment,"TOEIC,Reading,Part5,Part7",n./v.
source,/ˈsɔɹs/,來源,The report cited several sources to support its findings.,該報告引用了多個來源來支持其發現。,toeic_advanced,2,Travel,Hospitality,"TOEIC,Reading,Part5,Part7",n.
sources,/ˈsɔɹsəz/,資源,The report cited several sources to support its findings.,該報告引用了幾個來源來支持其發現。,toeic_advanced,2,Travel,Hospitality,"TOEIC,Reading,Part5,Part7",n.
southeast,/ˌsaʊˈθist/,東南方向,The company's new distribution center is located in the southeast region of the country.,該公司的新的配送中心位於該國的東南區域。,toeic_advanced,2,Travel,Transit,"TOEIC,Reading,Part5,Part7",adj./n.
speaker,/ˈspikɝ/,演講者,The keynote speaker will address the audience about the company's future strategy.,主題演講者將向聽眾闡述公司的未來策略。,toeic_advanced,2,Corporate,Communication,"TOEIC,Reading,Part5,Part7",n.
special,/ˈspɛʃəɫ/,獨特的,The company offers a special discount for first-time customers.,公司為首次顧客提供特別折扣。,toeic_advanced,2,Marketing,Sales,"TOEIC,Reading,Part5,Part7",adj.
speech,/ˈspitʃ/,演講,The CEO will deliver a speech on the company's future strategy at the annual conference.,執行長將在年度會議上發表關於公司未來策略的演講。,toeic_advanced,2,Logistics,Transit,"TOEIC,Reading,Part5,Part7",n./v.
spend,/ˈspɛnd/,花費,The company plans to spend $5 million on marketing campaigns this quarter.,本公司計劃在本季投放 500 萬美元用於行銷活動。,toeic_advanced,2,Marketing,Advertising,"TOEIC,Reading,Part5,Part7",v./n.
spent,/ˈspɛnt/,花費，使用完畢,The company spent a significant amount on marketing campaigns last quarter.,上個季度，公司在行銷活動上花費了大量資金。,toeic_advanced,2,Marketing,Advertising,"TOEIC,Reading,Part5,Part7",v.
sports,/ˈspɔɹts/,體育活動,The company offers employees a wellness program that includes access to various sports facilities.,該公司提供員工健康計畫，其中包括使用各種體育設施的權限。,toeic_advanced,2,HumanResources,Compensation,"TOEIC,Reading,Part5,Part7",n.
spring,/ˈspɹɪŋ/,春天,The company is experiencing a spring in sales after the new marketing campaign.,在新的行銷活動後，公司銷售額呈現蓬勃發展。,toeic_advanced,2,Marketing,Advertising,"TOEIC,Reading,Part5,Part7",n./v.
square,/ˈskwɛɹ/,方形,The architect requested a square table for the conference room.,建築師要求為會議室準備一張方形的桌子。,toeic_advanced,2,Technical,ITSupport,"TOEIC,Reading,Part5,Part7",n./adj.
stairs,/ˈstɛɹz/,樓梯,"Please be careful when using the stairs, especially when carrying heavy boxes.",請小心使用樓梯，尤其是在搬運重物時。,toeic_advanced,2,Corporate,Facilities,"TOEIC,Reading,Part5,Part7",n.
started,/ˈstɑɹtɪd/,開始,The project started unexpectedly due to a delay in material delivery.,由於物料延遲送達，專案始料未及地開始。,toeic_advanced,2,Logistics,Transit,"TOEIC,Reading,Part5,Part7",v.
starts,/ˈstɑɹts/,開始,The meeting starts promptly at 10:00 AM.,會議準時於上午 10:00 開始。,toeic_advanced,2,Corporate,DailyWork,"TOEIC,Reading,Part5,Part7",v.
states,/ˈsteɪts/,陳述，說明或狀態，情況,The manager states that the project will be completed by the end of the month.,經理陳述此專案將於本月底前完成。,toeic_advanced,2,Corporate,Communication,"TOEIC,Reading,Part5,Part7",n./v.
station,/ˈsteɪʃən/,車站,The train will depart from Platform 12 at the central station.,火車將從中央車站 12 號月台出發。,toeic_advanced,2,Travel,Transit,"TOEIC,Reading,Part5,Part7",n.
status,/ˈstætəs/,狀態,Please update the project status report by the end of the day.,請在今天結束前更新專案狀態報告。,toeic_advanced,2,Corporate,DailyWork,"TOEIC,Reading,Part5,Part7",n.
stock,/ˈstɑk/,股票,The company's stock price surged after the announcement of record profits.,公司在宣布創紀錄利潤後，股價大幅上漲。,toeic_advanced,2,Finance,Investment,"TOEIC,Reading,Part5,Part7",n./v.
stopped,/ˈstɑpt/,停止,The production line was stopped due to a sudden power outage.,由於突發停電，生產線被迫停止運轉。,toeic_advanced,2,Manufacturing,Production,"TOEIC,Reading,Part5,Part7",v.
storage,/ˈstɔɹədʒ/,儲存空間,The warehouse has ample storage for the incoming shipment.,倉庫有足夠的儲存空間來存放即將到貨的貨物。,toeic_advanced,2,Logistics,Transit,"TOEIC,Reading,Part5,Part7",n.
stores,/ˈstɔɹz/,商店,The company is expanding its retail presence by opening new stores in major cities.,公司正透過在新興城市開設新店來擴展其零售業務。,toeic_advanced,2,Marketing,Sales,"TOEIC,Reading,Part5,Part7",n.
strange,/ˈstɹeɪndʒ/,奇怪的,The sudden drop in sales figures is quite strange and requires immediate investigation.,銷售數字的突然下降非常奇怪，需要立即調查。,toeic_advanced,2,Finance,Investment,"TOEIC,Reading,Part5,Part7",adj.
strong,/ˈstɹɔŋ/,強壯的,The company needs a strong leader to navigate the current economic challenges.,公司需要一位強有力的領導者來應對目前的經濟挑戰。,toeic_advanced,2,Corporate,DailyWork,"TOEIC,Reading,Part5,Part7",adj.
student,/ˈstudənt/,學生,The company offers a tuition reimbursement program for employees who are also students.,公司為同時是員工和學生的員工提供學費補助計畫。,toeic_advanced,2,HumanResources,Compensation,"TOEIC,Reading,Part5,Part7",n.
studied,/ˈstədid/,研讀,The marketing team studied the latest market trends to develop a new campaign.,行銷團隊研究了最新的市場趨勢，以開發新的活動。,toeic_advanced,2,Marketing,Advertising,"TOEIC,Reading,Part5,Part7",v.
styles,/ˈstaɪɫz/,風格,The company is launching a new line of clothing with a modern and minimalist style.,該公司正在推出一系列具有現代簡約風格的服裝。,toeic_advanced,2,Technical,ITSupport,"TOEIC,Reading,Part5,Part7",n.
subject,/ˈsəbdʒɪkt/,主題,The meeting will cover the subject of budget allocation.,本次會議將討論預算分配的主題。,toeic_advanced,2,Finance,Investment,"TOEIC,Reading,Part5,Part7",n.
submit,/səbˈmɪt/,提交,Please submit your expense report by the end of the week.,請在週末前提交您的費用報表。,toeic_advanced,2,Technical,ITSupport,"TOEIC,Reading,Part5,Part7",v.
succeed,/səkˈsid/,成功,The company's new marketing strategy is expected to succeed in attracting more customers.,預計公司新的行銷策略將會成功地吸引更多客戶。,toeic_advanced,2,Marketing,Sales,"TOEIC,Reading,Part5,Part7",v.
success,/səkˈsɛs/,成就,The company's success is largely attributed to its innovative marketing strategies.,公司的成功很大程度上歸功於其創新的行銷策略。,toeic_advanced,2,Marketing,Sales,"TOEIC,Reading,Part5,Part7",n./v.
suggest,/səˈdʒɛst/,建議,The marketing team suggested a new campaign targeting younger demographics.,行銷團隊建議了一項針對年輕人口群的新活動。,toeic_advanced,2,Marketing,Advertising,"TOEIC,Reading,Part5,Part7",v.
suitcase,/ˈsutˌkeɪs/,行李箱,Please check your suitcase for any prohibited items before boarding.,請在登機前檢查您的行李箱，確認沒有任何禁止物品。,toeic_advanced,2,CorporateGovernance,BoardOfDirectors,"TOEIC,Reading,Part5,Part7",n.
sum,/ˈsəm/,總數,The accounting department needs to calculate the sum of all expenses for the quarter.,會計部門需要計算該季的所有費用總數。,toeic_advanced,2,Finance,Investment,"TOEIC,Reading,Part5,Part7",n./v.
summary,/ˈsəmɝi/,簡要回顧,Could you please provide a summary of the meeting's key decisions?,您能請提供會議重點決定的摘要嗎？,toeic_advanced,2,Corporate,DailyWork,"TOEIC,Reading,Part5,Part7",n./v.
sunday,/ˈsənˌdeɪ/,星期日，週日，通常指休息或休假日。,Our office is closed on Sundays and public holidays.,我們的辦公室在星期日和公共假期休市。,toeic_advanced,2,Corporate,DailyWork,"TOEIC,Reading,Part5,Part7",n.
supply,/səˈpɫaɪ/,供應,The company needs to secure a reliable supply of raw materials to meet the increasing demand.,公司需要確保穩定的原材料供應，以滿足不斷增長的需求。,toeic_advanced,2,Corporate,Logistics,"TOEIC,Reading,Part5,Part7",n./v.
support,/səˈpɔɹt/,支援,The company provides technical support to its clients 24/7.,該公司為客戶提供全天候的技術支援。,toeic_advanced,2,Marketing,Sales,"TOEIC,Reading,Part5,Part7",n./v.
survey,/ˈsɝˌveɪ/,調查,The marketing team conducted a customer satisfaction survey to identify areas for improvement.,行銷團隊進行了一項客戶滿意度調查，以找出需要改進的領域。,toeic_advanced,2,Marketing,Sales,"TOEIC,Reading,Part5,Part7",n./v.
surveys,/ˈsɝˌveɪz/,調查,The marketing team conducted surveys to gauge customer satisfaction with the new product.,行銷團隊進行了問卷調查，以評估客戶對新產品的滿意度。,toeic_advanced,2,Marketing,Sales,"TOEIC,Reading,Part5,Part7",n.
sweater,/ˈswɛtɝ/,毛衣,The office dress code allows employees to wear sweaters during the winter months.,辦公室的著裝規定允許員工在冬季穿著毛衣。,toeic_advanced,2,HumanResources,Compensation,"TOEIC,Reading,Part5,Part7",n.
swimming,/ˈswɪmɪŋ/,游泳,The company offers wellness programs that include swimming lessons for employees.,公司提供健康計畫，其中包含員工游泳課程。,toeic_advanced,2,HumanResources,Compensation,"TOEIC,Reading,Part5,Part7",n./v.
switch,/ˈswɪtʃ/,切換,"Could you switch the projector to presentation mode, please?",請問您能將投影機切換到簡報模式嗎？,toeic_advanced,2,Technical,ITSupport,"TOEIC,Reading,Part5,Part7",n./v.
system,/ˈsɪstəm/,系統,Our company is implementing a new inventory management system to improve efficiency.,我們公司正在實施一套新的庫存管理系統以提高效率。,toeic_advanced,2,Logistics,SupplyChain,"TOEIC,Reading,Part5,Part7",n.
systems,/ˈsɪstəmz/,系統,Our IT department is responsible for maintaining the company's computer systems.,我們的 IT 部門負責維護公司的電腦系統。,toeic_advanced,2,Technical,ITSupport,"TOEIC,Reading,Part5,Part7",n.
table,/ˈteɪbəɫ/,桌子,Please place the report on the conference table.,請把報告放在會議桌上。,toeic_advanced,2,Corporate,DailyWork,"TOEIC,Reading,Part5,Part7",n./v.
tables,/ˈteɪbəɫz/,桌子,The conference room has several tables for attendees to use.,會議室有幾張桌子供與會者使用。,toeic_advanced,2,Corporate,DailyWork,"TOEIC,Reading,Part5,Part7",n.
talking,/ˈtɔkɪŋ/,談論,Let's stop talking about the problem and start brainstorming solutions.,讓我們停止討論問題，開始集思廣益。,toeic_advanced,2,Corporate,Communication,"TOEIC,Reading,Part5,Part7",v./adj.
tallest,/ˈtɔɫɪst/,最高的,The company's headquarters is the tallest building in the city's financial district.,該公司的總部是市區金融區最高的建築物。,toeic_advanced,2,Finance,Investment,"TOEIC,Reading,Part5,Part7",adj.
target,/ˈtɑɹɡət/,目標,Our primary target market is young professionals aged 25-35.,我們的主要目標市場是 25 至 35 歲的年輕專業人士。,toeic_advanced,2,Marketing,Sales,"TOEIC,Reading,Part5,Part7",n./v.
targets,/ˈtɑɹɡəts/,目標,Our marketing campaign aims to reach a younger demographic as our primary target.,我們的行銷活動旨在將年輕族群作為主要目標。,toeic_advanced,2,Marketing,Advertising,"TOEIC,Reading,Part5,Part7",n.
tax,/ˈtæks/,稅金,The company needs to pay its annual taxes by the end of the fiscal year.,公司需要在財政年度結束前繳清年度稅金。,toeic_advanced,2,Finance,Accounting,"TOEIC,Reading,Part5,Part7",n./v.
taxes,/ˈtæksəz/,稅金,The company needs to file its annual taxes by April 15th.,公司需要在 4 月 15 日前申報年度稅金。,toeic_advanced,2,Finance,Accounting,"TOEIC,Reading,Part5,Part7",n.
teacher,/ˈtitʃɝ/,在企業內部或培訓機構中，負責傳授知識，技能或專業資訊的講師或指導者，常用於員工培訓與發展情境。,The company hired an external teacher to conduct a two‑day workshop on effective communication for the sales team.,公司聘請外部講師為業務團隊舉辦為期兩天的有效溝通工作坊。,toeic_advanced,2,HumanResources,Compensation,"TOEIC,Reading,Part5,Part7",n.
teaches,/ˈtitʃəz/,教導,The company offers training programs to teach employees new software.,公司提供培訓計畫，教導員工使用新的軟體。,toeic_advanced,2,HumanResources,Compensation,"TOEIC,Reading,Part5,Part7",v.
tested,/ˈtɛstɪd/,經過檢驗或測試,The new software has been thoroughly tested to ensure its stability.,新的軟體已經過徹底測試，以確保其穩定性。,toeic_advanced,2,Technical,ITSupport,"TOEIC,Reading,Part5,Part7",adj./v.
thirty,/ˈθɝˌdi/,三十,The project budget is approximately thirty thousand dollars.,這個專案的預算大約是三萬美元。,toeic_advanced,2,Finance,Investment,"TOEIC,Reading,Part5,Part7",adv./adj.
though,/ˈðoʊ/,雖然,"Though the project faced some delays, the team managed to deliver it on time.",儘管專案遇到了一些延遲，團隊還是成功地按時交付了它。,toeic_advanced,2,Logistics,Transit,"TOEIC,Reading,Part5,Part7",adv./conjunction
through,/ˈθɹu/,介系詞：穿過,We drove through the tunnel to reach the city.,我們開車穿過隧道到達城市。,toeic_advanced,2,Technical,ITSupport,"TOEIC,Reading,Part5,Part7",preposition/adv.
tonight,/təˈnaɪt/,今晚,The project presentation is scheduled for tonight at 7 PM.,專案簡報預計今晚 7 點舉行。,toeic_advanced,2,Corporate,Communication,"TOEIC,Reading,Part5,Part7",adv.
total,/ˈtoʊtəɫ/,總數,The total sales for the quarter exceeded our projections.,本季的總銷售額超過了我們的預測。,toeic_advanced,2,Marketing,Sales,"TOEIC,Reading,Part5,Part7",n./adj.
tourists,/ˈtʊɹəsts/,觀光客,The hotel is expecting a large influx of tourists during the holiday season.,飯店預計在節假日期間湧入大量觀光客。,toeic_advanced,2,Travel,Hospitality,"TOEIC,Reading,Part5,Part7",n.
toward,/ˈtɔɹd/,朝向,The company is moving toward a more sustainable business model.,公司正朝向更永續的商業模式發展。,toeic_advanced,2,Corporate,DailyWork,"TOEIC,Reading,Part5,Part7",preposition/adv.
towards,/ˈtɔɹdz/,朝向,The company is moving towards a more sustainable business model.,該公司正朝著更永續的商業模式發展。,toeic_advanced,2,Corporate,DailyWork,"TOEIC,Reading,Part5,Part7",preposition/adv.
traffic,/ˈtɹæfɪk/,交通運輸系統或車輛的流動情況,The heavy traffic caused a significant delay in the delivery of the goods.,嚴重的交通狀況導致貨物延遲送達。,toeic_advanced,2,Logistics,Transit,"TOEIC,Reading,Part5,Part7",n.
traveled,/ˈtɹævəɫd/,旅行，前往,The sales team traveled extensively throughout Asia to meet with potential clients.,銷售團隊前往亞洲各地拜訪潛在客戶。,toeic_advanced,2,Marketing,Sales,"TOEIC,Reading,Part5,Part7",v.
traveler,/ˈtɹævəɫɝ/,旅客,The hotel offers special rates for business travelers.,這家飯店為商務旅客提供特別優惠。,toeic_advanced,2,Travel,Hospitality,"TOEIC,Reading,Part5,Part7",n.
travelers,/ˈtɹævəɫɝz/,旅行者,The airline offers special discounts for frequent travelers who book corporate accounts.,航空公司為預訂企業帳戶的常旅客提供特別折扣。,toeic_advanced,2,Finance,Investment,"TOEIC,Reading,Part5,Part7",n.
trends,/ˈtɹɛndz/,趨勢,The company needs to analyze current market trends to develop effective marketing strategies.,公司需要分析目前的市場趨勢，以制定有效的行銷策略。,toeic_advanced,2,Marketing,Sales,"TOEIC,Reading,Part5,Part7",n.
trouble,/ˈtɹəbəɫ/,困難，問題,"If you encounter any trouble with the new software, please contact the IT department immediately.",如果您在使用新軟體時遇到任何問題，請立即聯絡資訊部門。,toeic_advanced,2,Technical,ITSupport,"TOEIC,Reading,Part5,Part7",n./v.
tuesday,/ˈtjuzˌdeɪ/,星期二,The meeting has been rescheduled to Tuesday at 10 AM.,會議已改期至星期二上午 10 點舉行。,toeic_advanced,2,Corporate,DailyWork,"TOEIC,Reading,Part5,Part7",n.
twelve,/ˈtwɛɫv/,十二,The project deadline is set for the twelfth of next month.,專案截止日期定在下個月的十二號。,toeic_advanced,2,Corporate,DailyWork,"TOEIC,Reading,Part5,Part7",adj./n.
twenty,/ˈtwɛni/,二十,The project budget is twenty thousand dollars.,這個專案的預算為二十萬美元。,toeic_advanced,2,Finance,Investment,"TOEIC,Reading,Part5,Part7",adj./n.
typical,/ˈtɪpəkəɫ/,典型的,The company's annual report highlights typical market trends.,該公司的年度報告重點說明了典型的市場趨勢。,toeic_advanced,2,Marketing,Sales,"TOEIC,Reading,Part5,Part7",adj.
unhappy,/ənˈhæpi/,不快樂的,The team was unhappy with the project's delayed launch.,團隊對於專案延遲推出感到不滿。,toeic_advanced,2,Technical,ITSupport,"TOEIC,Reading,Part5,Part7",adj.
unknown,/ənˈnoʊn/,未知的,The report identified several unknown factors that could affect the project's timeline.,這份報告指出了幾個可能影響專案進度的未知因素。,toeic_advanced,2,Manufacturing,Production,"TOEIC,Reading,Part5,Part7",adj./n.
unless,/ənˈɫɛs/,除非,You won't understand it unless you read the instructions carefully.,除非你仔細閱讀說明，否則你不會理解它。,toeic_advanced,2,Technical,ITSupport,"TOEIC,Reading,Part5,Part7",conjunction
update,/ˈəpˌdeɪt/,更新,The IT department will update the software to fix the security vulnerabilities.,資訊部門將更新軟體以修復安全漏洞。,toeic_advanced,2,Technical,ITSupport,"TOEIC,Reading,Part5,Part7",v./n.
updated,/ˈəpˌdeɪtɪd/,已更新的,The sales report has been updated with the latest quarterly figures.,銷售報告已更新，加入最新的季度數據。,toeic_advanced,2,Marketing,Sales,"TOEIC,Reading,Part5,Part7",v./adj.
updates,/ˈəpˌdeɪts/,更新,The IT department will release software updates every month to ensure system security.,資訊部門將每月發布軟體更新，以確保系統安全。,toeic_advanced,2,Technical,ITSupport,"TOEIC,Reading,Part5,Part7",n.
upgrade,/ˈəpˈɡɹeɪd/,升級：將設備，系統或服務提升至較新或較高的版本，以改善性能或功能。,The IT department will upgrade the company's server software next weekend.,資訊部門將於下週末升級公司的伺服器軟體。,toeic_advanced,2,Manufacturing,Production,"TOEIC,Reading,Part5,Part7",n./v.
upload,/ˈəˌpɫoʊd/,將檔案或資料上傳至網路或伺服器。,Please upload your presentation slides to the shared drive by the end of the day.,請在今天結束前將您的簡報投影片上傳至共享雲端硬碟。,toeic_advanced,2,Technical,ITSupport,"TOEIC,Reading,Part5,Part7",v.
urgent,/ˈɝdʒənt/,緊急的,The manager emphasized that the matter was urgent and required immediate attention.,經理強調這件事非常緊急，需要立即處理。,toeic_advanced,2,Corporate,DailyWork,"TOEIC,Reading,Part5,Part7",adj.
useful,/ˈjusfəɫ/,有用的,This software is incredibly useful for managing large datasets.,這個軟體對於管理大型數據集非常有用。,toeic_advanced,2,Technical,ITSupport,"TOEIC,Reading,Part5,Part7",adj.
usually,/ˈjuʒəɫi/,通常，一般而言,The manager usually approves expense reports within a week.,經理通常在一週內核准費用報告。,toeic_advanced,2,Technical,ITSupport,"TOEIC,Reading,Part5,Part7",adv.
value,/ˈvæɫju/,價值,The company places a high value on employee training and development.,公司非常重視員工的培訓和發展。,toeic_advanced,2,HumanResources,Compensation,"TOEIC,Reading,Part5,Part7",n./v.
various,/ˈvɛɹiəs/,各種的,The quarterly report includes various market analyses from different regions.,季報中包含了來自不同區域的各種市場分析。,toeic_advanced,2,Marketing,Sales,"TOEIC,Reading,Part5,Part7",adj.
vegetables,/ˈvɛdʒtəbəɫz/,蔬菜,The hotel buffet offers a wide variety of fresh vegetables.,飯店自助餐提供各式各樣的新鮮蔬菜。,toeic_advanced,2,Travel,Hospitality,"TOEIC,Reading,Part5,Part7",n.
vendor,/ˈvɛndɝ/,供應商,Our company is seeking new vendors to supply office stationery.,我們公司正在尋找新的供應商來提供辦公文具。,toeic_advanced,2,Corporate,Logistics,"TOEIC,Reading,Part5,Part7",n.
visitor,/ˈvɪzɪtɝ/,訪客,We expect a large number of visitors to our booth at the trade show.,我們預計在貿易展覽會上會有大量的訪客到訪我們的攤位。,toeic_advanced,2,Technical,ITSupport,"TOEIC,Reading,Part5,Part7",n.
waited,/ˈweɪtɪd/,等待,The manager waited for the report to be finalized before presenting it to the board.,經理在將報告提交給董事會之前，等待報告最終定稿。,toeic_advanced,2,CorporateGovernance,BoardOfDirectors,"TOEIC,Reading,Part5,Part7",v.
waiting,/ˈweɪtɪŋ/,等待,The manager is waiting for the sales report before making a decision.,經理正在等待銷售報告再做決定。,toeic_advanced,2,Marketing,Sales,"TOEIC,Reading,Part5,Part7",v./adj.
waitress,/ˈweɪtɹəs/,在餐廳或咖啡廳為顧客提供服務的女性員工，負責點餐，送餐及結帳。,The waitress quickly took our order and brought the drinks.,女服務員迅速地記錄了我們的點餐，並送上飲料。,toeic_advanced,2,HumanResources,Compensation,"TOEIC,Reading,Part5,Part7",n.
wallet,/ˈwɔɫət/,錢包,He realized he'd left his wallet at the office during the meeting.,他意識到在會議中忘記把錢包留在辦公室了。,toeic_advanced,2,Corporate,DailyWork,"TOEIC,Reading,Part5,Part7",n.
wanted,/ˈwɔntɪd/,被尋求的,The company is looking for a skilled marketing manager; a highly wanted candidate will receive immediate consideration.,公司正在尋找一位有技能的行銷經理；一位非常需要的候選人將立即獲得考慮。,toeic_advanced,2,Marketing,Sales,"TOEIC,Reading,Part5,Part7",adj.
washed,/ˈwɑʃt/,清洗,The laundry service washed and folded all the uniforms.,洗衣服務清洗並摺疊了所有的制服。,toeic_advanced,2,Corporate,DailyWork,"TOEIC,Reading,Part5,Part7",v.
washing,/ˈwɑʃɪŋ/,清洗,"The laundry service includes washing, drying, and folding all garments.",洗衣服務包括清洗、烘乾和摺疊所有衣物。,toeic_advanced,2,Travel,Hospitality,"TOEIC,Reading,Part5,Part7",v./n.
watches,/ˈwɑtʃəz/,觀看,The security personnel are instructed to watch the surveillance footage for any suspicious activity.,保全人員奉命監控監控錄像，以查找任何可疑活動。,toeic_advanced,2,Technical,ITSupport,"TOEIC,Reading,Part5,Part7",v.
wearing,/ˈwɛɹɪŋ/,穿著,The CEO was wearing a sharp suit during the important presentation.,在重要的簡報中，執行長穿著一套俐落的西裝。,toeic_advanced,2,Technical,ITSupport,"TOEIC,Reading,Part5,Part7",v./adj.
webpage,/ˈwɛbpɪdʒ/,網頁,The company's new product information is available on its official webpage.,該公司新產品的資訊在其官方網頁上可取得。,toeic_advanced,2,Technical,ITSupport,"TOEIC,Reading,Part5,Part7",n.
website,/ˈwɛbˌsaɪt/,網站，網路資訊平台，通常用於展示公司資訊，產品或服務。,Our company's website provides comprehensive information about our products and services.,我們公司的網站提供了關於我們產品和服務的全面資訊。,toeic_advanced,3,Technical,ITSupport,"TOEIC,Reading,Part5,Part7",n.
weekday,/ˈwikˌdeɪ/,平日,"I usually work from Monday to Friday, which are the weekdays.",我通常從星期一到星期五工作，這些都是平日。,toeic_advanced,3,Corporate,DailyWork,"TOEIC,Reading,Part5,Part7",n.
weekend,/ˈwiˌkɛnd/,週末,The deadline for the project has been extended until next weekend.,這個專案的截止日期已延遲到下週末。,toeic_advanced,3,Corporate,DailyWork,"TOEIC,Reading,Part5,Part7",n.
weekly,/ˈwikɫi/,每週的,The project team holds weekly status meetings to track progress.,專案團隊每週召開狀態會議以追蹤進度。,toeic_advanced,3,Corporate,DailyWork,"TOEIC,Reading,Part5,Part7",adj./adv.
weight,/ˈweɪt/,重量,The shipping department needs to verify the weight of each package before dispatch.,運輸部門需要驗證每個包裹的重量，然後再發貨。,toeic_advanced,3,Logistics,Transit,"TOEIC,Reading,Part5,Part7",n./v.
welcome,/ˈwɛɫkəm/,歡迎,We warmly welcome you to our company and wish you a successful career here.,我們熱烈歡迎您加入我們的公司，並祝您在這裡擁有成功的職業生涯。,toeic_advanced,3,Corporate,Communication,"TOEIC,Reading,Part5,Part7",v./n.
wheels,/ˈhwiɫz/,車輪,The company is sourcing new wheels for the delivery trucks to ensure smooth operations.,公司正在採購新的輪胎給送貨車，以確保順暢的運營。,toeic_advanced,3,Logistics,Transit,"TOEIC,Reading,Part5,Part7",n.
whether,/ˈhwɛðɝ/,是否，無論...與...（引導疑問句,The manager needs to decide whether to approve the project proposal or not.,經理需要決定是否批准專案提案。,toeic_advanced,3,Corporate,Communication,"TOEIC,Reading,Part5,Part7",conjunction/pronoun
window,/ˈwɪndoʊ/,窗戶,Please close the window; it's getting cold outside.,請關上窗戶；外面越來越冷了。,toeic_advanced,3,Technical,ITSupport,"TOEIC,Reading,Part5,Part7",n.
windows,/ˈwɪndoʊz/,窗戶,The office building has large windows to maximize natural light.,這棟辦公大樓的窗戶很大，以最大限度地利用自然光。,toeic_advanced,3,Travel,Hospitality,"TOEIC,Reading,Part5,Part7",n.
winner,/ˈwɪnɝ/,得勝者,Our team is determined to be the winner of this year's sales competition.,我們團隊決心贏得今年的銷售比賽。,toeic_advanced,3,Marketing,Sales,"TOEIC,Reading,Part5,Part7",n.
wishes,/ˈwɪʃɪz/,願望,The company wishes its employees a happy and prosperous New Year.,公司祝願所有員工新年快樂，萬事如意。,toeic_advanced,3,HumanResources,Compensation,"TOEIC,Reading,Part5,Part7",n./v.
within,/wɪˈðɪn/,在...範圍內,The report must be submitted within the next week.,報告必須在下週內提交。,toeic_advanced,3,Technical,ITSupport,"TOEIC,Reading,Part5,Part7",preposition/adv.
without,/wɪˈðaʊt/,沒有,We cannot proceed with the project without her approval.,我們沒有她的批准就無法進行這個專案。,toeic_advanced,3,Technical,ITSupport,"TOEIC,Reading,Part5,Part7",preposition/adv.
wonder,/ˈwəndɝ/,驚奇,I wonder how much the new marketing campaign will cost.,我想知道新的行銷活動會花多少錢。,toeic_advanced,3,Marketing,Advertising,"TOEIC,Reading,Part5,Part7",n./v.
worker,/ˈwɝkɝ/,勞工,The company is looking for skilled workers to fill the vacant positions in the factory.,該公司正在尋找熟練的勞工來填補工廠的空缺職位。,toeic_advanced,3,Manufacturing,Production,"TOEIC,Reading,Part5,Part7",n.
workers,/ˈwɝkɝz/,勞工,The company is committed to providing a safe working environment for all workers.,公司致力於為所有勞工提供安全的工作環境。,toeic_advanced,3,Travel,Hospitality,"TOEIC,Reading,Part5,Part7",n.
worried,/ˈwɝid/,擔憂,The project manager is worried about the delay in delivering the final report.,專案經理擔心最終報告的延遲交付。,toeic_advanced,3,Logistics,Transit,"TOEIC,Reading,Part5,Part7",adj./v.
writer,/ˈɹaɪtɝ/,撰稿人,Our company is seeking a skilled writer to create engaging marketing content.,我們公司正在尋找一位技巧嫻熟的撰稿人，以創建引人入勝的行銷內容。,toeic_advanced,3,Marketing,Sales,"TOEIC,Reading,Part5,Part7",n.
writes,/ˈɹaɪts/,書寫,The marketing team needs to write a compelling proposal to secure the contract.,行銷團隊需要撰寫一份引人注目的提案，以確保簽訂合約。,toeic_advanced,3,Legal,Contracts,"TOEIC,Reading,Part5,Part7",v.
yellow,/ˈjɛɫoʊ/,黃色的,The company logo uses a bright yellow color to stand out.,公司的標誌使用鮮黃色來突顯。,toeic_advanced,3,Corporate,GeneralBusiness,"TOEIC,Reading,Part5,Part7",adj./n.
accent,/ˈækˌsɛnt/,口音,"Despite his slight American accent, he speaks fluent Mandarin.",儘管他帶有一點美國口音，但他講流利的普通話。,toeic_advanced,3,Technical,ITSupport,"TOEIC,Reading,Part5,Part7",n.
adapter,/əˈdæptɝ/,轉接器,I need an adapter to connect my old monitor to the new laptop.,我需要一個轉接器才能把我的舊螢幕接到新筆電上。,toeic_advanced,3,Technical,ITSupport,"TOEIC,Reading,Part5,Part7",n.
adviser,/ædˈvaɪzɝ/,顧問,"Before making a significant investment, it's wise to consult a financial adviser.",在做出重大投資之前，最好諮詢財務顧問。,toeic_advanced,3,Finance,Investment,"TOEIC,Reading,Part5,Part7",n.
advises,/ædˈvaɪzɪz/,建議,The consultant advises the company to invest in renewable energy.,顧問建議公司投資再生能源。,toeic_advanced,3,Finance,Investment,"TOEIC,Reading,Part5,Part7",v.
agents,/ˈeɪdʒənts/,代理人,Our travel agents can assist you with booking flights and hotels.,我們的旅行社代理人可以協助您預訂機票和酒店。,toeic_advanced,3,Travel,Transit,"TOEIC,Reading,Part5,Part7",n.
allot,/əˈlɑːt/,分配，撥給,Management agreed to allot additional budget for employee training.,管理階層同意為員工培訓撥給額外預算。,toeic_advanced,3,Finance,Investment,"TOEIC,Reading,Part5,Part7",v.
carrier,/ˈkæriər/,承運商，航空公司，運輸公司,The freight carrier guarantees overnight delivery for regional shipments.,該貨運承運商保證區域貨物隔夜送達。,toeic_advanced,3,Logistics,Transit,"TOEIC,Reading,Part5,Part7",n.
broaden,/ˈbrɔːdn/,拓寬，擴大（市場或業務）,We aim to broaden our client base by launching a targeted digital campaign.,我們目標透過精準數位推廣活動擴大客戶群。,toeic_advanced,3,Marketing,Advertising,"TOEIC,Reading,Part5,Part7",v.
bureau,/ˈbjʊroʊ/,局，處，辦事處,Please contact the tourism bureau for information regarding business visas.,有關商務簽證的資訊，請聯繫觀光局。,toeic_advanced,3,Travel,Hospitality,"TOEIC,Reading,Part5,Part7",n.
bargain,/ˈbɑːrɡən/,討價還價，特惠商品,The supplier agreed to offer a bargain price on bulk orders.,供應商同意對大宗訂單提供優惠的特價。,toeic_advanced,3,Marketing,Sales,"TOEIC,Reading,Part5,Part7",n./v.
tenancy,/ˈtenənsi/,租賃期，租約,The commercial tenancy will expire at the end of the current fiscal year.,商業租賃期將於本會計年度結束時屆滿。,toeic_advanced,3,Corporate,RealEstate,"TOEIC,Reading,Part5,Part7",n.
backlog,/ˈbækˌlɔːɡ/,積壓工作，待辦訂單,The customer support department is working overtime to clear the backlog of tickets.,客戶支援部門正加班清理積壓的待處理工單。,toeic_advanced,3,Corporate,Operations,"TOEIC,Reading,Part5,Part7",n.
upkeep,/ˈʌpkiːp/,保養，維護費用,The property management firm is responsible for the upkeep of the office complex.,物業管理公司負責該辦公大樓的日常維護保養工作。,toeic_advanced,3,Manufacturing,Production,"TOEIC,Reading,Part5,Part7",n.
board,/bɔːrd/,董事會，登機,The board of directors meets monthly.,董事會每月召開一次會議。,toeic_advanced,3,CorporateGovernance,BoardOfDirectors,"TOEIC,Reading,Part5,Part7",n.
case,/keɪs/,案例，箱子,This is a unique case of market expansion.,這是一個獨特的市場擴張案例。,toeic_advanced,3,Marketing,Sales,"TOEIC,Reading,Part5,Part7",n.
chain,/tʃeɪn/,鏈條，連鎖店,They operate a chain of supermarkets.,他們經營一家連鎖超市。,toeic_advanced,3,Marketing,Sales,"TOEIC,Reading,Part5,Part7",v.
class,/klæs/,班級，種類,The training class will begin at 9 AM.,培訓班將於上午9點開始。,toeic_advanced,3,Corporate,GeneralBusiness,"TOEIC,Reading,Part5,Part7",v.
copy,/ˈkɑːpi/,複製，副本,Please make a copy of this document.,請複印此文件。,toeic_advanced,3,Corporate,GeneralBusiness,"TOEIC,Reading,Part5,Part7",v.
cost,/kɔːst/,花費，成本,The office renovation will cost a lot.,辦公室裝修將花費很多。,toeic_advanced,3,Corporate,GeneralBusiness,"TOEIC,Reading,Part5,Part7",v.
deny,/dɪˈnaɪ/,否認，拒絕,They deny any involvement in the issue.,他們否認與該問題有任何關聯。,toeic_advanced,3,Corporate,GeneralBusiness,"TOEIC,Reading,Part5,Part7",v.
edit,/ˈedɪt/,編輯，校訂,Please edit the draft before submission.,請在提交前編輯草稿。,toeic_advanced,3,Technical,ITSupport,"TOEIC,Reading,Part5,Part7",v.
gain,/ɡeɪn/,獲得，增加,We gained valuable market share this year.,我們今年獲得了寶貴的市場份額。,toeic_advanced,3,Marketing,Sales,"TOEIC,Reading,Part5,Part7",v.
host,/hoʊst/,主持，主辦,Our city will host the global summit.,我們城市將主辦全球高峰會。,toeic_advanced,3,Technical,ITSupport,"TOEIC,Reading,Part5,Part7",v.
judge,/dʒʌdʒ/,評判，判斷,The panel will judge all entries objectively.,評審小組將客觀評審所有參賽作品。,toeic_advanced,3,Corporate,GeneralBusiness,"TOEIC,Reading,Part5,Part7",v.
lead,/liːd/,領導，帶領,He was chosen to lead the task force.,他被選中領導專案小組。,toeic_advanced,3,Corporate,GeneralBusiness,"TOEIC,Reading,Part5,Part7",v.
merge,/mɜːrdʒ/,合併，併購,The two airlines decided to merge operations.,兩家航空公司決定合併業務。,toeic_advanced,3,CorporateGovernance,CorporateStrategy,"TOEIC,Reading,Part5,Part7",v.
offer,/ˈɔːfər/,提供，提議,We offer generous benefits to new hires.,我們為新員工提供豐厚的福利。,toeic_advanced,3,HumanResources,Compensation,"TOEIC,Reading,Part5,Part7",v.
quota,/ˈkwoʊtə/,配額，定額,Our sales team surpassed its quarterly quota.,我們的銷售團隊超越了季度配額。,toeic_advanced,3,Marketing,Sales,"TOEIC,Reading,Part5,Part7",n.
close,/kloʊz/,關閉，結束,We will close the office early on Friday.,我們將在週五提早關閉辦公室。,toeic_advanced,3,Travel,LogisticsAndTransit,"TOEIC,Listening,Reading,Part3,Part7",v.
banana,/banana/,香蕉；（在採購或供應鏈情境中）指一種熱帶水果，常用於食品供應鏈。,The import department is currently negotiating a contract for a large shipment of bananas.,進口部門目前正在洽談一批香蕉的大貨運輸合約。,toeic_advanced,3,Logistics,SupplyChain,"TOEIC,Reading,Part5,Part7",n.
bananas,/bananas/,香蕉；（多數情況下指大量香蕉，常與採購、物流相關）,The import department needs to confirm the quantity of bananas before placing the order.,進口部門需要在下訂單前確認香蕉的數量。,toeic_advanced,3,Logistics,SupplyChain,"TOEIC,Reading,Part5,Part7",n.
norris,/norris/,諾里斯 (Norris) 通常指 Norris Industries 的品牌名稱，一家生產和銷售工業工具和設備的公司。,Our procurement department is evaluating Norris drills for increased efficiency.,我們的採購部門正在評估 Norris 品牌的鑽機以提高效率。,toeic_advanced,3,Manufacturing,Production,"TOEIC,Reading,Part5,Part7",n.
silver,/silver/,銀色；銀製品；（比喻）優良品質或高價值,The company is sourcing silver bars for its investment portfolio.,該公司正在採購銀條以用於其投資組合。,toeic_advanced,3,Finance,Investment,"TOEIC,Reading,Part5,Part7",n.
euro,/euro/,歐元,The price is 20 euros.,價格是20歐元。,toeic_advanced,3,Finance,Accounting,"TOEIC,Reading,Part5,Part7",n.
abundant,/əˈbʌndənt/,豐富的，充裕的,The region is abundant in natural resources.,該地區擁有豐富的自然資源。,toeic_advanced,3,Corporate,GeneralBusiness,"TOEIC,Reading,Part5,Part7",adj.
accelerate,/əkˈseləreɪt/,加速，促進,We need to accelerate the development of the project.,我們需要加快項目的進度。,toeic_advanced,3,Corporate,GeneralBusiness,"TOEIC,Reading,Part5,Part7",v.
accumulate,/əˈkjuːmjəleɪt/,累積，積聚,Dust began to accumulate on the old books.,舊書上開始積起灰塵。,toeic_advanced,3,Corporate,GeneralBusiness,"TOEIC,Reading,Part5,Part7",v.
accurate,/ˈækjərət/,精確的，準確的,The weather forecast was surprisingly accurate.,天氣預報出奇地準確。,toeic_advanced,3,Corporate,GeneralBusiness,"TOEIC,Reading,Part5,Part7",adj.
advance,/ədˈvæns/,前進，提前,Technology has made great advances recently.,技術最近取得了巨大的進步。,toeic_advanced,3,Technical,ITSupport,"TOEIC,Reading,Part5,Part7",v.
advocate,/ˈædvəkeɪt/,擁護，提倡,He is a strong advocate of free education.,他是免費教育的強烈擁護者。,toeic_advanced,3,Corporate,GeneralBusiness,"TOEIC,Reading,Part5,Part7",v.
aesthetic,/esˈθetɪk/,美學的，美感的,The building has high aesthetic value.,這棟建築具有很高的美學價值。,toeic_advanced,3,Travel,Hospitality,"TOEIC,Reading,Part5,Part7",adj.
aggregate,/ˈæɡrɪɡət/,總數，合計,The aggregate score was 4-3 in our favor.,總比分是4比3，對我們有利。,toeic_advanced,3,Corporate,GeneralBusiness,"TOEIC,Reading,Part5,Part7",v.
allocate,/ˈæləkeɪt/,分配，分派,We must allocate our budget wisely.,我們必須明智地分配預算。,toeic_advanced,3,Finance,Investment,"TOEIC,Reading,Part5,Part7",v.
ambiguity,/ˌæmbɪˈɡjuːəti/,模稜兩可，含糊其詞,There is a lot of ambiguity in this contract.,這份合同中有很多含糊之處。,toeic_advanced,3,Legal,Contracts,"TOEIC,Reading,Part5,Part7",v.
anticipate,/ænˈtɪsɪpeɪt/,預期，期望,We anticipate that the sales will increase next month.,我們預計下個月銷售量將會增加。,toeic_advanced,3,Marketing,Sales,"TOEIC,Reading,Part5,Part7",v.
apparent,/əˈpærənt/,明顯的，顯而易見的,It was apparent that she was not happy.,很明顯她不高興。,toeic_advanced,3,Technical,ITSupport,"TOEIC,Reading,Part5,Part7",adj.
applicant,/ˈæplɪkənt/,申請人，求職者,Over fifty applicants applied for the position.,有超過五十名求職者應徵該職位。,toeic_advanced,3,Technical,ITSupport,"TOEIC,Listening,Reading,Part3,Part7",n.
arbitrary,/ˈɑːrbɪtreri/,任意的，武斷的,The decision seemed completely arbitrary.,這個決定似乎完全是武斷的。,toeic_advanced,3,Technical,ITSupport,"TOEIC,Reading,Part5,Part7",adj.
assemble,/əˈsembl/,集合，裝配,The students assembled in the school hall.,學生們在學校禮堂集合。,toeic_advanced,3,Manufacturing,Production,"TOEIC,Reading,Part5,Part7",v.
attribute,/əˈtrɪbjuːt/,歸因於,He attributes his success to hard work.,他將他的成功歸因於努力工作。,toeic_advanced,3,Corporate,GeneralBusiness,"TOEIC,Reading,Part5,Part7",v.
brochure,/broʊˈʃʊr/,小冊子，簡介手冊,Please hand out the promotional brochure.,請發放宣傳手冊。,toeic_advanced,3,HumanResources,Compensation,"TOEIC,Listening,Reading,Part3,Part7",n.
budget,/ˈbʌdʒɪt/,預算,We must operate within our annual budget.,我們必須在年度預算內運行。,toeic_advanced,3,Finance,Investment,"TOEIC,Reading,Part6,Part7",n./v.
candidate,/ˈkændɪdət/,候選人，應試者,She is the most qualified candidate for CEO.,她是執行長職位最合適的候選人。,toeic_advanced,3,HumanResources,Recruitment,"TOEIC,Listening,Reading,Part3,Part7",n.
capacity,/kəˈpæsəti/,容量，能力,"The stadium has a seating capacity of 50,000.",該體育場可容納5萬個座位。,toeic_advanced,3,Technical,ITSupport,"TOEIC,Reading,Part5,Part7",v.
category,/ˈkætəɡɔːri/,類別，範疇,The books are divided into three categories.,這些書分為三類。,toeic_advanced,3,Corporate,GeneralBusiness,"TOEIC,Reading,Part5,Part7",v.
coherent,/koʊˈhɪrənt/,連貫的，條理清楚的,His argument was not very coherent.,他的論點不是很連貫。,toeic_advanced,3,Corporate,GeneralBusiness,"TOEIC,Reading,Part5,Part7",adj.
coincide,/ˌkoʊɪnˈsaɪd/,同時發生，一致,Our holidays coincide with theirs.,我們的假期與他們的假期重疊。,toeic_advanced,3,Technical,ITSupport,"TOEIC,Reading,Part5,Part7",v.
collapse,/kəˈlæps/,倒塌，崩潰,The building collapsed during the earthquake.,這棟建築在地震中倒塌了。,toeic_advanced,3,Travel,Hospitality,"TOEIC,Reading,Part5,Part7",v.
colleague,/ˈkɑːliːɡ/,同事，同僚,I discussed the proposal with my colleague.,我和我的同事討論了該提案。,toeic_advanced,3,Technical,ITSupport,"TOEIC,Reading,Part5,Part7",n.
compensate,/ˈkɑːmpenseɪt/,補償，給報酬,The company will compensate you for overtime.,公司將為您的加班提供補償。,toeic_advanced,3,Corporate,GeneralBusiness,"TOEIC,Reading,Part5,Part7",v.
competitor,/kəmˈpetɪtər/,競爭者，對手,We must monitor our main competitor's pricing.,我們必須密切監控主要競爭對手的定價。,toeic_advanced,3,Technical,ITSupport,"TOEIC,Listening,Reading,Part3,Part7",n.
complain,/kəmˈpleɪn/,投訴，抱怨,Customers complain about the service quality.,客戶投訴服務品質。,toeic_advanced,3,Technical,ITSupport,"TOEIC,Reading,Part5,Part7",v.
complaint,/kəmˈpleɪnt/,投訴，抱怨,The manager handled the customer complaint well.,經理妥善處理了顧客投訴。,toeic_advanced,3,Corporate,GeneralBusiness,"TOEIC,Reading,Part5,Part7",v.
complimentary,/ˌkɑːmplɪˈmentri/,免費贈送的，讚美的,Breakfast is complimentary for hotel guests.,酒店房客可享用免費早餐。,toeic_advanced,3,Travel,Hospitality,"TOEIC,Listening,Reading,Part3,Part7",adj.
component,/kəmˈpoʊnənt/,組件，成分,Trust is a vital component of any relationship.,信任是任何關係中至關重要的成分。,toeic_advanced,3,Manufacturing,Production,"TOEIC,Reading,Part5,Part7",v.
conceive,/kənˈsiːv/,構想，設想,They conceive a new marketing plan.,他們構思了一個新的行銷計劃。,toeic_advanced,3,Marketing,Sales,"TOEIC,Reading,Part5,Part7",v.
conclude,/kənˈkluːd/,得出結論，結束,We can conclude that the experiment was a success.,我們可以得出結論，實驗是成功的。,toeic_advanced,3,Corporate,GeneralBusiness,"TOEIC,Reading,Part5,Part7",v.
confront,/kənˈfrʌnt/,面對，對抗,We must confront these challenges directly.,我們必須直接面對這些挑戰。,toeic_advanced,3,Corporate,GeneralBusiness,"TOEIC,Reading,Part5,Part7",v.
consistent,/kənˈsɪstənt/,一貫的，一致的,His performance has been very consistent this season.,他本賽季的表現非常穩定。,toeic_advanced,3,Corporate,GeneralBusiness,"TOEIC,Reading,Part5,Part7",adj.
constant,/ˈkɑːnstənt/,不動的，恆定的,The temperature remained constant throughout the day.,整天溫度保持恆定。,toeic_advanced,3,Corporate,GeneralBusiness,"TOEIC,Reading,Part5,Part7",adj.
constitute,/ˈkɑːnstɪtuːt/,構成，組成,Twelve months constitute a year.,十二個月構成一年。,toeic_advanced,3,Technical,ITSupport,"TOEIC,Reading,Part5,Part7",v.
constrain,/kənˈstreɪn/,限制，束縛,We are constrained by our budget constraints.,我們受到預算限制的束縛。,toeic_advanced,3,Finance,Investment,"TOEIC,Reading,Part5,Part7",v.
contractor,/ˈkɑːntræktər/,承包商，承包者,We hired a general contractor for the remodel.,我們聘請了一位總承包商進行改裝工程。,toeic_advanced,3,Legal,Contracts,"TOEIC,Reading,Part5,Part7",n.
contradict,/ˌkɑːntrəˈdɪkt/,矛盾，反駁,His words contradict his actions.,他的言行不一。,toeic_advanced,3,Corporate,GeneralBusiness,"TOEIC,Reading,Part5,Part7",v.
contrary,/ˈkɑːntreri/,相反的,"Contrary to expectations, the project succeeded.",與預期相反，項目成功了。,toeic_advanced,3,Corporate,GeneralBusiness,"TOEIC,Reading,Part5,Part7",adj.
contribute,/kənˈtrɪbjuːt/,貢獻，捐助,Every member contributed to the team's success.,每個成員都為團隊的成功做出了貢獻。,toeic_advanced,3,Corporate,GeneralBusiness,"TOEIC,Reading,Part5,Part7",v.
convince,/kənˈvɪns/,說服，使確信,He tried to convince the client.,他試圖說服客戶。,toeic_advanced,3,Marketing,Sales,"TOEIC,Reading,Part5,Part7",v.
coordinate,/koʊˈɔːrdɪneɪt/,協調,We need to coordinate our efforts.,我們需要協調我們的努力。,toeic_advanced,3,Travel,Hospitality,"TOEIC,Reading,Part5,Part7",v.
correspond,/ˌkɔːrəˈspɑːnd/,符合，通信,His behavior does not correspond with his words.,他的行為與他的言語不符。,toeic_advanced,3,Technical,ITSupport,"TOEIC,Reading,Part5,Part7",v.
deadline,/ˈdedlaɪn/,截止日期，最後期限,We must meet the Friday deadline.,我們必須在週五截止日期前完成。,toeic_advanced,3,Corporate,GeneralBusiness,"TOEIC,Reading,Part5,Part7",v.
dedicate,/ˈdedɪkeɪt/,致力於，獻給,She dedicated her life to helping the poor.,她致力於幫助窮人。,toeic_advanced,3,Corporate,GeneralBusiness,"TOEIC,Reading,Part5,Part7",v.
definite,/ˈdefɪnət/,明確的，確定的,We need a definite answer by tomorrow.,我們明天之前需要一個明確的答覆。,toeic_advanced,3,Technical,ITSupport,"TOEIC,Reading,Part5,Part7",adj.
denounce,/dɪˈnaʊns/,譴責，宣告,The company will denounce the illegal actions.,公司將譴責這些非法行為。,toeic_advanced,3,Legal,Compliance,"TOEIC,Reading,Part5,Part7",v.
device,/dɪˈvaɪs/,裝置，設備,The iPhone is a popular mobile device.,iPhone 是一款受歡迎的行動裝置。,toeic_advanced,3,Manufacturing,Production,"TOEIC,Reading,Part5,Part7",v.
diminish,/dɪˈmɪnɪʃ/,減少，減弱,The pain will diminish over time.,疼痛會隨時間減輕。,toeic_advanced,3,Corporate,GeneralBusiness,"TOEIC,Reading,Part5,Part7",v.
directory,/dəˈrektəri/,名錄，目錄,Check the employee phone directory for her desk.,請查看員工電話名錄以獲取她的分機。,toeic_advanced,3,CorporateGovernance,CorporateStrategy,"TOEIC,Reading,Part5,Part7",n.
discount,/ˈdɪskaʊnt/,折扣，打折,We offer a ten percent discount for bulk buys.,大宗採購我們提供九折優惠。,toeic_advanced,3,Marketing,Sales,"TOEIC,Listening,Reading,Part3,Part7",n./v.
discreet,/dɪˈskriːt/,謹慎的，不引人注目的,She made some discreet inquiries.,她進行了一些謹慎的詢問。,toeic_advanced,3,Corporate,GeneralBusiness,"TOEIC,Reading,Part5,Part7",adj.
displace,/dɪsˈpleɪs/,取代，替代,New technology will displace many old workers.,新技術將取代許多老工人。,toeic_advanced,3,Technical,ITSupport,"TOEIC,Reading,Part5,Part7",v.
distinct,/dɪˈstɪŋkt/,獨特的，清晰的,There is a distinct difference between the two.,兩者之間有明顯的區別。,toeic_advanced,3,Corporate,GeneralBusiness,"TOEIC,Reading,Part5,Part7",adj.
domestic,/dəˈmestɪk/,國內的，家庭的,The domestic market is growing rapidly.,國內市場正在迅速增長。,toeic_advanced,3,Marketing,Sales,"TOEIC,Reading,Part5,Part7",adj.
dominant,/ˈdɑːmɪnənt/,支配的，佔優勢的,Red is the dominant color in the room.,紅色是房間裡的主導色。,toeic_advanced,3,Corporate,GeneralBusiness,"TOEIC,Reading,Part5,Part7",adj.
efficiency,/ɪˈfɪʃnsi/,效率，效能,New machinery will boost workplace efficiency.,新機械將提升工作場所的效率。,toeic_advanced,3,Manufacturing,Production,"TOEIC,Reading,Part5,Part7",v.
eliminate,/ɪˈlɪmɪneɪt/,消除，淘汰,We need to eliminate unnecessary waste.,我們需要消除不必要的浪費。,toeic_advanced,3,Corporate,GeneralBusiness,"TOEIC,Reading,Part5,Part7",v.
emphasis,/ˈemfəsɪs/,強調，重點,The school places great emphasis on sports.,該學校非常重視體育運動。,toeic_advanced,3,Corporate,GeneralBusiness,"TOEIC,Reading,Part5,Part7",v.
empirical,/emˈpɪrɪkl/,經驗主義的，實證的,We need empirical evidence to support this claim.,我們需要實證證據來支持這一說法。,toeic_advanced,3,Corporate,GeneralBusiness,"TOEIC,Reading,Part5,Part7",adj.
encounter,/ɪnˈkaʊntər/,遭遇，遇到,We encountered some difficulties during the trip.,我們在旅行中遇到了一些困難。,toeic_advanced,3,Travel,Hospitality,"TOEIC,Reading,Part5,Part7",v.
enhance,/ɪnˈhæns/,提高，增強,Beautiful pictures enhance the book.,美麗的圖片增色了這本書。,toeic_advanced,3,Corporate,GeneralBusiness,"TOEIC,Reading,Part5,Part7",v.
enormous,/ɪˈnɔːrməs/,巨大的，極大的,The project costs an enormous amount of money.,該項目耗資巨大。,toeic_advanced,3,Corporate,GeneralBusiness,"TOEIC,Reading,Part5,Part7",adj.
equivalent,/ɪˈkwɪvələnt/,等值的，等價的,A mile is equivalent to about 1.6 kilometers.,1英里相當於大約1.6公里。,toeic_advanced,3,Corporate,GeneralBusiness,"TOEIC,Reading,Part5,Part7",adj.
estimate,/ˈestɪmeɪt/,估計，估算,We estimate the cost will be around $500.,我們估計成本將在500美元左右。,toeic_advanced,3,Corporate,GeneralBusiness,"TOEIC,Reading,Part5,Part7",v.
evaluate,/ɪˈvæljueɪt/,評估，評價,The committee will evaluate all applicants.,委員會將評估所有申請人。,toeic_advanced,3,Technical,ITSupport,"TOEIC,Reading,Part5,Part7",v.
exchange,/ɪksˈtʃeɪndʒ/,交換，兌換,We can exchange contact information now.,我們現在可以交換聯繫方式。,toeic_advanced,3,Corporate,GeneralBusiness,"TOEIC,Reading,Part5,Part7",v.
excursion,/ɪkˈskɜːrʒn/,遠足，短途旅行,The seminar includes an afternoon excursion.,研討會包括下午的短途考察。,toeic_advanced,3,Travel,Hospitality,"TOEIC,Listening,Reading,Part3,Part7",n.
expedite,/ˈekspədaɪt/,加速，加快,Please expedite the shipping process.,請加快運送流程。,toeic_advanced,3,Technical,ITSupport,"TOEIC,Reading,Part5,Part7",v.
expense,/ɪkˈspens/,費用，開銷,Save receipts for travel expense reimbursement.,請保留收據以便報銷差旅費。,toeic_advanced,3,Travel,Hospitality,"TOEIC,Reading,Part6,Part7",n.
feedback,/ˈfiːdbæk/,反饋，意見,Customer feedback helps improve product quality.,顧客反饋有助於提升產品品質。,toeic_advanced,3,Technical,ITSupport,"TOEIC,Listening,Reading,Part3,Part7",n.
finalize,/ˈfaɪnəlaɪz/,敲定，最終落實,We must finalize the contract today.,我們今天必須敲定合同。,toeic_advanced,3,Legal,Contracts,"TOEIC,Reading,Part5,Part7",v.
guideline,/ˈɡaɪdlaɪn/,準則，指導方針,Follow the company travel guidelines closely.,請嚴格遵守公司差旅準則。,toeic_advanced,3,Travel,Hospitality,"TOEIC,Reading,Part5,Part7",v.
inventory,/ˈɪnvəntɔːri/,庫存，盤點,The store performs annual inventory in January.,這家商店在一月份進行年度庫存盤點。,toeic_advanced,3,Logistics,SupplyChain,"TOEIC,Reading,Part5,Part7",v.
invest,/ɪnˈvest/,投資，投入,The company will invest in green technology.,公司將投資綠色科技。,toeic_advanced,3,Finance,Investment,"TOEIC,Reading,Part6,Part7",v.
invoice,/ˈɪnvɔɪs/,開具發票,We invoice clients at the end of each month.,我們在每月底向客戶開具發票。,toeic_advanced,3,Finance,Investment,"TOEIC,Reading,Part6,Part7",n./v.
leverage,/ˈlevərɪdʒ/,槓桿利用,We must leverage our brand reputation.,我們必須善用我們的品牌聲譽。,toeic_advanced,3,Marketing,Sales,"TOEIC,Reading,Part5,Part7",v.
maximize,/ˈmæksɪmaɪz/,最大化,Our priority is to maximize investor returns.,我們的首要任務是實現投資者回報最大化。,toeic_advanced,3,Finance,Investment,"TOEIC,Reading,Part5,Part7",v.
mention,/ˈmenʃn/,提及，說起,The report mentions the latest compliance rules.,該報告提到了最新的合規規則。,toeic_advanced,3,Legal,Compliance,"TOEIC,Reading,Part5,Part7",v.
milestone,/ˈmaɪlstoʊn/,里程碑，重大進展,"Reaching 10,000 users was a key milestone.",達到一萬名用戶是一個關鍵里程碑。,toeic_advanced,3,Corporate,ProjectManagement,"TOEIC,Reading,Part5,Part7",n.
organize,/ˈɔːrɡənaɪz/,組織，籌辦,She will organize the annual conference.,她將籌辦年度會議。,toeic_advanced,3,Corporate,GeneralBusiness,"TOEIC,Reading,Part5,Part7",v.
overtime,/ˈoʊvərtaɪm/,加班，加班費,Employees earn extra pay for working overtime.,員工加班可賺取額外加班費。,toeic_advanced,3,HumanResources,Compensation,"TOEIC,Listening,Reading,Part3,Part7",n.
patronize,/ˈpeɪtrənaɪz/,光顧，惠顧,Locals patronize our neighborhood branch.,當地人經常光顧我們的社區分店。,toeic_advanced,3,Corporate,GeneralBusiness,"TOEIC,Reading,Part5,Part7",v.
payroll,/ˈpeɪroʊl/,工資名冊，薪資總額,The accountant calculates the monthly payroll.,會計師計算每月工資名冊。,toeic_advanced,3,Finance,Investment,"TOEIC,Reading,Part6,Part7",n.
revenue,/ˈrevənuː/,營業額，營收,Annual corporate revenue reached record highs.,公司年營業額創下歷史新高。,toeic_advanced,3,Finance,Investment,"TOEIC,Reading,Part6,Part7",n.
timeline,/ˈtaɪmlaɪn/,時間軸，時程表,The project timeline shows key milestones.,項目時程表標明了各關鍵里程碑。,toeic_advanced,3,Corporate,GeneralBusiness,"TOEIC,Reading,Part5,Part7",n.
tuition,/tuˈɪʃn/,學費,Tuition reimbursement is an employee perk.,學費報銷是該公司的一項員工福利。,toeic_advanced,3,HumanResources,Compensation,"TOEIC,Reading,Part5,Part7",v.
warranty,/ˈwɔːrənti/,保固，保證書,The appliance comes with a two-year warranty.,這款家電產品享有兩年原廠保固。,toeic_advanced,3,Technical,ITSupport,"TOEIC,Reading,Part5,Part7",n.
consumer,/kənˈsuːmər/,消費者,Consumer confidence rose sharply this quarter.,本季度消費者信心大幅上升。,toeic_advanced,3,Corporate,GeneralBusiness,"TOEIC,Reading,Part5,Part7",n.
wholesale,/ˈhoʊlseɪl/,批發，批發的,We purchase office supplies at wholesale prices.,我們以批發價格採購辦公用品。,toeic_advanced,3,Marketing,Sales,"TOEIC,Reading,Part5,Part7",n.
bestseller,/ˌbestˈselər/,暢銷品，暢銷書,The wireless earbuds became our top bestseller.,這款無線耳機成為了我們最暢銷的產品。,toeic_advanced,3,Corporate,GeneralBusiness,"TOEIC,Reading,Part5,Part7",n.
stationery,/ˈsteɪʃəneri/,文具，信紙,Order extra printer paper and stationery supplies.,請增訂列印紙和文具用品。,toeic_advanced,3,Corporate,GeneralBusiness,"TOEIC,Reading,Part5,Part7",n.
shredder,/ˈʃredər/,碎紙機,Dispose of confidential documents in the shredder.,請將機密文件投入碎紙機銷毀。,toeic_advanced,3,Corporate,GeneralBusiness,"TOEIC,Reading,Part5,Part7",n.
bulletin,/ˈbʊlətɪn/,公報，公告欄,Check the staff bulletin board for safety updates.,請查看員工公告欄獲取安全最新公告。,toeic_advanced,3,CorporateGovernance,BoardOfDirectors,"TOEIC,Reading,Part5,Part7",n.
intercom,/ˈɪntərkɑːm/,對講機，內部通話設備,The manager announced the fire drill over the intercom.,經理透過內部廣播對講機宣布了消防演習。,toeic_advanced,3,Manufacturing,Production,"TOEIC,Reading,Part5,Part7",n.
clerical,/ˈklerɪkl/,辦公室文案的，事務員的,She applied for an entry-level clerical position.,她應徵了一份基層辦公室文書職位。,toeic_advanced,3,Technical,ITSupport,"TOEIC,Reading,Part5,Part7",n.
boarding,/ˈbɔːrdɪŋ/,登機，寄宿,Boarding for flight 204 will begin in ten minutes.,第204號航班的登機程序將在十分鐘後開始。,toeic_advanced,3,CorporateGovernance,BoardOfDirectors,"TOEIC,Reading,Part5,Part7",n.
passport,/ˈpæspɔːrt/,護照,Ensure your passport is valid for at least six months.,請確保您的護照有效期至少有六個月以上。,toeic_advanced,3,Corporate,GeneralBusiness,"TOEIC,Reading,Part5,Part7",n.
conveyor,/kənˈveɪər/,傳送帶，輸送機,Parts move along the factory conveyor belt smoothly.,零件在工廠傳送帶上平穩地輸送。,toeic_advanced,3,Manufacturing,Production,"TOEIC,Reading,Part5,Part7",n.
defective,/dɪˈfektɪv/,有缺陷的，有瑕疵的,Return defective products immediately for a refund.,請立即退回有瑕疵的商品以辦理全額退款。,toeic_advanced,3,Manufacturing,QualityControl,"TOEIC,Reading,Part5,Part7",n.
supplier,/səˈplaɪər/,供應商，供貨商,We negotiate long-term contracts with local suppliers.,我們與本地供應商洽談簽訂長期合約。,toeic_advanced,3,Legal,Contracts,"TOEIC,Reading,Part5,Part7",n.
shortage,/ˈʃɔːrtɪdʒ/,短缺，匱乏,A semiconductor shortage halted automobile assembly.,半導體短缺導致汽車組裝產線暫時停工。,toeic_advanced,3,Manufacturing,Production,"TOEIC,Reading,Part5,Part7",n.
assembly,/əˈsembli/,組裝，集會,The robotic assembly line runs twenty-four hours a day.,機器人組裝產線每天二十四小時全天候運轉。,toeic_advanced,3,Manufacturing,Production,"TOEIC,Reading,Part5,Part7",n.
database,/ˈdeɪtəbeɪs/,資料庫,Store customer records in a secure cloud database.,將客戶檔案存儲在安全的雲端資料庫中。,toeic_advanced,3,Technical,ITSupport,"TOEIC,Reading,Part5,Part7",n.
firewall,/ˈfaɪərwɔːl/,防火牆,Our network firewall blocks unauthorized login attempts.,我們的網路防火牆能封鎖未經授權的登入嘗試。,toeic_advanced,3,Technical,ITSupport,"TOEIC,Reading,Part5,Part7",n.
bandwidth,/ˈbændwɪdθ/,頻寬,Video conferencing consumes considerable bandwidth.,視訊會議會消耗相當大的網路頻寬。,toeic_advanced,3,Corporate,GeneralBusiness,"TOEIC,Reading,Part5,Part7",n.
interface,/ˈɪntərfeɪs/,使用者介面，交界處,The new mobile banking application has a clean interface.,這款新行動銀行應用程式擁有乾淨直覺的使用者介面。,toeic_advanced,3,Corporate,GeneralBusiness,"TOEIC,Reading,Part5,Part7",n.
boardroom,/ˈbɔːrdruːm/,董事會會議室,Executive decisions are made in the boardroom.,公司的重大高層決策均在董事會會議室敲定。,toeic_advanced,3,CorporateGovernance,BoardOfDirectors,"TOEIC,Reading,Part5,Part7",n.
premises,/ˈpremɪsɪz/,營業場所，房屋連地基,Smoking is strictly prohibited on company premises.,公司全體營業場所內一律嚴格禁止吸菸。,toeic_advanced,3,Technical,ITSupport,"TOEIC,Reading,Part5,Part7",n.
blueprint,/ˈbluːprɪnt/,藍圖，設計圖,Architects submitted the final architectural blueprint.,建築師提交了最終的建築工程設計藍圖。,toeic_advanced,3,Manufacturing,Production,"TOEIC,Reading,Part5,Part7",n.
safeguard,/ˈseɪfɡɑːrd/,防護措施，保護,Install protective software to safeguard corporate assets.,安裝防護軟體以保障公司核心資產的安全。,toeic_advanced,3,Finance,Investment,"TOEIC,Reading,Part5,Part7",n.
absolutely,/ˌæbsəˈɫutɫi/,完全地,I absolutely agree with your proposal to streamline the workflow.,我完全同意你簡化工作流程的建議。,toeic_advanced,3,Technical,ITSupport,"TOEIC,Reading,Part5,Part7",adv.
accepted,/ækˈsɛptɪd/,被接受,The proposal was accepted by the board of directors.,該提案已獲得董事會的批准。,toeic_advanced,3,CorporateGovernance,BoardOfDirectors,"TOEIC,Reading,Part5,Part7",adj.
accident,/ˈæksədənt/,意外事故,The company is investigating the accident to determine the cause and prevent future incidents.,公司正在調查這起意外事故，以確定原因並防止未來發生類似事件。,toeic_advanced,3,Finance,Investment,"TOEIC,Reading,Part5,Part7",n.
according,/əˈkɔɹdɪŋ/,根據,The project timeline is according to the client's specifications.,專案時間表依照客戶的規格。,toeic_advanced,3,Manufacturing,Production,"TOEIC,Reading,Part5,Part7",adv./preposition
action,/ˈækʃən/,行動,The project manager outlined the next actions required to meet the deadline.,專案經理說明了為了趕上截止日期所需採取的下一步行動。,toeic_advanced,3,Corporate,Operations,"TOEIC,Reading,Part5,Part7",n./v.
actively,/ˈæktɪvɫi/,積極地,The company is actively seeking new talent to join its team.,該公司正積極尋找新人才加入其團隊。,toeic_advanced,3,Technical,ITSupport,"TOEIC,Reading,Part5,Part7",adv.
activities,/ækˈtɪvətiz/,活動,The company organizes team-building activities to improve employee morale.,公司組織團隊建設活動以提升員工士氣。,toeic_advanced,3,HumanResources,Compensation,"TOEIC,Reading,Part5,Part7",n.
activity,/ækˈtɪvəti/,活動,The company organized a team-building activity to improve employee morale.,公司組織了一項團隊建設活動以提升員工士氣。,toeic_advanced,3,HumanResources,Compensation,"TOEIC,Reading,Part5,Part7",n.
actually,/ˈækˌtʃuəɫi/,實際上,"Actually, the project deadline has been extended to next Friday.",實際上，這個專案的截止日期已經延遲到下週五。,toeic_advanced,3,Corporate,Communication,"TOEIC,Reading,Part5,Part7",adv.
additional,/əˈdɪʃənəɫ/,額外的,The company is offering an additional 10% discount for loyal customers.,公司為忠誠客戶提供額外 10% 的折扣。,toeic_advanced,3,Marketing,Sales,"TOEIC,Reading,Part5,Part7",adj./adv.
advantage,/ædˈvæntɪdʒ/,優勢,Having a strong network can be a significant advantage in the job market.,擁有強大的社交網絡在就業市場上可能是一個顯著的優勢。,toeic_advanced,3,Marketing,Sales,"TOEIC,Reading,Part5,Part7",n./v.
advantages,/ædˈvæntɪdʒɪz/,優勢,Our company's main advantage is our commitment to providing high-quality products.,我們公司的主要優勢是我們致力於提供高品質的產品。,toeic_advanced,3,Travel,Hospitality,"TOEIC,Reading,Part5,Part7",n.
advertised,/ˈædvɝˌtaɪzd/,已做廣告的,The company's new product was heavily advertised on television and online.,該公司的最新產品在電視和線上大力宣傳。,toeic_advanced,3,Marketing,Advertising,"TOEIC,Reading,Part5,Part7",adj.
afford,/əˈfɔɹd/,負擔得起,The company can afford to invest in new technology to improve efficiency.,公司有能力投資新技術來提高效率。,toeic_advanced,3,Finance,Investment,"TOEIC,Reading,Part5,Part7",v.
afternoon,/ˌæftɝˈnun/,下午,I have a meeting scheduled for this afternoon.,我今天下午有一個會議。,toeic_advanced,3,Corporate,DailyWork,"TOEIC,Reading,Part5,Part7",n.
agreeing,/əˈɡɹiɪŋ/,表示贊同或同意的狀態或動作。,The board members were generally agreeing with the proposed merger.,董事會成員普遍對擬議的合併表示贊同。,toeic_advanced,3,CorporateGovernance,BoardOfDirectors,"TOEIC,Reading,Part5,Part7",adj./v.
agreements,/əˈɡɹimənts/,協議,Both parties must sign the agreements before the project can begin.,專案開始前，雙方必須簽署協議。,toeic_advanced,3,Corporate,Logistics,"TOEIC,Reading,Part5,Part7",n.
allowing,/əˈɫaʊɪŋ/,允許,The company policy allows employees to work remotely up to three days a week.,公司政策允許員工每週最多遠端工作三天。,toeic_advanced,3,HumanResources,Compensation,"TOEIC,Reading,Part5,Part7",v.
although,/ˌɔɫˈðoʊ/,雖然,"Although the project faced some delays, the team managed to deliver it on time.",雖然專案遇到了一些延遲，但團隊還是成功地按時交付了它。,toeic_advanced,3,Logistics,Transit,"TOEIC,Reading,Part5,Part7",conjunction
amount,/əˈmaʊnt/,數量,The company reported a significant increase in the amount of sales this quarter.,本季公司報告銷售總額大幅增加。,toeic_advanced,3,Marketing,Sales,"TOEIC,Reading,Part5,Part7",n.
amounts,/əˈmaʊnts/,數量,The company needs to review the amounts listed on the invoice to ensure accuracy.,公司需要審查發票上列出的金額，以確保準確性。,toeic_advanced,3,Finance,Investment,"TOEIC,Reading,Part5,Part7",n.
announced,/əˈnaʊnst/,宣布,The CEO announced the company's record profits during the annual shareholders' meeting.,執行長在年度股東大會上宣布了公司創紀錄的利潤。,toeic_advanced,3,CorporateGovernance,BoardOfDirectors,"TOEIC,Reading,Part5,Part7",v.
announcing,/əˈnaʊnsɪŋ/,宣告,The company is announcing a new product launch next month.,公司將於下個月宣布推出新產品。,toeic_advanced,3,Corporate,Communication,"TOEIC,Reading,Part5,Part7",v./adj.
answering,/ˈænsɝɪŋ/,回應,The receptionist is responsible for answering phone calls and directing them to the appropriate department.,接待員負責接聽電話並將其轉至相關部門。,toeic_advanced,3,Corporate,Communication,"TOEIC,Reading,Part5,Part7",v./n.
anything,/ˈɛniˌθɪŋ/,任何事物,Is there anything I can do to help you with your presentation?,有什麼我可以幫你準備簡報的嗎？,toeic_advanced,3,Technical,ITSupport,"TOEIC,Reading,Part5,Part7",pronoun/adv.
anywhere,/ˈɛniˌwɛɹ/,任何地方,The manager said we could hold the meeting anywhere convenient for the team.,經理說我們可以選擇團隊方便的任何地方開會。,toeic_advanced,3,Corporate,DailyWork,"TOEIC,Reading,Part5,Part7",adv.
apartment,/əˈpɑɹtmənt/,公寓,The company provides temporary apartments for relocating employees.,公司為調職員工提供臨時公寓住宿。,toeic_advanced,3,HumanResources,Compensation,"TOEIC,Reading,Part5,Part7",n.
apologies,/əˈpɑɫəˌdʒiz/,道歉,Please accept our apologies for the delay in shipment.,對於貨運延遲，敬請諒解，並接受我們的致歉。,toeic_advanced,3,Logistics,Transit,"TOEIC,Reading,Part5,Part7",n./v.
apologize,/əˈpɑɫəˌdʒaɪz/,對造成的不便或錯誤表示遺憾並說明原因，以維護關係或彌補過失。,We apologize for the delay in delivering your order and will expedite the shipment.,我們對訂單延遲表示歉意，並將加快出貨速度。,toeic_advanced,3,Manufacturing,Production,"TOEIC,Reading,Part5,Part7",v.
appeared,/əˈpɪɹd/,出現,The error message appeared on the screen after the system update.,系統更新後，錯誤訊息出現在螢幕上。,toeic_advanced,3,Technical,ITSupport,"TOEIC,Reading,Part5,Part7",v.
applicants,/ˈæpɫɪkənts/,申請者,The HR department received over 200 applicants for the marketing manager position.,人力資源部門收到了超過 200 位應徵市場經理職位的申請者。,toeic_advanced,3,Marketing,Sales,"TOEIC,Reading,Part5,Part7",n.
applying,/əˈpɫaɪɪŋ/,申請或將某項規則，方法等實施於實務中,She is applying for the marketing manager position at the headquarters.,她正在總公司申請行銷經理的職位。,toeic_advanced,3,Marketing,Sales,"TOEIC,Reading,Part5,Part7",v.
approved,/əˈpɹuvd/,批准,The project proposal has been approved by the management team.,該專案提案已獲得管理團隊的批准。,toeic_advanced,3,Corporate,DailyWork,"TOEIC,Reading,Part5,Part7",adj.
arranged,/ɝˈeɪndʒd/,安排,The meeting has been arranged for next Tuesday at 2:00 PM.,會議已安排在下週二下午 2:00 舉行。,toeic_advanced,3,Corporate,DailyWork,"TOEIC,Reading,Part5,Part7",v./adj.
assistant,/əˈsɪstənt/,協助者,The project manager relies heavily on his assistant to schedule meetings and prepare reports.,專案經理非常依賴他的助理來安排會議和準備報告。,toeic_advanced,3,Corporate,DailyWork,"TOEIC,Reading,Part5,Part7",n.
assisting,/əˈsɪstɪŋ/,協助,The junior staff are assisting the senior managers with the project.,初級員工正在協助高級經理完成專案。,toeic_advanced,3,HumanResources,Compensation,"TOEIC,Reading,Part5,Part7",v./adj.
attached,/əˈtætʃt/,附加的,Please find the contract attached to this email.,請查收隨附於此電子郵件的合約。,toeic_advanced,3,Legal,Contracts,"TOEIC,Reading,Part5,Part7",adj.
attaching,/əˈtætʃɪŋ/,附加,Please find the updated report attached to this email.,請查收本電子郵件所附的最新報告。,toeic_advanced,3,Corporate,DailyWork,"TOEIC,Reading,Part5,Part7",v.
attended,/əˈtɛndɪd/,出席,All employees are required to attend the mandatory safety training session.,所有員工都必須參加強制性的安全培訓課程。,toeic_advanced,3,HumanResources,Compensation,"TOEIC,Reading,Part5,Part7",v.
attendees,/əˈtɛnˈdiz/,與會者,The conference organizers expect over 500 attendees this year.,今年會議主辦方預計會有超過 500 位與會者。,toeic_advanced,3,Corporate,Meetings,"TOEIC,Reading,Part5,Part7",n.
attending,/əˈtɛndɪŋ/,出席,All employees are required to attend the mandatory training session.,所有員工都必須參加強制性的培訓課程。,toeic_advanced,3,HumanResources,Compensation,"TOEIC,Reading,Part5,Part7",v.
background,/ˈbækˌɡɹaʊnd/,指個人或事物過去的經歷，教育，工作等資訊，常用於評估或說明其相關背景。,Please review the candidate's background before scheduling the interview.,請在安排面試前審查應徵者的背景。,toeic_advanced,3,HumanResources,Recruitment,"TOEIC,Reading,Part5,Part7",n.
banking,/ˈbæŋkɪŋ/,銀行業,The company is seeking a consultant with expertise in international banking regulations.,公司正在尋找一位在國際銀行法規方面有專業知識的顧問。,toeic_advanced,3,Technical,ITSupport,"TOEIC,Reading,Part5,Part7",n.
basically,/ˈbeɪsɪkɫi/,基本上,"Basically, the project is on track, but we need to finalize the budget.",基本上，專案進度良好，但我們需要最終確定預算。,toeic_advanced,3,Finance,Investment,"TOEIC,Reading,Part5,Part7",adv.
bathrooms,/ˈbæˌθɹumz/,洗手間，衛生間,The building's bathrooms are being renovated to improve accessibility.,這棟大樓的洗手間正在翻新，以提高無障礙性。,toeic_advanced,3,Travel,Hospitality,"TOEIC,Reading,Part5,Part7",n.
beautiful,/ˈbjutəfəɫ/,美麗的,The marketing campaign highlighted the beautiful design of the new smartphone.,行銷活動強調了這款新智慧型手機的美麗設計。,toeic_advanced,3,Marketing,Advertising,"TOEIC,Reading,Part5,Part7",adj.
beginner,/bɪˈɡɪnɝ/,初學者,This training program is designed for beginners with no prior experience.,這項訓練計畫專為沒有任何經驗的初學者設計。,toeic_advanced,3,Technical,ITSupport,"TOEIC,Reading,Part5,Part7",n./adj.
beginning,/bɪˈɡɪnɪŋ/,開始,The project is at the beginning stages of development.,這個專案目前處於開發的初期階段。,toeic_advanced,3,Corporate,DailyWork,"TOEIC,Reading,Part5,Part7",n./adj.
behavior,/bɪˈheɪvjɝ/,行為,The manager addressed the employee's inappropriate behavior during the meeting.,經理在會議中處理了這位員工的不當行為。,toeic_advanced,3,HumanResources,Compensation,"TOEIC,Reading,Part5,Part7",n./v.
believed,/bɪˈɫivd/,相信,The company believed that investing in employee training would increase productivity.,公司相信投資員工培訓將會提高生產力。,toeic_advanced,3,Manufacturing,Production,"TOEIC,Reading,Part5,Part7",v.
believes,/bɪˈɫivz/,相信,The company believes that investing in employee training will increase productivity.,公司相信投資員工培訓將提高生產力。,toeic_advanced,3,Manufacturing,Production,"TOEIC,Reading,Part5,Part7",v.
benefits,/ˈbɛnəfɪts/,福利,The company offers a comprehensive benefits package including health insurance and a retirement plan.,公司提供全面的福利方案，包括醫療保險和退休計劃。,toeic_advanced,3,HumanResources,Compensation,"TOEIC,Reading,Part5,Part7",n.
billing,/ˈbɪɫɪŋ/,帳單處理,The accounting department is responsible for processing all customer billings.,會計部門負責處理所有客戶帳單。,toeic_advanced,3,Finance,Accounting,"TOEIC,Reading,Part5,Part7",n./v.
birthday,/ˈbɝθˌdeɪ/,生日，生日慶祝,The company provides employees with a small gift and a cake on their birthdays.,公司會在員工生日時提供一份小禮物和蛋糕。,toeic_advanced,3,HumanResources,Compensation,"TOEIC,Reading,Part5,Part7",n.
bookshelf,/ˈbʊkˌʃɛɫf/,書架,The office manager asked the IT department to install additional bookshelves to accommodate the growing collection of training manuals.,辦公室經理要求資訊部門安裝額外的書架，以容納不斷增多的培訓手冊。,toeic_advanced,3,Travel,Hospitality,"TOEIC,Reading,Part5,Part7",n.
bookstore,/ˈbʊkˌstɔɹ/,販售書籍的商店，通常也包含文具，禮品等相關商品。,The company is planning to open a new bookstore near the office building to provide employees with convenient access to reading materials.,公司計劃在辦公大樓附近開設一家新書店，以便員工可以方便地獲取閱讀材料。,toeic_advanced,3,HumanResources,Compensation,"TOEIC,Reading,Part5,Part7",n.
branches,/ˈbɹæntʃəz/,部門,Each branch of the company focuses on a specific product line.,公司的每個部門專注於特定的產品線。,toeic_advanced,3,Manufacturing,Production,"TOEIC,Reading,Part5,Part7",n.
bringing,/ˈbɹɪŋɪŋ/,帶來,Please remember to bring your presentation materials to the meeting.,請記得將您的簡報資料帶到會議中。,toeic_advanced,3,Corporate,DailyWork,"TOEIC,Reading,Part5,Part7",v./adj.
budgets,/ˈbədʒɪts/,預算,The marketing department needs to submit their budget proposal by the end of the week.,行銷部門需要在本週結束前提交他們的預算提案。,toeic_advanced,3,Finance,Investment,"TOEIC,Reading,Part5,Part7",n.
building,/ˈbɪɫdɪŋ/,建築物,The company is relocating its headquarters to a new building downtown.,公司將總部搬遷到市中心的新大樓。,toeic_advanced,3,Travel,Hospitality,"TOEIC,Reading,Part5,Part7",n.
buildings,/ˈbɪɫdɪŋz/,建築物,The company is planning to relocate its headquarters to a modern office building downtown.,公司計畫將總部搬遷到市中心的一棟現代辦公大樓。,toeic_advanced,3,Travel,Hospitality,"TOEIC,Reading,Part5,Part7",n.
business,/ˈbɪznəs/,商業，企業，業務,Our company is expanding its business into the Asian market.,我們公司正在將業務拓展到亞洲市場。,toeic_advanced,3,Marketing,Sales,"TOEIC,Reading,Part5,Part7",n.
businesses,/ˈbɪznəsəz/,企業,Several businesses in the area have been affected by the recent economic downturn.,近期經濟衰退影響了該地區的許多企業。,toeic_advanced,3,Corporate,Operations,"TOEIC,Reading,Part5,Part7",n.
calendar,/ˈkæɫəndɝ/,日曆,Please mark the deadline on your calendar so you don't miss it.,請在你的日曆上標記截止日期，以免錯過。,toeic_advanced,3,Technical,ITSupport,"TOEIC,Reading,Part5,Part7",n.
canceled,/ˈkænsəɫd/,被取消,The meeting has been canceled due to unforeseen circumstances.,由於突發狀況，會議已被取消。,toeic_advanced,3,Corporate,DailyWork,"TOEIC,Reading,Part5,Part7",v./adj.
canceling,/ˈkænsəɫɪŋ/,取消，廢除,"Due to unforeseen circumstances, we are canceling the scheduled meeting.",由於突發狀況，我們將取消原定的會議。,toeic_advanced,3,Corporate,DailyWork,"TOEIC,Reading,Part5,Part7",v.
candidates,/ˈkændədeɪts/,候選人,The HR department is currently reviewing the applications of several candidates for the marketing manager position.,人事部門目前正在審查多位應徵行銷經理職位的文件。,toeic_advanced,3,Marketing,Sales,"TOEIC,Reading,Part5,Part7",n.
carefully,/ˈkɛɹfəɫi/,小心翼翼地,Please review the contract carefully before signing it.,請在簽署合約前仔細審閱。,toeic_advanced,3,Legal,Contracts,"TOEIC,Reading,Part5,Part7",adv.
carrying,/ˈkæɹiɪŋ/,攜帶,The shipping company is responsible for carrying the goods safely to the destination.,運輸公司負責安全地將貨物運送到目的地。,toeic_advanced,3,Corporate,Logistics,"TOEIC,Reading,Part5,Part7",v./adj.
catching,/ˈkætʃɪŋ/,接獲,The sales team is catching up on leads generated from the recent trade show.,銷售團隊正在追蹤最近貿易展覽產生的潛在客戶。,toeic_advanced,3,Marketing,Sales,"TOEIC,Reading,Part5,Part7",v./adj.
cellphone,/ˈsɛɫfoʊn/,行動電話，手機,Please turn off your cellphone before entering the cinema.,進入電影院前請關閉您的手機。,toeic_advanced,3,Technical,ITSupport,"TOEIC,Reading,Part5,Part7",n.
centimeter,/ˈsɛntəˌmitɝ/,公分,The table is 80 centimeters wide.,這張桌子有80公分寬。,toeic_advanced,3,Corporate,GeneralBusiness,"TOEIC,Reading,Part5,Part7",n.
centuries,/ˈsɛntʃɝiz/,世紀,The company has been a leader in the industry for centuries.,這家公司在該行業已經領先了幾個世紀。,toeic_advanced,3,Corporate,Operations,"TOEIC,Reading,Part5,Part7",n.
certainly,/ˈsɝtənɫi/,當然,"“Can you deliver the report by Friday?” “Certainly, I’m working on it now.”",「您能在星期五前交付報告嗎？」 「當然，我現在正在處理。」,toeic_advanced,3,Logistics,Transit,"TOEIC,Reading,Part5,Part7",adv.
chairman,/ˈtʃɛɹmən/,董事會主席,The chairman opened the meeting by thanking everyone for attending.,主席感謝所有出席者，並開啟了會議。,toeic_advanced,3,CorporateGovernance,BoardOfDirectors,"TOEIC,Reading,Part5,Part7",n.
chance,/ˈtʃæns/,機會,We have a good chance of securing the contract if we submit a competitive proposal.,如果我們提交一份具有競爭力的提案，我們有機會獲得合約。,toeic_advanced,3,Legal,Contracts,"TOEIC,Reading,Part5,Part7",n./v.
changing,/ˈtʃeɪndʒɪŋ/,正在改變，變動的,The company is undergoing significant changes to adapt to the evolving market.,公司正在經歷重大變革以適應不斷變化的市場。,toeic_advanced,3,Marketing,Sales,"TOEIC,Reading,Part5,Part7",adj./v.
charged,/ˈtʃɑɹdʒd/,收費,The hotel charged an extra fee for late check-in.,飯店對晚退房收取了額外費用。,toeic_advanced,3,Travel,Hospitality,"TOEIC,Reading,Part5,Part7",v./adj.
charges,/ˈtʃɑɹdʒəz/,費用,The hotel added extra charges for late check-out and room service.,飯店對延遲退房和客房服務額外收取費用。,toeic_advanced,3,Travel,Hospitality,"TOEIC,Reading,Part5,Part7",n./v.
chatting,/ˈtʃætɪŋ/,輕鬆地進行對話或線上交流，通常涉及非正式的話題。,Let's quickly chat about the project updates before the meeting.,在會議開始前，我們快速地討論一下專案進度吧。,toeic_advanced,3,Corporate,Communication,"TOEIC,Reading,Part5,Part7",v./n.
cheapest,/ˈtʃipəst/,最便宜的,We're looking for the cheapest supplier for these raw materials.,我們正在尋找這些原材料最便宜的供應商。,toeic_advanced,3,Corporate,Logistics,"TOEIC,Reading,Part5,Part7",adj.
choosing,/ˈtʃuzɪŋ/,選擇,The company is choosing a new supplier for raw materials.,公司正在選擇新的原材料供應商。,toeic_advanced,3,Corporate,DailyWork,"TOEIC,Reading,Part5,Part7",v./adj.
classmate,/ˈkɫæsˌmeɪt/,同學,I met an old classmate from high school at the conference.,我在會議上遇到了一位高中老同學。,toeic_advanced,3,Corporate,GeneralBusiness,"TOEIC,Reading,Part5,Part7",n.
classmates,/ˈkɫæsˌmeɪts/,與自己同班的學生,I often collaborate with my classmates on group projects to meet deadlines.,為了按時完成專案，我經常與我的同學合作。,toeic_advanced,3,Technical,ITSupport,"TOEIC,Reading,Part5,Part7",n.
classroom,/ˈkɫæsˌɹum/,課堂,The training session will be held in the main classroom on the second floor.,培訓課程將在二樓的主課堂舉行。,toeic_advanced,3,Corporate,DailyWork,"TOEIC,Reading,Part5,Part7",n.
cleaning,/ˈkɫinɪŋ/,清潔工作,The office manager arranged for professional cleaning services to be provided every Friday.,辦公室經理安排每週五提供專業清潔服務。,toeic_advanced,3,Corporate,DailyWork,"TOEIC,Reading,Part5,Part7",n./v.
clothing,/ˈkɫoʊðɪŋ/,服裝,The company has a strict dress code regarding employee clothing.,公司對於員工服裝有嚴格的著裝規定。,toeic_advanced,3,HumanResources,Compensation,"TOEIC,Reading,Part5,Part7",n.
colleagues,/ˈkɑɫiɡz/,同事,I need to discuss this project with my colleagues before the meeting.,在會議之前，我需要和我的同事們討論這個專案。,toeic_advanced,3,Technical,ITSupport,"TOEIC,Reading,Part5,Part7",n.
colorful,/ˈkəɫɝfəɫ/,色彩豐富的,The marketing campaign featured a colorful brochure to attract potential clients.,行銷活動使用色彩豐富的傳單來吸引潛在客戶。,toeic_advanced,3,Marketing,Advertising,"TOEIC,Reading,Part5,Part7",adj.
comments,/ˈkɑmɛnts/,評論,Please add your comments to the draft proposal before Friday's deadline.,請在本週五截止日前將您的評論加入草案提案中。,toeic_advanced,3,Corporate,Communication,"TOEIC,Reading,Part5,Part7",n./v.
commercial,/kəˈmɝʃəɫ/,商業廣告,The company invested heavily in commercial advertising to boost sales.,公司投入大量資金進行商業廣告投放，以提升銷售額。,toeic_advanced,3,Finance,Investment,"TOEIC,Reading,Part5,Part7",adj./n.
community,/kəmˈjunəti/,社群,Our company is committed to supporting the local community through various charitable initiatives.,我們公司致力於透過各種慈善活動來支持當地社群。,toeic_advanced,3,Technical,ITSupport,"TOEIC,Reading,Part5,Part7",n.
companies,/ˈkəmpəˌniz/,企業,Several companies are competing for the contract to build the new airport.,多家公司正在爭奪建造新機場的合約。,toeic_advanced,3,Legal,Contracts,"TOEIC,Reading,Part5,Part7",n.
compared,/kəmˈpɛɹd/,比較,The marketing team compared the sales figures from Q1 and Q2 to identify trends.,行銷團隊將第一季和第二季的銷售數據進行比較，以找出趨勢。,toeic_advanced,3,Marketing,Sales,"TOEIC,Reading,Part5,Part7",v./adj.
complaints,/kəmˈpɫeɪnts/,投訴,We received several complaints regarding the delayed shipment.,我們收到了一些關於延遲出貨的投訴。,toeic_advanced,3,Logistics,Transit,"TOEIC,Reading,Part5,Part7",n.
completed,/kəmˈpɫitəd/,完成,The project was completed ahead of schedule and under budget.,這個專案已超前進度且低於預算完成。,toeic_advanced,3,Finance,Investment,"TOEIC,Reading,Part5,Part7",adj./v.
completely,/kəmˈpɫitɫi/,完全地,The report needs to be reviewed completely before it's submitted to the board.,在提交給董事會之前，報告需要完全審閱。,toeic_advanced,3,CorporateGovernance,BoardOfDirectors,"TOEIC,Reading,Part5,Part7",adv.
completing,/kəmˈpɫitɪŋ/,完成,Please ensure all expense reports are completing by the end of the month.,請確保所有費用報表在月底前完成。,toeic_advanced,3,Corporate,DailyWork,"TOEIC,Reading,Part5,Part7",v.
computer,/kəmˈpjutɝ/,電腦，用於資料處理，儲存和傳輸的電子設備,All employees are required to submit their monthly reports via computer by the end of the week.,所有員工需要在本週結束前透過電腦提交他們的月度報告。,toeic_advanced,3,Manufacturing,Production,"TOEIC,Reading,Part5,Part7",n.
computers,/kəmˈpjutɝz/,電腦,The IT department is responsible for maintaining all company computers.,資訊部門負責維護公司所有的電腦。,toeic_advanced,3,Technical,ITSupport,"TOEIC,Reading,Part5,Part7",n.
concerns,/kənˈsɝnz/,顧慮,The manager expressed concerns about the project's budget overruns.,經理對專案的預算超支表示擔憂。,toeic_advanced,3,Finance,Investment,"TOEIC,Reading,Part5,Part7",n./v.
conditions,/kənˈdɪʃənz/,條件,The contract is contingent on satisfactory market conditions.,合約的簽訂取決於市場狀況是否良好。,toeic_advanced,3,Manufacturing,Production,"TOEIC,Reading,Part5,Part7",n.
confirmed,/kənˈfɝmd/,確認,The airline has confirmed our flight reservation.,航空公司已確認我們的航班預訂。,toeic_advanced,3,Travel,Transit,"TOEIC,Reading,Part5,Part7",v./adj.
confused,/kənˈfjuzd/,困惑,I'm a little confused by the new reporting system; could you provide some clarification?,我對新的報告系統有點困惑，您能提供一些說明嗎？,toeic_advanced,3,Technical,ITSupport,"TOEIC,Reading,Part5,Part7",adj./v.
connected,/kəˈnɛktɪd/,連接的,The company's network is connected to the main server for data backup.,公司的網路已連接到主伺服器以備資料備份。,toeic_advanced,3,Technical,ITSupport,"TOEIC,Reading,Part5,Part7",adj.
consumers,/kənˈsumɝz/,消費者,The company is conducting market research to better understand the needs of its consumers.,該公司正在進行市場調查，以更好地了解其消費者的需求。,toeic_advanced,3,Marketing,Sales,"TOEIC,Reading,Part5,Part7",n.
contacted,/ˈkɑnˌtæktɪd/,聯絡,The sales team contacted several potential clients to discuss the new product.,銷售團隊聯絡了幾位潛在客戶，以討論新產品。,toeic_advanced,3,Marketing,Sales,"TOEIC,Reading,Part5,Part7",v.
contacting,/ˈkɑnˌtæktɪŋ/,聯絡,Please contact our sales department for further information regarding our products.,若需進一步了解我們的產品，請聯繫我們的銷售部門。,toeic_advanced,3,Marketing,Sales,"TOEIC,Reading,Part5,Part7",v.
contains,/kənˈteɪnz/,包含,The contract contains several clauses regarding intellectual property rights.,這份合約包含關於智慧財產權的幾個條款。,toeic_advanced,3,Legal,Contracts,"TOEIC,Reading,Part5,Part7",v.
continues,/kənˈtɪnjuz/,持續進行,The project continues to face delays due to unforeseen circumstances.,由於一些不可預見的情況，專案持續延遲。,toeic_advanced,3,Corporate,DailyWork,"TOEIC,Reading,Part5,Part7",v.
contracts,/ˈkɑnˌtɹækts/,合約,The legal department is reviewing the new supply contracts to ensure favorable terms.,法律部門正在審查新的供應合約，以確保有利的條款。,toeic_advanced,3,Legal,Contracts,"TOEIC,Reading,Part5,Part7",n.
convenient,/kənˈvinjənt/,方便的,The company chose a location near the subway station for its convenience.,公司選擇靠近捷運站的位置，因為那裡非常方便。,toeic_advanced,3,Technical,ITSupport,"TOEIC,Reading,Part5,Part7",adj.
correctly,/kɝˈɛktɫi/,正確地,Please double-check the figures to ensure they are entered correctly into the spreadsheet.,請仔細核對數字，確保它們正確地輸入到試算表裡。,toeic_advanced,3,Corporate,DailyWork,"TOEIC,Reading,Part5,Part7",adv.
countries,/ˈkəntɹiz/,指具有獨立主權，政府與領土的國家,Our company plans to launch the new product in three countries by the end of Q3.,我們公司計畫在第三季結束前於三個國家推出新產品。,toeic_advanced,3,Marketing,Sales,"TOEIC,Reading,Part5,Part7",n.
coworker,/ˈkoʊˈwɝkɝ/,同事,I need to collaborate with my coworker on this project to meet the deadline.,為了趕上截止日期，我需要與我的同事合作完成這個專案。,toeic_advanced,3,Technical,ITSupport,"TOEIC,Reading,Part5,Part7",n.
coworkers,/ˈkoʊˈwɝkɝz/,同事,I need to coordinate with my coworkers to finalize the project proposal.,我需要與同事協調以完成專案提案。,toeic_advanced,3,Travel,Hospitality,"TOEIC,Reading,Part5,Part7",n.
creating,/kɹiˈeɪtɪŋ/,創造，製作，生成,The marketing team is currently creating a new advertising campaign.,行銷團隊目前正在創建一個新的廣告活動。,toeic_advanced,3,Marketing,Advertising,"TOEIC,Reading,Part5,Part7",v./adj.
currently,/ˈkɝəntɫi/,目前,"Currently, we are experiencing a high volume of orders, which may cause slight delays in shipping.",目前，我們正在經歷大量的訂單，這可能會導致運輸略有延遲。,toeic_advanced,3,Corporate,DailyWork,"TOEIC,Reading,Part5,Part7",adv.
customer,/ˈkəstəmɝ/,顧客,Our priority is to provide excellent service to every customer.,我們的首要任務是為每一位顧客提供卓越的服務。,toeic_advanced,3,Technical,ITSupport,"TOEIC,Reading,Part5,Part7",n.
customers,/ˈkəstəmɝz/,顧客,Our priority is to provide excellent service to our customers.,我們優先考慮為我們的顧客提供優質的服務。,toeic_advanced,3,Technical,ITSupport,"TOEIC,Reading,Part5,Part7",n.
dangerous,/ˈdeɪndʒɝəs/,危險的,The company halted operations due to the dangerous working conditions.,由於工作環境危險，公司暫停了營運。,toeic_advanced,3,Technical,ITSupport,"TOEIC,Reading,Part5,Part7",adj.
daughter,/ˈdɔtɝ/,女兒,Their daughter is studying abroad this year.,他們的女兒今年正在國外唸書。,toeic_advanced,3,Corporate,GeneralBusiness,"TOEIC,Reading,Part5,Part7",n.
deadlines,/ˈdɛdˌɫaɪnz/,截止日期,We need to submit the project proposal before the deadline.,我們需要在截止日期前提交專案提案。,toeic_advanced,3,Technical,ITSupport,"TOEIC,Reading,Part5,Part7",n.
december,/dɪˈsɛmbɝ/,十二月，一年中的最後一個月。,The annual budget review will take place in December.,年度預算審查將在十二月舉行。,toeic_advanced,3,Finance,Investment,"TOEIC,Reading,Part5,Part7",n.
decisions,/dɪˈsɪʒənz/,決策,The management team needs to make crucial decisions regarding the company's future strategy.,管理團隊需要就公司未來的策略做出關鍵決策。,toeic_advanced,3,Travel,Hospitality,"TOEIC,Reading,Part5,Part7",n.
definitely,/ˈdɛfənətɫi/,絕對地,We will definitely meet the deadline for this project.,我們絕對會在這次專案的期限內完成。,toeic_advanced,3,Technical,ITSupport,"TOEIC,Reading,Part5,Part7",adv.
delivered,/dɪˈɫɪvɝd/,送達,The courier company delivered the package to our office this morning.,這間快遞公司今天早上將包裹送達了我們的辦公室。,toeic_advanced,3,Logistics,Transit,"TOEIC,Reading,Part5,Part7",v.
deliveries,/dɪˈɫɪvɝiz/,交付,We expect a significant increase in deliveries during the holiday season.,我們預期在節假日期間會有大量的送貨量增加。,toeic_advanced,3,Logistics,Transit,"TOEIC,Reading,Part5,Part7",n.
delivering,/dɪˈɫɪvɝɪŋ/,遞送,The courier company is delivering packages to all destinations on time.,這家快遞公司準時將包裹遞送到所有目的地。,toeic_advanced,3,Logistics,Transit,"TOEIC,Reading,Part5,Part7",v.
delivers,/dɪˈɫɪvɝz/,交付,The courier company delivers packages promptly and efficiently.,這家快遞公司迅速且有效地交付包裹。,toeic_advanced,3,Logistics,Transit,"TOEIC,Reading,Part5,Part7",v.
delivery,/dɪˈɫɪvɝi/,交付,The company offers free delivery for orders over $50.,本公司為訂單金額超過 50 美元的訂單提供免費送貨服務。,toeic_advanced,3,Logistics,Transit,"TOEIC,Reading,Part5,Part7",n./v.
depending,/dɪˈpɛndɪŋ/,取決於,The project timeline is depending on the availability of resources.,專案時間表取決於資源的可用性。,toeic_advanced,3,Travel,Hospitality,"TOEIC,Reading,Part5,Part7",preposition/adv.
described,/dɪsˈkɹaɪbd/,描述,The report described the company's financial performance in detail.,這份報告詳細描述了公司的財務表現。,toeic_advanced,3,Finance,Investment,"TOEIC,Reading,Part5,Part7",v.
describes,/dɪsˈkɹaɪbz/,描述,The report describes the company's financial performance in detail.,這份報告詳細描述了公司的財務表現。,toeic_advanced,3,Finance,Investment,"TOEIC,Reading,Part5,Part7",v.
describing,/dɪsˈkɹaɪbɪŋ/,描述,The report meticulously describes the company's financial performance over the past quarter.,這份報告詳細描述了公司在上個季度內的財務表現。,toeic_advanced,3,Finance,Investment,"TOEIC,Reading,Part5,Part7",v./adj.
designed,/dɪˈzaɪnd/,設計，規劃,The marketing team designed a new campaign to increase brand awareness.,行銷團隊設計了一個新的活動來提高品牌知名度。,toeic_advanced,3,Marketing,Advertising,"TOEIC,Reading,Part5,Part7",v./adj.
detailed,/dɪˈteɪɫd/,詳盡的,The project proposal needs to include a detailed budget breakdown.,專案建議書需要包含詳細的預算明細。,toeic_advanced,3,Finance,Investment,"TOEIC,Reading,Part5,Part7",adj.
developed,/dɪˈvɛɫəpt/,發展，開發，建立,Our company has developed a new software to streamline the accounting process.,我們公司已開發出一套新軟體，以簡化會計流程。,toeic_advanced,3,Finance,Investment,"TOEIC,Reading,Part5,Part7",v./adj.
dictionary,/ˈdɪkʃəˌnɛɹi/,字典,I always keep a dictionary on my desk for quick reference.,我總是在書桌上放一本字典以供快速查閱。,toeic_advanced,3,Corporate,DailyWork,"TOEIC,Reading,Part5,Part7",n.
different,/ˈdɪfɝənt/,不同的; 相異的; 各異的,We have different opinions on this matter.,我們對這件事有不同的看法。,toeic_advanced,3,Corporate,GeneralBusiness,"TOEIC,Reading,Part5,Part7",adj.
difficult,/ˈdɪfəkəɫt/,困難的,The project timeline is quite difficult to meet given the current resource constraints.,考慮到目前的資源限制，這個專案的時間表相當難以達成。,toeic_advanced,3,Technical,ITSupport,"TOEIC,Reading,Part5,Part7",adj.
difficulty,/ˈdɪfəkəɫti/,困難,The company is facing difficulties in securing new contracts due to the economic downturn.,由於經濟衰退，該公司在簽訂新合約方面面臨困難。,toeic_advanced,3,Legal,Contracts,"TOEIC,Reading,Part5,Part7",n./adj.
directly,/daɪˈɹɛkɫi/,直接地,The manager asked her to address the issue directly with the team.,經理請她直接與團隊討論這個問題。,toeic_advanced,3,Technical,ITSupport,"TOEIC,Reading,Part5,Part7",adv.
director,/daɪˈɹɛktɝ/,負責制定公司政策，監督部門運作並指導員工執行計畫的高階管理人員,The marketing director presented the new campaign strategy at the quarterly meeting.,行銷總監在季會上提出了新的行銷策略。,toeic_advanced,3,CorporateGovernance,CorporateStrategy,"TOEIC,Reading,Part5,Part7",n.
directors,/daɪˈɹɛktɝz/,董事,The board of directors approved the new marketing strategy.,董事會批准了新的行銷策略。,toeic_advanced,3,CorporateGovernance,BoardOfDirectors,"TOEIC,Reading,Part5,Part7",n.
disagree,/dɪsəˈɡɹi/,不同意,"I understand your perspective, but I have to disagree with your proposed solution.",我了解你的觀點，但我必須不同意你提出的解決方案。,toeic_advanced,3,Technical,ITSupport,"TOEIC,Reading,Part5,Part7",v.
disappear,/ˌdɪsəˈpiɹ/,消失,The company's profits disappeared after the new competitor entered the market.,隨著新競爭對手的進入，該公司的利潤消失了。,toeic_advanced,3,Finance,Investment,"TOEIC,Reading,Part5,Part7",v.
discounted,/ˈdɪsˌkaʊnɪd/,以折扣價出售或提供的,The company is offering a discounted rate for bulk orders.,公司為批量訂單提供折扣價格。,toeic_advanced,3,Marketing,Sales,"TOEIC,Reading,Part5,Part7",adj.
discounts,/ˈdɪsˌkaʊnts/,折扣,The company offers a 10% discount on bulk orders.,公司對大宗訂單提供 10% 的折扣。,toeic_advanced,3,Marketing,Sales,"TOEIC,Reading,Part5,Part7",n./v.
discover,/dɪˈskəvɝ/,發現,Our research team is working to discover new markets for our product.,我們的研究團隊正在努力發現我們產品的新市場。,toeic_advanced,3,Marketing,Sales,"TOEIC,Reading,Part5,Part7",v.
discussed,/dɪˈskəst/,討論,The management team discussed the proposed budget cuts during the meeting.,管理團隊在會議中討論了預算削減的提議。,toeic_advanced,3,Finance,Investment,"TOEIC,Reading,Part5,Part7",v.
discussing,/dɪˈskəsɪŋ/,討論,The management team is discussing the proposed budget cuts.,管理團隊正在討論預算削減的提案。,toeic_advanced,3,Finance,Investment,"TOEIC,Reading,Part5,Part7",v.
displayed,/dɪsˈpɫeɪd/,展示,The company displayed its latest products at the international trade fair.,該公司在國際貿易展覽會上展示了其最新產品。,toeic_advanced,3,Technical,ITSupport,"TOEIC,Reading,Part5,Part7",v.
displays,/dɪsˈpɫeɪz/,展示,The conference room's large screen displays the presentation slides clearly.,會議室的大螢幕清楚地顯示簡報的投影片。,toeic_advanced,3,Technical,ITSupport,"TOEIC,Reading,Part5,Part7",v.
documents,/ˈdɑkjəmənts/,文件,Please submit all required documents by the deadline.,請在截止日期前提交所有必要的文件。,toeic_advanced,3,Technical,ITSupport,"TOEIC,Reading,Part5,Part7",n.
dollar,/ˈdɑɫɝ/,美元，一種貨幣單位，通常指美國貨幣。,The contract is valued at five million dollars.,這份合約的價值為五百萬美元。,toeic_advanced,3,Legal,Contracts,"TOEIC,Reading,Part5,Part7",n.
dollars,/ˈdɑɫɝz/,美元,The contract stipulates payment in US dollars.,合約規定以美元付款。,toeic_advanced,3,Legal,Contracts,"TOEIC,Reading,Part5,Part7",n.
download,/ˈdaʊnˌɫoʊd/,下載,Please download the presentation slides from the company website before the meeting.,請在會議前從公司網站下載簡報投影片。,toeic_advanced,3,Technical,ITSupport,"TOEIC,Reading,Part5,Part7",v.
downloaded,/ˈdaʊnˌɫoʊdɪd/,下載,The IT department downloaded the latest security patches to protect the company network.,資訊部門下載了最新的安全補丁以保護公司網路。,toeic_advanced,3,Technical,ITSupport,"TOEIC,Reading,Part5,Part7",v.
downstairs,/ˈdaʊnˈstɛɹz/,在樓下,Could you please go downstairs and check if the package has arrived?,你能下樓看看包裹到了沒嗎？,toeic_advanced,3,Corporate,DailyWork,"TOEIC,Reading,Part5,Part7",adv./adj.
downtown,/ˈdaʊnˈtaʊn/,市中心區域，通常指商業，辦公和購物活動的主要集中地。,"The company's headquarters are located downtown, making it convenient for employees to access public transportation.",公司的總部位於市中心，方便員工使用公共交通。,toeic_advanced,3,HumanResources,Compensation,"TOEIC,Reading,Part5,Part7",n.
economy,/iˈkɑnəmi/,經濟,The company is monitoring the global economy to adjust its investment strategy.,公司正在監測全球經濟，以調整其投資策略。,toeic_advanced,3,Finance,Investment,"TOEIC,Reading,Part5,Part7",n.
effective,/ˈifɛktɪv/,有效的,The new marketing strategy proved to be highly effective in increasing sales.,新的行銷策略在提高銷售額方面被證明非常有效。,toeic_advanced,3,Marketing,Sales,"TOEIC,Reading,Part5,Part7",adj.
efficient,/ɪˈfɪʃənt/,有效率的,Our new software is designed to streamline the workflow and make the team more efficient.,我們的全新軟體旨在簡化工作流程，使團隊更有效率。,toeic_advanced,3,Technical,ITSupport,"TOEIC,Reading,Part5,Part7",adj.
eighteen,/ˈeɪˈtin/,十八,The project is scheduled to be completed in eighteen months.,這個專案預計會在十八個月內完成。,toeic_advanced,3,Corporate,DailyWork,"TOEIC,Reading,Part5,Part7",adj./n.
electronic,/ˌɪˌɫɛkˈtɹɑnɪk/,與電力或電路相關的,The company is transitioning to electronic billing to reduce paper waste.,公司正在轉向電子帳單，以減少紙張浪費。,toeic_advanced,3,Logistics,Transit,"TOEIC,Reading,Part5,Part7",adj.
elevator,/ˈɛɫəˌveɪtɝ/,電梯,The elevator is out of service for maintenance; please use the stairs.,電梯正在維修，請使用樓梯。,toeic_advanced,3,Manufacturing,Production,"TOEIC,Reading,Part5,Part7",n.
elevators,/ˈɛɫəˌveɪtɝz/,電梯,The office building has several high-speed elevators to accommodate a large number of employees.,這棟辦公大樓有多部高速電梯，以容納大量的員工。,toeic_advanced,3,HumanResources,Compensation,"TOEIC,Reading,Part5,Part7",n.
employee,/ɛmˈpɫɔɪi/,受僱者,The company is looking for qualified employees to fill the vacant positions.,公司正在尋找合格的員工來填補空缺職位。,toeic_advanced,3,HumanResources,Compensation,"TOEIC,Reading,Part5,Part7",n.
employees,/ɛmˈpɫɔɪiz/,員工,The company is looking for ways to improve employee morale and productivity.,公司正在尋找提升員工士氣和生產力的辦法。,toeic_advanced,3,Manufacturing,Production,"TOEIC,Reading,Part5,Part7",n.
employer,/ɛmˈpɫɔɪɝ/,雇主,The employer announced a new health insurance plan for all staff.,雇主為全體員工宣布了一項新的健康保險計畫。,toeic_advanced,3,HumanResources,Compensation,"TOEIC,Reading,Part5,Part7",n.
enclosed,/ɛnˈkɫoʊzd/,包含在內,Please find the invoice and warranty information enclosed with this shipment.,請在本次貨運中找到隨附的發票和保固資訊。,toeic_advanced,3,Logistics,Transit,"TOEIC,Reading,Part5,Part7",adj.
encourages,/ɛnˈkɝɪdʒɪz/,鼓勵,The company encourages employees to participate in professional development workshops.,公司鼓勵員工參加專業發展工作坊。,toeic_advanced,3,HumanResources,Compensation,"TOEIC,Reading,Part5,Part7",v.
engineer,/ˈɛndʒəˈnɪɹ/,工程師,Our team of engineers is working on a new software solution to improve efficiency.,我們團隊的工程師正在開發新的軟體解決方案以提高效率。,toeic_advanced,3,Technical,ITSupport,"TOEIC,Reading,Part5,Part7",n./v.
enjoying,/ˌɛnˈdʒɔɪɪŋ/,享受,The team is enjoying the increased flexibility of working remotely.,團隊很享受遠端工作的彈性。,toeic_advanced,3,Technical,ITSupport,"TOEIC,Reading,Part5,Part7",v.
ensuring,/ɛnˈʃʊɹɪŋ/,確保,The quality control department is ensuring that all products meet safety standards.,品質控制部門正在確保所有產品都符合安全標準。,toeic_advanced,3,Technical,ITSupport,"TOEIC,Reading,Part5,Part7",v.
entering,/ˈɛnɝɪŋ/,進入,The new employee is entering the office for the first time today.,這位新員工今天第一次進入辦公室。,toeic_advanced,3,HumanResources,Compensation,"TOEIC,Reading,Part5,Part7",v.
especially,/əˈspɛʃəɫi/,尤其,"The project deadline is approaching, especially for the marketing team.",專案截止日期即將到來，尤其對行銷團隊來說。,toeic_advanced,3,Marketing,Sales,"TOEIC,Reading,Part5,Part7",adv.
essential,/ɛˈsɛnʃəɫ/,必不可少的,Having a reliable internet connection is essential for remote workers.,對於遠端工作者來說，擁有可靠的網路連線至關重要。,toeic_advanced,3,Corporate,DailyWork,"TOEIC,Reading,Part5,Part7",adj.
eventually,/iˈvɛnʃəɫi/,最終地,"The project faced several delays, but we eventually completed it on time.",這個專案面臨了幾次延遲，但我們最終還是按時完成了它。,toeic_advanced,3,Technical,ITSupport,"TOEIC,Reading,Part5,Part7",adv.
everybody,/ˈɛvɹiˌbɑdi/,每個人,Everybody is required to attend the mandatory safety training session.,每個人都必須參加強制性的安全培訓課程。,toeic_advanced,3,Corporate,Communication,"TOEIC,Reading,Part5,Part7",pronoun
everyday,/ˈɛvɹiˈdeɪ/,日常的,The manager asked the team to prioritize these tasks for their everyday workflow.,經理要求團隊將這些任務列入優先考量，以用於他們日常的工作流程。,toeic_advanced,3,Technical,ITSupport,"TOEIC,Reading,Part5,Part7",adj./adv.
everyone,/ˈɛvɹiˌwən/,每個人,Everyone is expected to attend the mandatory training session.,每個人都預計參加強制性培訓課程。,toeic_advanced,3,Corporate,DailyWork,"TOEIC,Reading,Part5,Part7",pronoun
everything,/ˈɛvɹiˌθɪŋ/,所有事物,Please double-check everything before submitting the report.,請在提交報告前仔細檢查所有內容。,toeic_advanced,3,Technical,ITSupport,"TOEIC,Reading,Part5,Part7",pronoun
everywhere,/ˈɛvɹiˌwɛɹ/,無處不在,The company's logo is displayed everywhere in the office building.,公司的標誌在辦公大樓的各處都可見。,toeic_advanced,3,Travel,Hospitality,"TOEIC,Reading,Part5,Part7",adv.
examples,/ɪɡˈzæmpəɫz/,範例,Could you provide some examples of successful marketing campaigns?,您能提供一些成功的行銷活動範例嗎？,toeic_advanced,3,Marketing,Advertising,"TOEIC,Reading,Part5,Part7",n.
excellent,/ˈɛksəɫənt/,極佳的,"The presentation was excellent, and the client expressed great interest in our proposal.",簡報非常精彩，客戶對我們的提案表達了濃厚的興趣。,toeic_advanced,3,Finance,Investment,"TOEIC,Reading,Part5,Part7",adj.
exciting,/ɪkˈsaɪtɪŋ/,令人興奮的,The new marketing campaign is expected to be very exciting for our target audience.,我們預期新的行銷活動將會對目標受眾非常吸引人。,toeic_advanced,3,Marketing,Advertising,"TOEIC,Reading,Part5,Part7",adj.
executive,/ɪɡˈzɛkjətɪv/,高階主管,The executive team is responsible for the company's overall strategy and performance.,執行團隊負責公司的整體策略和績效。,toeic_advanced,3,CorporateGovernance,CorporateStrategy,"TOEIC,Reading,Part5,Part7",n.
exercise,/ˈɛksɝˌsaɪz/,鍛鍊,The manager asked the team to exercise caution when handling sensitive data.,經理要求團隊在處理敏感數據時要謹慎行事。,toeic_advanced,3,Technical,ITSupport,"TOEIC,Reading,Part5,Part7",n./v.
expected,/ɪkˈspɛktəd/,預期的,The project is expected to be completed by the end of next month.,預計專案將在下個月底完成。,toeic_advanced,3,Corporate,DailyWork,"TOEIC,Reading,Part5,Part7",adj.
expecting,/ɪkˈspɛktɪŋ/,預期，期望,We are expecting a significant increase in sales this quarter.,我們預計本季的銷售額將會大幅增加。,toeic_advanced,3,Marketing,Sales,"TOEIC,Reading,Part5,Part7",v.
expensive,/ɪkˈspɛnsɪv/,昂貴的,"The imported machinery is quite expensive, so we need to carefully consider the budget.",這批進口機器相當昂貴，我們需要仔細考慮預算。,toeic_advanced,3,Manufacturing,Production,"TOEIC,Reading,Part5,Part7",adj.
explains,/ɪksˈpɫeɪnz/,解釋,The consultant explains the new policy to the team members.,顧問向團隊成員解釋了新的政策。,toeic_advanced,3,Corporate,Communication,"TOEIC,Reading,Part5,Part7",v.
facilities,/fəˈsɪɫətiz/,設施,"The new office facilities include a conference room, high-speed internet, and a cafeteria.",新辦公室的設施包括會議室、高速網路與自助餐廳。,toeic_advanced,3,Technical,ITSupport,"TOEIC,Reading,Part5,Part7",n.
factories,/ˈfæktɝiz/,工廠,The company is investing heavily in automation to improve efficiency in its factories.,該公司正在大量投資自動化，以提高其工廠的效率。,toeic_advanced,3,Manufacturing,Production,"TOEIC,Reading,Part5,Part7",n.
familiar,/fəˈmɪɫjɝ/,熟悉的,The new employee should become familiar with the company's policies and procedures.,這位新員工應該熟悉公司的政策和流程。,toeic_advanced,3,HumanResources,Compensation,"TOEIC,Reading,Part5,Part7",adj.
families,/ˈfæməɫiz/,家庭,The company offers generous parental leave benefits to support employees and their families.,公司提供慷慨的育嬰假福利，以支持員工及其家庭。,toeic_advanced,3,HumanResources,Compensation,"TOEIC,Reading,Part5,Part7",n.
favorite,/ˈfeɪvɝɪt/,最喜愛的,"What is your favorite product line, and why?",您最喜歡的產品線是什麼？為什麼？,toeic_advanced,3,Technical,ITSupport,"TOEIC,Reading,Part5,Part7",adj.
features,/ˈfitʃɝz/,特點，特色,The new software boasts several key features designed to improve productivity.,這款新軟體擁有幾個關鍵特色，旨在提高生產力。,toeic_advanced,3,Manufacturing,Production,"TOEIC,Reading,Part5,Part7",n./v.
february,/ˈfɛbjəˌwɛɹi/,二月，農曆二月,The annual sales conference is scheduled for February next year.,年度銷售會議預計在明年二月舉行。,toeic_advanced,3,Marketing,Sales,"TOEIC,Reading,Part5,Part7",n.
figure,/ˈfɪɡjɝ/,表示數量，統計資料或圖表的數字,The sales figures for Q3 exceeded our expectations.,第三季的銷售數字超出我們的預期。,toeic_advanced,3,Marketing,Sales,"TOEIC,Reading,Part5,Part7",n./v.
figures,/ˈfɪɡjɝz/,數據，數字，統計資料,The company's sales figures for the last quarter were significantly higher than expected.,公司上季的銷售數據遠高於預期。,toeic_advanced,3,Marketing,Sales,"TOEIC,Reading,Part5,Part7",n.
finished,/ˈfɪnɪʃt/,完成,The project is finished ahead of schedule and under budget.,這個專案已超前進度且低於預算完成。,toeic_advanced,3,Finance,Investment,"TOEIC,Reading,Part5,Part7",adj./v.
finishes,/ˈfɪnɪʃɪz/,完成,The project team needs to finish the report by Friday.,專案團隊需要在星期五前完成報告。,toeic_advanced,3,Corporate,DailyWork,"TOEIC,Reading,Part5,Part7",v.
followed,/ˈfɑɫoʊd/,跟隨,The project manager closely followed the progress report to ensure timely completion.,專案經理密切關注進度報告，以確保按時完成。,toeic_advanced,3,Corporate,DailyWork,"TOEIC,Reading,Part5,Part7",v.
following,/ˈfɑɫoʊɪŋ/,接著,Please find the following documents attached to this email.,請參閱本郵件附件中的以下文件。,toeic_advanced,3,Corporate,DailyWork,"TOEIC,Reading,Part5,Part7",adj./adv.
frequent,/ˈfɹiˌkwɛnt/,頻繁的,The manager holds frequent meetings with the sales team to discuss progress.,經理經常與銷售團隊開會討論進度。,toeic_advanced,3,Marketing,Sales,"TOEIC,Reading,Part5,Part7",adj./adv.
frequently,/ˈfɹikwəntɫi/,頻繁地,The manager requests that all reports be submitted frequently to monitor project progress.,經理要求所有報告頻繁地提交，以監控專案進度。,toeic_advanced,3,Technical,ITSupport,"TOEIC,Reading,Part5,Part7",adv.
friendly,/ˈfɹɛndɫi/,友善的,"The receptionist was very friendly and welcoming, making a good first impression.",接待員非常友善和熱情，給了良好的第一印象。,toeic_advanced,3,Corporate,Communication,"TOEIC,Reading,Part5,Part7",adj.
furniture,/ˈfɝnɪtʃɝ/,傢俱,The company is furnishing the new office with modern furniture.,公司正在用現代傢俱裝飾新辦公室。,toeic_advanced,3,Technical,ITSupport,"TOEIC,Reading,Part5,Part7",n.
generally,/ˈdʒɛnɝəɫi/,通常,"Generally, the project is on schedule and within budget.",通常情況下，專案進度良好且在預算內。,toeic_advanced,3,Finance,Investment,"TOEIC,Reading,Part5,Part7",adv.
gentleman,/ˈdʒɛnəɫmən/,紳士,"He is a true gentleman, always opening doors for ladies.",他是一位真正的紳士，總是為女士們開門。,toeic_advanced,3,Corporate,Communication,"TOEIC,Reading,Part5,Part7",n.
gentlemen,/ˈdʒɛnəɫmɪn/,先生們,The CEO addressed the gentlemen in the conference room with a brief update on the company's performance.,執行長在會議室向各位先生們簡報了公司業績的最新情況。,toeic_advanced,3,Technical,ITSupport,"TOEIC,Reading,Part5,Part7",n.
greatest,/ˈɡɹeɪtəst/,最偉大的,Our company strives to provide the greatest customer satisfaction in the industry.,我們公司致力於在業界提供最佳的客戶滿意度。,toeic_advanced,3,Marketing,Sales,"TOEIC,Reading,Part5,Part7",adj.
greeting,/ˈɡɹitɪŋ/,問候,The department implemented innovative greeting procedures to improve operational efficiency.,部門實施創新的greeting程序以提高營運效率。,toeic_advanced,3,Corporate,GeneralBusiness,"TOEIC,Reading,Part5,Part7",adj.
guaranteed,/ˌɡɛɹənˈtid/,保證,The company guarantees a 100% satisfaction rate for all its products.,公司保證其所有產品的 100% 客戶滿意度。,toeic_advanced,3,Technical,ITSupport,"TOEIC,Reading,Part5,Part7",adj./v.
happened,/ˈhæpənd/,發生,"A technical glitch happened during the online presentation, causing a brief interruption.",線上簡報發生了技術故障，導致簡短的中斷。,toeic_advanced,3,Technical,ITSupport,"TOEIC,Reading,Part5,Part7",v.
happiness,/ˈhæpinəs/,幸福感,The company aims to create a work environment that fosters employee happiness and productivity.,公司旨在創造一個能促進員工幸福感和生產力的工作環境。,toeic_advanced,3,Manufacturing,Production,"TOEIC,Reading,Part5,Part7",n.
headphones,/ˈhɛdˌfoʊnz/,耳機，通常指戴在耳朵上的聲音輸出設備，用於個人聆聽。,The IT department will provide each employee with noise-canceling headphones to improve concentration.,資訊部門將為每位員工提供降噪耳機，以提高專注力。,toeic_advanced,3,Manufacturing,Production,"TOEIC,Reading,Part5,Part7",n.
hesitate,/ˈhɛzəˌteɪt/,猶豫,The manager hesitated to approve the budget increase due to the uncertain market conditions.,由於市場狀況不確定，經理猶豫是否批准預算增加。,toeic_advanced,3,Finance,Investment,"TOEIC,Reading,Part5,Part7",v.
holidays,/ˈhɑɫəˌdeɪz/,節假日，假期,The company will be closed for the holidays from December 24th to January 1st.,公司將於 12 月 24 日至 1 月 1 日期間休假，以慶祝節假日。,toeic_advanced,3,Corporate,DailyWork,"TOEIC,Reading,Part5,Part7",n.
homework,/ˈhoʊmˌwɝk/,課外作業,I need to complete my homework before tomorrow's class.,我需要在明天上課前完成我的家庭作業。,toeic_advanced,3,Corporate,GeneralBusiness,"TOEIC,Reading,Part5,Part7",n.
honestly,/ˈɑnəsɫi/,誠實地,"To maintain a good working relationship, it's important to address concerns honestly.",為了維持良好的工作關係，重要的是誠實地處理顧慮。,toeic_advanced,3,Technical,ITSupport,"TOEIC,Reading,Part5,Part7",adv.
hospital,/ˈhɑˌspɪtəɫ/,醫院,The company's health insurance plan covers hospitalization and outpatient care.,公司的健康保險計畫涵蓋住院和門診治療。,toeic_advanced,3,Technical,ITSupport,"TOEIC,Reading,Part5,Part7",n.
hospitals,/ˈhɑˌspɪtəɫz/,醫院,The company's health insurance plan covers medical expenses at major hospitals.,公司的健康保險計畫涵蓋主要醫院的醫療費用。,toeic_advanced,3,Technical,ITSupport,"TOEIC,Reading,Part5,Part7",n.
hundreds,/ˈhəndɝdz/,大量的,The company employs hundreds of people across its various departments.,該公司在各部門僱用了數百名員工。,toeic_advanced,3,HumanResources,Compensation,"TOEIC,Reading,Part5,Part7",adj./n.
important,/ˌɪmˈpɔɹtənt/,重要的,It's important to review the contract carefully before signing.,簽署合約前仔細審閱非常重要。,toeic_advanced,3,Legal,Contracts,"TOEIC,Reading,Part5,Part7",adj.
improved,/ˌɪmˈpɹuvd/,改善,The company's profits have improved significantly since the implementation of the new marketing strategy.,自從實施新的行銷策略後，公司的利潤已顯著提升。,toeic_advanced,3,Finance,Investment,"TOEIC,Reading,Part5,Part7",adj./v.
improves,/ˌɪmˈpɹuvz/,提升，改良，使進步,The new software updates significantly improve the system's performance.,新的軟體更新顯著提升了系統的效能。,toeic_advanced,3,Technical,ITSupport,"TOEIC,Reading,Part5,Part7",v.
improving,/ˌɪmˈpɹuvɪŋ/,提升，改良，進步,The company is investing in employee training to improve productivity.,公司正在投資員工培訓，以提高生產力。,toeic_advanced,3,Manufacturing,Production,"TOEIC,Reading,Part5,Part7",v./adj.
included,/ˌɪnˈkɫudəd/,包含在內,The conference fee includes access to all sessions and workshops.,會議費用包含所有會議和工作坊的入場權。,toeic_advanced,3,Corporate,DailyWork,"TOEIC,Reading,Part5,Part7",v./adj.
includes,/ˌɪnˈkɫudz/,包含,The project budget includes travel expenses and accommodation costs.,專案預算包含差旅費用和住宿費用。,toeic_advanced,3,Finance,Investment,"TOEIC,Reading,Part5,Part7",v.
including,/ˌɪnˈkɫudɪŋ/,包含，涵蓋，例如：價格，項目，條件等。,The price includes shipping and handling charges.,這價格包含運費和處理費。,toeic_advanced,3,Travel,Hospitality,"TOEIC,Reading,Part5,Part7",preposition/adj.
income,/ˈɪnˌkəm/,收入,The company's quarterly income increased by 8% compared to last year.,公司本季的收入較去年同期增長了 8%。,toeic_advanced,3,Finance,Accounting,"TOEIC,Reading,Part5,Part7",n.
incorrect,/ˌɪnkɝˈɛkt/,不正確的,"The report contained several incorrect figures, which needed to be revised immediately.",報告包含幾個不正確的數字，需要立即修改。,toeic_advanced,3,Corporate,DailyWork,"TOEIC,Reading,Part5,Part7",adj.
indicates,/ˈɪndɪˌkeɪts/,指示,The report indicates a significant increase in sales this quarter.,這份報告顯示本季銷售額顯著增加。,toeic_advanced,3,Marketing,Sales,"TOEIC,Reading,Part5,Part7",v.
individual,/ˌɪndəˈvɪdʒəwəɫ/,指獨立的個體，個人，或單獨的實體。,Each individual is responsible for completing their assigned tasks by the deadline.,每位員工都應在截止日期前完成其指派的任務。,toeic_advanced,3,Corporate,DailyWork,"TOEIC,Reading,Part5,Part7",n./adj.
industries,/ˈɪndəstɹiz/,產業,The company is investing heavily in research and development to stay competitive in the technology industries.,為了在科技產業中保持競爭力，公司正在大力投資於研發。,toeic_advanced,3,Finance,Investment,"TOEIC,Reading,Part5,Part7",n.
industry,/ˈɪndəstɹi/,產業,The automotive industry is facing significant challenges due to the rise of electric vehicles.,由於電動汽車的興起，汽車產業正面臨重大挑戰。,toeic_advanced,3,Corporate,Operations,"TOEIC,Reading,Part5,Part7",n.
interested,/ˈɪntɝəstəd/,感興趣的,I am very interested in the proposal for the new marketing campaign.,我對新的行銷活動提案非常感興趣。,toeic_advanced,3,Finance,Investment,"TOEIC,Reading,Part5,Part7",adj.
interests,/ˈɪntɝəsts/,興趣，關注點,The company is exploring new markets to broaden its interests.,該公司正在探索新的市場以擴展其業務範圍。,toeic_advanced,3,Finance,Investment,"TOEIC,Reading,Part5,Part7",n.
internet,/ˈɪntɝˌnɛt/,互聯網，全球性的電腦網路系統，用於傳輸和獲取資訊。,Our company is investing heavily in improving its online presence on the internet.,我們公司正在大力投資於提升其在互聯網上的線上形象。,toeic_advanced,3,Finance,Investment,"TOEIC,Reading,Part5,Part7",n.
interview,/ˈɪntɝvˌju/,面試,The HR department is scheduling interviews for the marketing manager position.,人資部門正在為行銷經理職位安排面試。,toeic_advanced,3,HumanResources,Recruitment,"TOEIC,Reading,Part5,Part7",n./v.
interviews,/ˈɪntɝvˌjuz/,面試,The HR department is scheduling interviews for next week.,人資部門正在為下週安排面試。,toeic_advanced,3,HumanResources,Recruitment,"TOEIC,Reading,Part5,Part7",n.
introduced,/ˌɪntɹəˈdust/,介紹,The CEO introduced the new marketing strategy to the board of directors.,執行長向董事會介紹了新的行銷策略。,toeic_advanced,3,CorporateGovernance,BoardOfDirectors,"TOEIC,Reading,Part5,Part7",v.
involves,/ˌɪnˈvɑɫvz/,包含,The project involves a significant investment of time and resources.,這個專案需要投入大量的時間和資源。,toeic_advanced,3,Finance,Investment,"TOEIC,Reading,Part5,Part7",v.
keyboard,/ˈkiˌbɔɹd/,鍵盤，用於輸入文字和指令的電子設備。,The IT department replaced my keyboard because several keys were malfunctioning.,由於幾個按鍵失靈，IT部門更換了我的鍵盤。,toeic_advanced,3,Manufacturing,Production,"TOEIC,Reading,Part5,Part7",n.
keyboards,/ˈkiˌbɔɹdz/,鍵盤，用於輸入文字和指令的裝置。,The IT department is replacing all the outdated keyboards with ergonomic models.,資訊部門正在將所有過時的鍵盤更換為符合人體工學的型號。,toeic_advanced,3,CorporateGovernance,BoardOfDirectors,"TOEIC,Reading,Part5,Part7",n.
kilogram,/ˈkɪɫəˌɡɹæm/,公斤,The package weighs five kilograms.,這個包裹重五公斤。,toeic_advanced,3,Corporate,GeneralBusiness,"TOEIC,Reading,Part5,Part7",n.
kilograms,/ˈkɪɫəˌɡɹæmz/,公克，通常用於衡量貨物，包裹或商品的重量。,The shipping company requires all packages to be under 20 kilograms to qualify for express delivery.,為了符合快遞資格，快遞公司要求所有包裹的重量必須低於 20 公克。,toeic_advanced,3,Logistics,Transit,"TOEIC,Reading,Part5,Part7",n.
kindness,/ˈkaɪndnəs/,仁慈，友善，慷慨的行為或品質，尤其是在商業環境中,"The company's kindness towards its employees, including flexible work arrangements, has boosted morale.",公司對員工的友善，例如彈性工作安排，提升了士氣。,toeic_advanced,3,HumanResources,Compensation,"TOEIC,Reading,Part5,Part7",n.
knowledge,/ˈnɑɫədʒ/,對特定領域或業務相關資訊，事實與技能的了解與認識,Our team’s knowledge of the new software will reduce training time for new hires.,我們團隊對新軟體的了解將縮短新進員工的培訓時間。,toeic_advanced,3,HumanResources,Compensation,"TOEIC,Reading,Part5,Part7",n.
language,/ˈɫæŋɡwədʒ/,語言,The company offers translation services to facilitate communication across different languages.,公司提供翻譯服務，以促進跨語言的溝通。,toeic_advanced,3,Technical,ITSupport,"TOEIC,Reading,Part5,Part7",n.
languages,/ˈɫæŋɡwədʒəz/,語言,Our company offers translation services for a wide range of languages.,我們公司提供多種語言的翻譯服務。,toeic_advanced,3,Corporate,Communication,"TOEIC,Reading,Part5,Part7",n.
leadership,/ˈɫidɝˌʃɪp/,領導能力,The company's leadership emphasized the importance of meeting the quarterly sales targets.,公司領導層強調達成季度銷售目標的重要性。,toeic_advanced,3,Marketing,Sales,"TOEIC,Reading,Part5,Part7",n.
learning,/ˈɫɝnɪŋ/,學習,The company provides continuous learning programs to help employees stay competitive.,公司提供持續的學習計畫，協助員工保持競爭力。,toeic_advanced,3,HumanResources,Compensation,"TOEIC,Reading,Part5,Part7",n./v.
listened,/ˈɫɪsənd/,聆聽,The manager listened attentively to the employee's concerns regarding the new project.,經理仔細聆聽了員工對新專案的顧慮。,toeic_advanced,3,HumanResources,Compensation,"TOEIC,Reading,Part5,Part7",v.
listener,/ˈɫɪsənɝ/,聽眾,The speaker needs to engage the listeners with compelling stories and data.,演講者需要用引人入勝的故事和數據來吸引聽眾。,toeic_advanced,3,Technical,ITSupport,"TOEIC,Reading,Part5,Part7",n.
listeners,/ˈɫɪsənɝz/,聽眾,The speaker needs to engage the listeners with compelling stories and visuals.,演講者需要用引人入勝的故事和視覺效果來吸引聽眾。,toeic_advanced,3,Technical,ITSupport,"TOEIC,Reading,Part5,Part7",n.
listening,/ˈɫɪsənɪŋ/,聆聽,"During the conference call, it's crucial to actively listen to the speaker's instructions.",在電話會議中，積極聆聽演講者的指示至關重要。,toeic_advanced,3,Technical,ITSupport,"TOEIC,Reading,Part5,Part7",n./v.
locations,/ɫoʊˈkeɪʃənz/,地點,"Our company has several locations throughout the city, allowing us to serve a wider customer base.",我們公司在城市裡有多個地點，讓我們能夠服務更廣泛的客戶群。,toeic_advanced,3,Technical,ITSupport,"TOEIC,Reading,Part5,Part7",n.
lunchtime,/ˈɫəntʃˌtaɪm/,午餐時間,Let's schedule a meeting after lunchtime.,我們可以在午餐時間過後安排會議。,toeic_advanced,3,Corporate,DailyWork,"TOEIC,Reading,Part5,Part7",n.
machines,/məˈʃinz/,機器設備,The company invested heavily in new machinery to automate the production process.,公司大量投資新機器設備以自動化生產流程。,toeic_advanced,3,Manufacturing,Production,"TOEIC,Reading,Part5,Part7",n.
magazine,/ˈmæɡəˌzin/,雜誌，期刊,The marketing team is planning an advertisement campaign in several leading business magazines.,行銷團隊正在計劃在幾本領先的商業雜誌上刊登廣告。,toeic_advanced,3,Marketing,Advertising,"TOEIC,Reading,Part5,Part7",n.
managers,/ˈmænədʒɝz/,管理者,The managers are responsible for ensuring the project stays within budget and meets deadlines.,經理們負責確保專案在預算內並按時完成。,toeic_advanced,3,Finance,Investment,"TOEIC,Reading,Part5,Part7",n.
managing,/ˈmænədʒɪŋ/,管理,The project manager is responsible for managing the team and ensuring deadlines are met.,專案經理負責管理團隊並確保達成期限。,toeic_advanced,3,Corporate,Operations,"TOEIC,Reading,Part5,Part7",v./adj.
marketing,/ˈmɑɹkətɪŋ/,行銷：指企業透過各種活動，將產品或服務推向目標客戶群，以促進銷售和建立品牌形象的策略與活動。,Our marketing team is developing a new campaign to increase brand awareness.,我們的行銷團隊正在開發一個新的活動，以提高品牌知名度。,toeic_advanced,3,Marketing,Advertising,"TOEIC,Reading,Part5,Part7",n./v.
material,/məˈtɪɹiəɫ/,材料,The supplier assured us that the raw materials used in our products meet international quality standards.,供應商向我們保證，我們產品中使用的原材料符合國際品質標準。,toeic_advanced,3,Technical,ITSupport,"TOEIC,Reading,Part5,Part7",n.
materials,/məˈtɪɹiəɫz/,原料，材料,The purchasing department is responsible for sourcing high-quality raw materials.,採購部門負責採購高品質的原材料。,toeic_advanced,3,Manufacturing,Production,"TOEIC,Reading,Part5,Part7",n.
meetings,/ˈmitɪŋz/,會議,The manager scheduled a series of meetings to discuss the new marketing strategy.,經理安排了一系列會議，以討論新的行銷策略。,toeic_advanced,3,Marketing,Sales,"TOEIC,Reading,Part5,Part7",n.
membership,/ˈmɛmbɝˌʃɪp/,會員資格,Employees are eligible for gym memberships as part of their benefits package.,員工可以享有健身會員資格，作為其福利方案的一部分。,toeic_advanced,3,HumanResources,Compensation,"TOEIC,Reading,Part5,Part7",n.
mentioned,/ˈmɛnʃənd/,提及,The manager mentioned a possible restructuring of the department during the meeting.,經理在會議中提到了部門可能進行重組的可能性。,toeic_advanced,3,CorporateGovernance,CorporateStrategy,"TOEIC,Reading,Part5,Part7",v.
mentions,/ˈmɛnʃənz/,提及,The report mentions a potential delay in the project timeline.,這份報告提到了專案時程可能延遲。,toeic_advanced,3,Corporate,Communication,"TOEIC,Reading,Part5,Part7",v.
messages,/ˈmɛsədʒəz/,訊息,The manager asked the secretary to prioritize responding to urgent messages.,經理請秘書優先回覆重要的訊息。,toeic_advanced,3,Travel,Hospitality,"TOEIC,Reading,Part5,Part7",n.
microphone,/ˈmaɪkɹəˌfoʊn/,麥克風,Please speak clearly into the microphone so everyone can hear you.,請對著麥克風清晰地說話，這樣大家都能聽到你的聲音。,toeic_advanced,3,Corporate,Communication,"TOEIC,Reading,Part5,Part7",n.
midnight,/ˈmɪdˌnaɪt/,午夜，半夜,The deadline for the project proposal is midnight on Friday.,專案提案的截止日期是週五午夜。,toeic_advanced,3,Corporate,DailyWork,"TOEIC,Reading,Part5,Part7",n.
million,/ˈmɪɫjən/,百萬,The company reported a profit of ten million dollars last quarter.,公司上季度報告了千萬美元的利潤。,toeic_advanced,3,Finance,Investment,"TOEIC,Reading,Part5,Part7",n./adj.
mistakes,/mɪˈsteɪks/,錯誤,Let's review the report carefully to avoid any mistakes before submitting it to the board.,請仔細審閱報告，在提交給董事會之前避免任何錯誤。,toeic_advanced,3,CorporateGovernance,BoardOfDirectors,"TOEIC,Reading,Part5,Part7",n.
moment,/ˈmoʊmənt/,瞬間,Let me just put that on hold for a moment.,等一下，我先暫停一下。,toeic_advanced,3,Corporate,DailyWork,"TOEIC,Reading,Part5,Part7",n.
monthly,/ˈmənθɫi/,每月的,The company requires employees to submit their expense reports monthly.,公司要求員工每月提交費用報表。,toeic_advanced,3,HumanResources,Compensation,"TOEIC,Reading,Part5,Part7",adj./adv.
multiple,/ˈməɫtəpəɫ/,多重的,The project requires multiple team members to collaborate effectively.,這個專案需要多位團隊成員有效合作。,toeic_advanced,3,Corporate,DailyWork,"TOEIC,Reading,Part5,Part7",adj./adv.
musician,/mjuˈzɪʃən/,音樂家,The company hired a talented musician to compose the background music for the promotional video.,該公司聘請了一位有才華的音樂家來為宣傳影片創作背景音樂。,toeic_advanced,3,HumanResources,Compensation,"TOEIC,Reading,Part5,Part7",n.
national,/ˈnæʃənəɫ/,全國性的,The company is committed to complying with all national regulations.,公司致力於遵守所有國家法規。,toeic_advanced,3,Technical,ITSupport,"TOEIC,Reading,Part5,Part7",adj.
necessary,/ˈnɛsəˌsɛɹi/,必要的,It is necessary to review the contract before signing.,簽署合約前，審閱文件是必要的。,toeic_advanced,3,Legal,Contracts,"TOEIC,Reading,Part5,Part7",adj.
negative,/ˈnɛɡətɪv/,否定,The company received negative feedback on the new product launch.,公司在新產品發布方面收到了負面回饋。,toeic_advanced,3,Corporate,Communication,"TOEIC,Reading,Part5,Part7",adj./adv.
neighbor,/ˈneɪbɝ/,鄰居,"Our neighbor, a local business owner, offered valuable insights into the market trends.",我們一位鄰居，一位本地企業主，提供了關於市場趨勢的寶貴見解。,toeic_advanced,3,Marketing,Sales,"TOEIC,Reading,Part5,Part7",n.
neighbors,/ˈneɪbɝz/,鄰居,The company is organizing a community event to foster better relationships with its neighbors.,公司正在組織社區活動，以促進與鄰居建立更好的關係。,toeic_advanced,3,Technical,ITSupport,"TOEIC,Reading,Part5,Part7",n.
newspaper,/ˈnuzˌpeɪpɝ/,報紙,The company's announcement was featured prominently in the business newspapers.,該公司的公告在商業報紙上刊登了顯著的位置。,toeic_advanced,3,Corporate,DailyWork,"TOEIC,Reading,Part5,Part7",n.
newspapers,/ˈnuzˌpeɪpɝz/,報紙,The company distributes newspapers to all employees every morning to keep them updated on industry news.,為了讓員工隨時掌握產業新聞，公司每天早上都會向所有員工發放報紙。,toeic_advanced,3,HumanResources,Compensation,"TOEIC,Reading,Part5,Part7",n.
nineteen,/ˈnaɪnˈtin/,十九,There are nineteen students in the class.,班上有十九位學生。,toeic_advanced,3,Corporate,GeneralBusiness,"TOEIC,Reading,Part5,Part7",number/adj.
normally,/ˈnɔɹməɫi/,通常地,The meeting is normally held on the first Tuesday of each month.,會議通常在每個月的第一個星期二舉行。,toeic_advanced,3,Corporate,DailyWork,"TOEIC,Reading,Part5,Part7",adv.
november,/noʊˈvɛmbɝ/,十一月，公曆的第十一個月。,The annual sales conference is scheduled for November 15th.,年度銷售會議預計在十一月十五日舉行。,toeic_advanced,3,Marketing,Sales,"TOEIC,Reading,Part5,Part7",n.
occurred,/əˈkɝd/,發生,The system error occurred during the data transfer process.,資料傳輸過程中發生了系統錯誤。,toeic_advanced,3,Technical,ITSupport,"TOEIC,Reading,Part5,Part7",v.
official,/əˈfɪʃəɫ/,正式的,The official report will be submitted to the board by Friday.,正式報告將於週五提交給董事會。,toeic_advanced,3,CorporateGovernance,BoardOfDirectors,"TOEIC,Reading,Part5,Part7",n./adj.
operations,/ˌɑpɝˈeɪʃənz/,營運，作業，業務流程,The company is streamlining its operations to reduce costs.,該公司正在簡化其營運以降低成本。,toeic_advanced,3,Technical,ITSupport,"TOEIC,Reading,Part5,Part7",n.
opinions,/əˈpɪnjənz/,意見,The manager asked for everyone's opinions on the new marketing strategy.,經理詢問了大家對新行銷策略的意見。,toeic_advanced,3,Marketing,Sales,"TOEIC,Reading,Part5,Part7",n.
opposite,/ˈɑpəzət/,相反的,The two departments have opposite goals for the project.,兩個部門對這個專案有著截然不同的目標。,toeic_advanced,3,Technical,ITSupport,"TOEIC,Reading,Part5,Part7",adj./n.
option,/ˈɑpʃən/,選擇方案,The company is exploring several options for expanding into the Asian market.,公司正在探索進入亞洲市場的幾個選項。,toeic_advanced,3,Marketing,Sales,"TOEIC,Reading,Part5,Part7",n./v.
ordinary,/ˈɔɹdəˌnɛɹi/,普通的,"It was an ordinary day at work, nothing special happened.",這是工作上普通的一天，沒有發生什麼特別的事。,toeic_advanced,3,Travel,Hospitality,"TOEIC,Reading,Part5,Part7",adj./n.
organized,/ˈɔɹɡəˌnaɪzd/,井然有序的,The project manager kept all documents organized in a shared online folder.,專案經理將所有文件井然有序地保存在共享線上資料夾中。,toeic_advanced,3,Corporate,DailyWork,"TOEIC,Reading,Part5,Part7",adj.
organizing,/ˈɔɹɡəˌnaɪzɪŋ/,組織，安排,The project manager is responsible for organizing the team's tasks and deadlines.,專案經理負責組織團隊的任務和截止日期。,toeic_advanced,3,Corporate,DailyWork,"TOEIC,Reading,Part5,Part7",v./adj.
original,/ɝˈɪdʒənəɫ/,原始的,The company is seeking original ideas for their new marketing campaign.,該公司正在尋求其新行銷活動的獨創想法。,toeic_advanced,3,Marketing,Advertising,"TOEIC,Reading,Part5,Part7",adj./n.
originally,/ɝˈɪdʒənəɫi/,最初地,The company's headquarters were originally located in a smaller town.,該公司的總部最初設在一個較小的鎮上。,toeic_advanced,3,Corporate,DailyWork,"TOEIC,Reading,Part5,Part7",adv.
ourselves,/aʊɝˈsɛɫvz/,我們自己,We need to review our procedures to ensure we are meeting all regulatory requirements ourselves.,我們需要審查我們的流程，以確保我們自己符合所有法規要求。,toeic_advanced,3,Corporate,Communication,"TOEIC,Reading,Part5,Part7",pronoun
packages,/ˈpækədʒəz/,包裹,The shipping department is responsible for handling all incoming and outgoing packages.,運輸部門負責處理所有進出貨物的包裹。,toeic_advanced,3,Corporate,Logistics,"TOEIC,Reading,Part5,Part7",n.
painting,/ˈpeɪntɪŋ/,油畫或其他形式的繪畫作品,The facilities manager scheduled the painting of the office lobby for next weekend.,設施經理已安排下週末對辦公大廳進行油漆粉刷。,toeic_advanced,3,Technical,ITSupport,"TOEIC,Reading,Part5,Part7",n./v.
paintings,/ˈpeɪntɪŋz/,畫作,The hotel is showcasing a collection of modern paintings in its lobby.,飯店在其大廳展示了一系列現代畫作。,toeic_advanced,3,Travel,Hospitality,"TOEIC,Reading,Part5,Part7",n.
paperwork,/ˈpeɪpɝˌwɝk/,文牘，文件,The new employee spent the first week completing a lot of paperwork.,這位新進員工花了一週的時間完成大量的文牘。,toeic_advanced,3,HumanResources,Compensation,"TOEIC,Reading,Part5,Part7",n.
paragraph,/ˈpæɹəˌɡɹæf/,段落,"The report is well-organized, with each paragraph focusing on a specific aspect of the project.",這份報告組織良好，每個段落都專注於專案的特定面向。,toeic_advanced,3,Manufacturing,Production,"TOEIC,Reading,Part5,Part7",n.
particular,/ˌpɑˈtɪkjəɫɝ/,特別的,The manager asked for a particular report detailing the sales figures for Q3.,經理要求一份具體報告，詳細說明第三季的銷售數據。,toeic_advanced,3,Marketing,Sales,"TOEIC,Reading,Part5,Part7",adj./adv.
partners,/ˈpɑɹtnɝz/,合作夥伴,Our company is seeking new partners to expand into the Asian market.,我們公司正在尋找新的合作夥伴，以擴展到亞洲市場。,toeic_advanced,3,Marketing,Sales,"TOEIC,Reading,Part5,Part7",n.
password,/ˈpæsˌwɝd/,密碼,"Please create a strong password containing at least eight characters, including uppercase and lowercase letters, numbers, and symbols.",請創建一個包含至少八個字元且包含大寫字母、小寫字母、數字和符號的強密碼。,toeic_advanced,3,Travel,Hospitality,"TOEIC,Reading,Part5,Part7",n.
paying,/ˈpeɪɪŋ/,支付,The company is currently paying its suppliers on a 30-day cycle.,公司目前以 30 天週期向供應商付款。,toeic_advanced,3,Technical,ITSupport,"TOEIC,Reading,Part5,Part7",v./adj.
percent,/pɝˈsɛnt/,百分比,The company's profit margin increased by 5 percent last quarter.,上個季度，該公司的利潤率提高了 5 百分比。,toeic_advanced,3,Finance,Investment,"TOEIC,Reading,Part5,Part7",n./adv.
perfectly,/ˈpɝfəkɫi/,完全地,"The report was executed perfectly, exceeding all expectations.",報告執行得非常完美，遠超所有期望。,toeic_advanced,3,CorporateGovernance,CorporateStrategy,"TOEIC,Reading,Part5,Part7",adv.
performed,/pɝˈfɔɹmd/,執行,The team performed exceptionally well during the quarterly review.,團隊在季度審查期間表現出色。,toeic_advanced,3,Corporate,DailyWork,"TOEIC,Reading,Part5,Part7",v.
personal,/ˈpɝsɪnəɫ/,私人的,Please refrain from sharing personal information on the company's internal network.,請勿在公司內部網路中分享個人資訊。,toeic_advanced,3,Technical,ITSupport,"TOEIC,Reading,Part5,Part7",adj.
photocopy,/ˈfoʊtoʊˌkɑpi/,影印文件,Could you please photocopy these documents for the meeting?,您能請您影印這些文件以供會議使用嗎？,toeic_advanced,3,Corporate,DailyWork,"TOEIC,Reading,Part5,Part7",v./n.
photograph,/ˈfoʊtəˌɡɹæf/,照片,The marketing team needs high-resolution photographs of the new product for the website.,行銷團隊需要新產品的清晰照片，用於網站。,toeic_advanced,3,CorporateGovernance,CorporateStrategy,"TOEIC,Reading,Part5,Part7",n./v.
physical,/ˈfɪzɪkəɫ/,與身體相關的,The company offers a comprehensive health insurance plan covering physical therapy and other medical expenses.,公司提供涵蓋物理治療和其他醫療費用的全面健康保險計畫。,toeic_advanced,3,HumanResources,Recruitment,"TOEIC,Reading,Part5,Part7",adj.
pictures,/ˈpɪktʃɝz/,圖片,The presentation included several pictures illustrating the new product features.,簡報中包含多張圖片，說明了新產品的功能。,toeic_advanced,3,Corporate,DailyWork,"TOEIC,Reading,Part5,Part7",n.
planning,/ˈpɫænɪŋ/,規劃,The marketing team is currently planning a new product launch campaign.,行銷團隊目前正在規劃一個新產品上市活動。,toeic_advanced,3,Marketing,Advertising,"TOEIC,Reading,Part5,Part7",n./v.
platform,/ˈpɫætˌfɔɹm/,平台，通常指用於發布，分享或交易資訊，產品或服務的數位空間或系統。,Our company is launching a new e-commerce platform to expand its market reach.,我們公司正在推出一個新的電子商務平台以擴大市場覆蓋率。,toeic_advanced,3,Marketing,Sales,"TOEIC,Reading,Part5,Part7",n.
pleasure,/ˈpɫɛʒɝ/,樂趣,It's a pleasure doing business with you.,能與您合作是一種榮幸。,toeic_advanced,3,Technical,ITSupport,"TOEIC,Reading,Part5,Part7",n.
policies,/ˈpɑɫəsiz/,政策,The company's policies regarding remote work are clearly outlined in the employee handbook.,公司關於遠端工作的政策在員工手冊中有明確說明。,toeic_advanced,3,HumanResources,Compensation,"TOEIC,Reading,Part5,Part7",n.
positions,/pəˈzɪʃənz/,職位,The company is currently seeking to fill several management positions.,公司目前正在尋找填補幾個管理職位。,toeic_advanced,3,Technical,ITSupport,"TOEIC,Reading,Part5,Part7",n.
positive,/ˈpɑzətɪv/,正面的,The manager gave a positive feedback on the employee's performance.,經理對員工的表現給予了正面的回饋。,toeic_advanced,3,HumanResources,Compensation,"TOEIC,Reading,Part5,Part7",adj./adv.
postpone,/poʊˈspoʊn/,延遲,"Due to unforeseen circumstances, we have to postpone the project launch until next month.",由於突發狀況，我們不得不將專案發布延遲到下個月。,toeic_advanced,3,Corporate,DailyWork,"TOEIC,Reading,Part5,Part7",v.
postponed,/poʊˈspoʊnd/,延遲,"Due to unforeseen circumstances, the meeting has been postponed until next week.",由於突發狀況，會議已延遲至下週舉行。,toeic_advanced,3,Corporate,DailyWork,"TOEIC,Reading,Part5,Part7",v.
potential,/pəˈtɛnʃəɫ/,潛力,The company is exploring the potential of the Asian market.,該公司正在探索亞洲市場的潛力。,toeic_advanced,3,Marketing,Sales,"TOEIC,Reading,Part5,Part7",n./adj.
practice,/ˈpɹæktəs/,練習,Regular practice is essential for improving your presentation skills.,定期練習對於提升您的簡報技巧至關重要。,toeic_advanced,3,Corporate,DailyWork,"TOEIC,Reading,Part5,Part7",n./v.
prepared,/pɹiˈpɛɹd/,準備妥當,"The team was well-prepared for the presentation, resulting in a successful outcome.",團隊為簡報做了充分準備，最終取得了成功。,toeic_advanced,3,Corporate,DailyWork,"TOEIC,Reading,Part5,Part7",adj.
preparing,/pɝˈpɛɹɪŋ/,準備中,The team is preparing a comprehensive report for the board meeting.,團隊正在為董事會會議準備一份全面的報告。,toeic_advanced,3,CorporateGovernance,BoardOfDirectors,"TOEIC,Reading,Part5,Part7",v./adj.
presented,/pɝˈzɛnəd/,呈現,The marketing team presented a new product proposal to the executive board.,行銷團隊向執行長們介紹了一項新的產品提案。,toeic_advanced,3,CorporateGovernance,BoardOfDirectors,"TOEIC,Reading,Part5,Part7",v.
presents,/ˈpɹɛzənts/,贈送,The company presents its new product line at the international trade fair.,該公司在國際貿易展覽會上展示其新產品線。,toeic_advanced,3,Technical,ITSupport,"TOEIC,Reading,Part5,Part7",v.
president,/ˈpɹɛzəˌdɛnt/,公司或組織的最高領導者,The president announced a new strategy to improve company performance.,社長宣布了一項新的策略以提升公司績效。,toeic_advanced,3,Corporate,Operations,"TOEIC,Reading,Part5,Part7",n.
pressure,/ˈpɹɛʃɝ/,壓力,The company is under pressure to meet the quarterly sales targets.,公司正面臨滿足季度銷售目標的壓力。,toeic_advanced,3,Marketing,Sales,"TOEIC,Reading,Part5,Part7",n./v.
previous,/ˈpɹiviəs/,先前的,Please refer to the previous report for more details.,請參考先前的報告以獲得更多細節。,toeic_advanced,3,Corporate,DailyWork,"TOEIC,Reading,Part5,Part7",adj./adv.
printers,/ˈpɹɪnɝz/,影印機,The IT department is responsible for maintaining all office printers.,資訊部門負責維護辦公室的所有影印機。,toeic_advanced,3,Technical,ITSupport,"TOEIC,Reading,Part5,Part7",n.
printing,/ˈpɹɪnɪŋ/,列印,The marketing department needs to finish the printing of the brochures before the conference.,行銷部門需要在會議前完成小冊子的印刷。,toeic_advanced,3,Marketing,Sales,"TOEIC,Reading,Part5,Part7",n./v.
priority,/pɹaɪˈɔɹəti/,優先順序,Our top priority is to ensure customer satisfaction.,我們的首要任務是確保客戶滿意度。,toeic_advanced,3,Technical,ITSupport,"TOEIC,Reading,Part5,Part7",n.
probably,/ˈpɹɑbəˌbɫi/,很可能,The shipment will probably arrive on Friday.,貨物很可能在星期五抵達。,toeic_advanced,3,Logistics,Transit,"TOEIC,Reading,Part5,Part7",adv.
problems,/ˈpɹɑbɫəmz/,問題,We need to identify the root problems causing delays in the project.,我們需要找出造成專案延遲的根本問題。,toeic_advanced,3,Corporate,DailyWork,"TOEIC,Reading,Part5,Part7",n.
procedure,/pɹəˈsidʒɝ/,程序,Please follow the standard procedure for submitting expense reports.,請依照標準程序提交費用報銷。,toeic_advanced,3,Technical,ITSupport,"TOEIC,Reading,Part5,Part7",n.
produced,/pɹəˈdust/,製造，生產,"The factory produced over 1,000 units of the new smartphone last week.","工廠上週生產了超過 1,000 部新款智慧型手機。",toeic_advanced,3,Manufacturing,Production,"TOEIC,Reading,Part5,Part7",v.
producing,/pɹəˈdusɪŋ/,生產,The factory is producing a new line of electric vehicles.,該工廠正在生產一條新的電動汽車產品線。,toeic_advanced,3,Manufacturing,Production,"TOEIC,Reading,Part5,Part7",v.
products,/ˈpɹɑdəks/,產品,Our company offers a wide range of innovative products to meet customer needs.,我們公司提供多種創新產品，以滿足客戶的需求。,toeic_advanced,3,Corporate,Logistics,"TOEIC,Reading,Part5,Part7",n.
profit,/ˈpɹɑfət/,盈餘,The company's profit increased by 15% last quarter.,公司上季的盈餘增長了 15%。,toeic_advanced,3,Finance,Investment,"TOEIC,Reading,Part5,Part7",n./v.
profits,/ˈpɹɑfɪts/,利潤,The company reported a significant increase in profits this quarter.,本季公司報告利潤大幅增加。,toeic_advanced,3,Finance,Investment,"TOEIC,Reading,Part5,Part7",n.
programs,/ˈpɹoʊˌɡɹæmz/,計畫，程式，系統,The IT department is developing new software programs to improve efficiency.,資訊部門正在開發新的軟體程式，以提高效率。,toeic_advanced,3,Technical,ITSupport,"TOEIC,Reading,Part5,Part7",n.
progress,/ˈpɹɑˌɡɹɛs/,進展,We've made significant progress on the new product development project.,我們在新產品開發專案上取得了顯著的進展。,toeic_advanced,3,Corporate,DailyWork,"TOEIC,Reading,Part5,Part7",n./v.
projects,/ˈpɹɑdʒɛks/,專案,The marketing team is currently working on several key projects to increase brand awareness.,行銷團隊目前正在進行幾個關鍵專案，以提高品牌知名度。,toeic_advanced,3,Marketing,Sales,"TOEIC,Reading,Part5,Part7",n.
promised,/ˈpɹɑməst/,承諾,The supplier promised to deliver the goods by next Friday.,供應商承諾會在下週五前交付商品。,toeic_advanced,3,Logistics,Transit,"TOEIC,Reading,Part5,Part7",v.
promoted,/pɹəˈmoʊtɪd/,提升,"After three years of outstanding performance, she was promoted to senior manager.",在三年的卓越表現之後，她被升遷為資深經理。,toeic_advanced,3,HumanResources,Compensation,"TOEIC,Reading,Part5,Part7",v./adj.
promoting,/pɹəˈmoʊtɪŋ/,推廣,The company is promoting its new product line through social media campaigns.,該公司正透過社群媒體活動來推廣其新的產品線。,toeic_advanced,3,HumanResources,Compensation,"TOEIC,Reading,Part5,Part7",v./adj.
promotions,/pɝˈmoʊʃənz/,促銷活動,The company is offering special promotions on all summer products to boost sales.,為了提升銷售額，公司正在針對所有夏季產品推出特別促銷活動。,toeic_advanced,3,HumanResources,Compensation,"TOEIC,Reading,Part5,Part7",n.
properly,/ˈpɹɑpɝɫi/,適當的,Please ensure all documents are labeled properly before filing.,請確保所有文件在歸檔前都已正確標記。,toeic_advanced,3,Corporate,DailyWork,"TOEIC,Reading,Part5,Part7",adv.
provides,/pɹəˈvaɪdz/,提供,The company provides comprehensive training programs for all new employees.,公司為所有新進員工提供全面的培訓計畫。,toeic_advanced,3,HumanResources,Compensation,"TOEIC,Reading,Part5,Part7",v.
providing,/pɹəˈvaɪdɪŋ/,提供,The company is providing employees with additional training to improve their skills.,公司正在為員工提供額外的培訓以提升他們的技能。,toeic_advanced,3,HumanResources,Compensation,"TOEIC,Reading,Part5,Part7",v.
purchase,/ˈpɝtʃəs/,購買,The company plans to purchase new equipment to improve production efficiency.,公司計劃採購新設備以提高生產效率。,toeic_advanced,3,Manufacturing,Production,"TOEIC,Reading,Part5,Part7",v.
purchased,/ˈpɝtʃəst/,購買,The company purchased a new server to improve data processing speed.,公司購買了新的伺服器以提高資料處理速度。,toeic_advanced,3,Technical,ITSupport,"TOEIC,Reading,Part5,Part7",v.
purchases,/ˈpɝtʃəsəz/,購買行為,The company's annual purchases of raw materials totaled over $5 million.,公司每年購買的原材料總額超過 500 萬美元。,toeic_advanced,3,Corporate,Logistics,"TOEIC,Reading,Part5,Part7",n.
purchasing,/ˈpɝtʃəsɪŋ/,採購,The purchasing department is responsible for negotiating contracts with suppliers.,採購部門負責與供應商協商合約。,toeic_advanced,3,Logistics,SupplyChain,"TOEIC,Reading,Part5,Part7",v./n.
quantity,/ˈkwɑntəti/,數量,We need to confirm the quantity of the order before proceeding with production.,在開始生產之前，我們需要確認訂單的數量。,toeic_advanced,3,Manufacturing,Production,"TOEIC,Reading,Part5,Part7",n.
quarter,/ˈkwɔɹtɝ/,指一年中的三個月期間，或指四分之一的量,Our sales increased by 8% in the second quarter compared with the same period last year.,與去年同期相比，我們第二季的銷售額增長了 8%。,toeic_advanced,3,Marketing,Sales,"TOEIC,Reading,Part5,Part7",n./v.
questions,/ˈkwɛstʃənz/,提問,The interviewer asked several questions to assess the candidate's experience.,面試官為了評估候選人的經驗，提出了幾個問題。,toeic_advanced,3,HumanResources,Recruitment,"TOEIC,Reading,Part5,Part7",n.
raincoat,/ˈɹeɪnˌkoʊt/,雨衣,The company provides employees with raincoats for outdoor deliveries during the rainy season.,公司在雨季為從事戶外派送工作的員工提供雨衣。,toeic_advanced,3,Logistics,Transit,"TOEIC,Reading,Part5,Part7",n.
received,/ɹəˈsivd/,收到,The company received a large order from a new client.,公司收到了一筆來自新客戶的大訂單。,toeic_advanced,3,Marketing,Sales,"TOEIC,Reading,Part5,Part7",v.
receives,/ɹəˈsivz/,收到,The company receives hundreds of applications for the marketing position every month.,該公司每月收到數百份行銷職位的申請。,toeic_advanced,3,Marketing,Sales,"TOEIC,Reading,Part5,Part7",v.
receiving,/ɹəˈsivɪŋ/,接收,The warehouse is currently receiving a shipment of new inventory.,倉庫目前正在接收一批新的庫存。,toeic_advanced,3,Logistics,SupplyChain,"TOEIC,Reading,Part5,Part7",v./adj.
recently,/ˈɹisənɫi/,最近，近來，近期,The company has recently expanded its operations into Southeast Asia.,公司最近將業務擴展到東南亞。,toeic_advanced,3,Technical,ITSupport,"TOEIC,Reading,Part5,Part7",adv.
recommend,/ˌɹɛkəˈmɛnd/,推薦,I highly recommend this software for streamlining your workflow.,我強烈推薦這款軟體來簡化您的工作流程。,toeic_advanced,3,Technical,ITSupport,"TOEIC,Reading,Part5,Part7",v.
reducing,/ɹəˈdusɪŋ/,減少,The company is reducing its operational costs by implementing energy-efficient practices.,該公司正透過實施節能措施來降低其營運成本。,toeic_advanced,3,Technical,ITSupport,"TOEIC,Reading,Part5,Part7",v./adj.
regarding,/ɹɪˈɡɑɹdɪŋ/,關於,"Regarding your request for a price quote, we will send it to you by tomorrow.",關於您的報價請求，我們將在明天寄給您。,toeic_advanced,3,Travel,Hospitality,"TOEIC,Reading,Part5,Part7",preposition/adv.
register,/ˈɹɛdʒɪstɝ/,登記,All attendees are required to register online before the conference.,所有與會者在會議前都必須在線報名。,toeic_advanced,3,Corporate,DailyWork,"TOEIC,Reading,Part5,Part7",n./v.
regularly,/ˈɹɛɡjəɫɝɫi/,定期地,The finance department reviews the budget reports regularly to ensure accuracy.,財務部門定期審查預算報告，以確保其準確性。,toeic_advanced,3,Finance,Investment,"TOEIC,Reading,Part5,Part7",adv.
released,/ɹiˈɫist/,釋放,The company will release its quarterly earnings report next week.,公司將下週發布季度盈利報告。,toeic_advanced,3,Technical,ITSupport,"TOEIC,Reading,Part5,Part7",v.
remained,/ɹiˈmeɪnd/,維持，仍然是，繼續保持,"Despite the company's restructuring, the CEO remained optimistic about the future.",儘管公司進行了重組，CEO 對未來仍然保持樂觀。,toeic_advanced,3,CorporateGovernance,CorporateStrategy,"TOEIC,Reading,Part5,Part7",v.
remember,/ɹiˈmɛmbɝ/,回憶，記住,Please remember to submit your expense report by the end of the week.,請記得在週末前提交您的費用報表。,toeic_advanced,3,Technical,ITSupport,"TOEIC,Reading,Part5,Part7",v.
reminded,/ɹiˈmaɪndɪd/,使想起,The email reminded me of the upcoming deadline for the project proposal.,這封郵件提醒我專案提案即將到來的截止日期。,toeic_advanced,3,Corporate,DailyWork,"TOEIC,Reading,Part5,Part7",v.
reminder,/ɹiˈmaɪndɝ/,提醒,I set a reminder for the project deadline to ensure I submit it on time.,我設定了一個專案截止日期的提醒，以確保我能準時提交。,toeic_advanced,3,Technical,ITSupport,"TOEIC,Reading,Part5,Part7",n.
reminders,/ɹiˈmaɪndɝz/,提醒,The system sends email reminders to employees about upcoming deadlines.,系統會發送電子郵件提醒給員工，告知即將到來的截止日期。,toeic_advanced,3,HumanResources,Compensation,"TOEIC,Reading,Part5,Part7",n.
replaced,/ˌɹiˈpɫeɪst/,取代,The outdated software has been replaced with a more efficient version.,過時的軟體已被更換成更有效率的版本。,toeic_advanced,3,Technical,ITSupport,"TOEIC,Reading,Part5,Part7",v.
reported,/ˌɹiˈpɔɹtɪd/,被報導的,The company's profits were reported to be significantly higher than last year.,據報導，該公司的利潤顯著高於去年。,toeic_advanced,3,Finance,Investment,"TOEIC,Reading,Part5,Part7",adj./v.
requested,/ɹiˈkwɛstɪd/,要求,The client requested a revised proposal with updated pricing.,客戶要求提供一份更新價格的修正提案。,toeic_advanced,3,Marketing,Sales,"TOEIC,Reading,Part5,Part7",v.
requesting,/ɹiˈkwɛstɪŋ/,請求,The vendor is requesting a meeting to discuss the contract terms.,供應商正在請求一場會議來討論合約條款。,toeic_advanced,3,Legal,Contracts,"TOEIC,Reading,Part5,Part7",v./adj.
requests,/ɹiˈkwɛs/,請求,The supplier sent a request for a revised delivery schedule.,供應商發送了一份關於修改交貨時間表的請求。,toeic_advanced,3,Logistics,Transit,"TOEIC,Reading,Part5,Part7",n./v.
required,/ɹiˈkwaɪɝd/,必要的,All employees are required to attend the mandatory safety training.,所有員工都必須參加強制性的安全培訓。,toeic_advanced,3,HumanResources,Compensation,"TOEIC,Reading,Part5,Part7",adj.
requires,/ɹiˈkwaɪɝz/,需要,The software requires a monthly subscription fee.,這款軟體需要每月訂閱費用。,toeic_advanced,3,Technical,ITSupport,"TOEIC,Reading,Part5,Part7",v.
reschedule,/ɹiˈskɛdʒuɫ/,重新安排時間,"Due to unforeseen circumstances, we need to reschedule the meeting to next week.",由於突發狀況，我們需要將會議重新安排到下週。,toeic_advanced,3,Corporate,DailyWork,"TOEIC,Reading,Part5,Part7",v.
research,/ˈɹisɝtʃ/,研究,The marketing team is conducting research to identify new target markets.,行銷團隊正在進行研究，以識別新的目標市場。,toeic_advanced,3,Marketing,Sales,"TOEIC,Reading,Part5,Part7",n./v.
reservations,/ˌɹɛzɝˈveɪʃənz/,預訂,We have a reservation for two at 7:00 PM under the name Smith.,我們以史密斯的名字預訂了晚上 7 點的兩人座位。,toeic_advanced,3,Travel,Hospitality,"TOEIC,Reading,Part5,Part7",n./v.
resource,/ˈɹisɔɹs/,資源,Our company needs to allocate more resources to the marketing department to increase brand awareness.,為了提高品牌知名度，我們需要將更多資源分配給行銷部門。,toeic_advanced,3,Marketing,Sales,"TOEIC,Reading,Part5,Part7",n.
resources,/ˈɹisɔɹsɪz/,資源,The company needs to allocate its resources effectively to meet the project deadline.,公司需要有效地分配其資源以滿足專案期限。,toeic_advanced,3,Technical,ITSupport,"TOEIC,Reading,Part5,Part7",n.
responded,/ɹiˈspɑndəd/,回應,The company responded quickly to the customer's complaint and offered a full refund.,該公司迅速回應了客戶的投訴，並提供了全額退款。,toeic_advanced,3,Corporate,Communication,"TOEIC,Reading,Part5,Part7",v.
response,/ɹiˈspɑns/,回應,The company is awaiting a response to its proposal.,公司正在等待對其提案的回應。,toeic_advanced,3,Technical,ITSupport,"TOEIC,Reading,Part5,Part7",n./v.
responses,/ɹiˈspɑnsəz/,回應,The company is analyzing customer responses to the new product launch.,公司正在分析客戶對新產品發布的回應。,toeic_advanced,3,Corporate,Communication,"TOEIC,Reading,Part5,Part7",n.
restaurants,/ˈɹɛsˌtɹɑnts/,餐廳,Our company is looking for restaurants that offer catering services for corporate events.,我們公司正在尋找提供企業活動餐飲服務的餐廳。,toeic_advanced,3,Travel,Hospitality,"TOEIC,Reading,Part5,Part7",n.
restroom,/ˈɹɛsˌtɹum/,洗手間，衛生間,"Excuse me, where is the restroom?",不好意思，洗手間在哪裡？,toeic_advanced,3,Corporate,DailyWork,"TOEIC,Reading,Part5,Part7",n.
returned,/ɹiˈtɝnd/,歸還,Please return the completed form to the HR department by Friday.,請在星期五前將填寫完畢的表格歸還給人資部門。,toeic_advanced,3,Corporate,DailyWork,"TOEIC,Reading,Part5,Part7",v.
reviewed,/ɹivˈjud/,審查,The marketing team reviewed the proposal before submitting it to the client.,行銷團隊在提交給客戶之前審閱了提案。,toeic_advanced,3,Marketing,Sales,"TOEIC,Reading,Part5,Part7",v.
rising,/ˈɹaɪzɪŋ/,上升,The company reported a rising profit margin in the last quarter.,公司在上一季報告了上升的利潤率。,toeic_advanced,3,Finance,Investment,"TOEIC,Reading,Part5,Part7",v./adj.
salaries,/ˈsæɫɝiz/,薪資,The company announced a 5% increase in salaries for all employees.,公司宣布所有員工的薪資將提高 5%。,toeic_advanced,3,HumanResources,Compensation,"TOEIC,Reading,Part5,Part7",n.
satisfied,/ˈsætəsˌfaɪd/,對產品，服務或結果感到滿意,The client was satisfied with the delivery schedule we proposed.,客戶對我們提出的交貨時間表感到滿意。,toeic_advanced,3,Logistics,Transit,"TOEIC,Reading,Part5,Part7",adj./v.
schedule,/ˈskɛdʒuɫ/,排程,Please check your schedule for tomorrow's meeting with the marketing team.,請查看明天與行銷團隊的會議排程。,toeic_advanced,3,Marketing,Sales,"TOEIC,Reading,Part5,Part7",n./v.
scheduled,/ˈskɛdʒuɫd/,排定時間的,The meeting is scheduled for next Tuesday at 2:00 PM.,會議已排定在下週二下午 2:00 舉行。,toeic_advanced,3,Corporate,DailyWork,"TOEIC,Reading,Part5,Part7",adj.
schedules,/ˈskɛdʒuɫz/,行程表,Please check your schedule for tomorrow's meeting with the marketing team.,請查看明天與行銷團隊的會議行程表。,toeic_advanced,3,Marketing,Sales,"TOEIC,Reading,Part5,Part7",n.
scheduling,/ˈskɛdʒuɫɪŋ/,排程,The department is responsible for scheduling all employee training sessions.,部門負責安排所有員工的培訓課程。,toeic_advanced,3,HumanResources,Compensation,"TOEIC,Reading,Part5,Part7",n./v.
science,/ˈsaɪəns/,科學,Our company invests heavily in research and science to develop innovative products.,我們公司在研發和科學領域投入大量資金，以開發創新的產品。,toeic_advanced,3,Finance,Investment,"TOEIC,Reading,Part5,Part7",n.
searching,/ˈsɝtʃɪŋ/,尋找,The HR department is currently searching for a qualified accountant.,人資部門目前正在尋找一位合格的會計師。,toeic_advanced,3,Finance,Investment,"TOEIC,Reading,Part5,Part7",v./adj.
secretary,/ˈsɛkɹəˌtɛɹi/,行政人員,The secretary scheduled a meeting with the CEO and the marketing team.,秘書為 CEO 和行銷團隊安排了一次會議。,toeic_advanced,3,Marketing,Sales,"TOEIC,Reading,Part5,Part7",n.
section,/ˈsɛkʃən/,部門，區塊，部分,Please refer to Section 3 of the contract for details regarding payment terms.,請參閱合約第三節，以了解付款條款的詳細資訊。,toeic_advanced,3,Legal,Contracts,"TOEIC,Reading,Part5,Part7",n.
sections,/ˈsɛkʃənz/,部門，區塊，部分,Please review the marketing section of the report before the meeting.,會議前請審閱報告的行銷部分。,toeic_advanced,3,Marketing,Sales,"TOEIC,Reading,Part5,Part7",n.
security,/sɪkˈjʊɹəti/,安全保障,The company invested heavily in security systems to protect sensitive data.,公司投入大量資金於安全系統，以保護敏感資料。,toeic_advanced,3,Finance,Investment,"TOEIC,Reading,Part5,Part7",n./adj.
seminars,/ˈsɛməˌnɑɹz/,研討會,The marketing department will host a series of seminars on digital advertising next month.,行銷部門將於下個月舉辦一系列關於數位廣告的研討會。,toeic_advanced,3,Marketing,Sales,"TOEIC,Reading,Part5,Part7",n.
september,/sɛpˈtɛmbɝ/,九月，一年中的第九個月。,The annual sales conference is scheduled for September 15th.,年度銷售會議預計在九月十五日舉行。,toeic_advanced,3,Marketing,Sales,"TOEIC,Reading,Part5,Part7",n.
services,/ˈsɝvəsəz/,服務,Our company offers a wide range of financial services to meet the needs of our clients.,我們公司為客戶提供廣泛的金融服務，以滿足他們的各種需求。,toeic_advanced,3,Finance,Investment,"TOEIC,Reading,Part5,Part7",n./v.
session,/ˈsɛʃən/,會議，課程，治療等的一段時間,The training session will cover the new software features.,這次培訓課程將涵蓋新的軟體功能。,toeic_advanced,3,Technical,ITSupport,"TOEIC,Reading,Part5,Part7",n.
sessions,/ˈsɛʃənz/,階段，環節,The training program consists of three intensive sessions.,這項訓練計畫包含三個高強度的階段。,toeic_advanced,3,Corporate,Meetings,"TOEIC,Reading,Part5,Part7",n.
shipments,/ˈʃɪpmənts/,貨物一批,We expect the shipments of raw materials to arrive next week.,我們預計下週將收到原材料一批。,toeic_advanced,3,Logistics,Transit,"TOEIC,Reading,Part5,Part7",n.
shipping,/ˈʃɪpɪŋ/,指商品或貨物的運輸，運送過程，通常涉及貨運公司或物流服務。,The shipping cost for this order is $25.,這筆訂單的運費是 25 美元。,toeic_advanced,3,Logistics,Transit,"TOEIC,Reading,Part5,Part7",n./v.
shopping,/ˈʃɑpɪŋ/,購物,The company is planning a bulk shopping trip to reduce operational costs.,公司計劃進行一次批量採購，以降低營運成本。,toeic_advanced,3,Travel,Hospitality,"TOEIC,Reading,Part5,Part7",n./v.
signature,/ˈsɪɡnətʃɝ/,簽名,The contract requires the signature of both parties before it can be legally binding.,合約必須得到雙方簽署後，才能具有法律效力。,toeic_advanced,3,Legal,Contracts,"TOEIC,Reading,Part5,Part7",n./v.
sincerely,/sɪnˈsɪɹɫi/,真誠地,I sincerely apologize for the inconvenience caused by the delayed shipment.,對於延遲交貨造成的困擾，我深感抱歉。,toeic_advanced,3,Logistics,Transit,"TOEIC,Reading,Part5,Part7",adv.
situations,/ˌsɪtʃuˈeɪʃənz/,情境,The company needs to adapt its strategies to handle various market situations.,公司需要調整其策略以應對多種市場情境。,toeic_advanced,3,Marketing,Sales,"TOEIC,Reading,Part5,Part7",n.
sleeping,/ˈsɫipɪŋ/,睡眠狀態,The meeting was postponed because several key personnel were sleeping during the presentation.,由於幾位關鍵人員在簡報期間打瞌睡，會議被延遲了。,toeic_advanced,3,Corporate,DailyWork,"TOEIC,Reading,Part5,Part7",v./adj.
smartphone,/ˈsmɑɹtˌfoʊn/,智慧型手機,The company provides employees with a smartphone and data plan to facilitate communication.,公司為員工提供智慧型手機和數據方案，以促進溝通。,toeic_advanced,3,HumanResources,Compensation,"TOEIC,Reading,Part5,Part7",n.
software,/ˈsɔfˌwɛɹ/,軟體,Our company is investing heavily in new software to improve operational efficiency.,我們公司正在大量投資新軟體以提高營運效率。,toeic_advanced,3,Finance,Investment,"TOEIC,Reading,Part5,Part7",n.
somebody,/ˈsəmˌbɑdi/,某人,Somebody left their briefcase in the conference room.,有人把公事包忘在會議室裡。,toeic_advanced,3,Corporate,Communication,"TOEIC,Reading,Part5,Part7",pronoun
something,/ˈsəmθɪŋ/,某事,"The manager mentioned there's something wrong with the shipment, but he didn't specify what.",經理提到貨運出了點問題，但他沒有具體說明是什麼。,toeic_advanced,3,Manufacturing,Production,"TOEIC,Reading,Part5,Part7",n./pronoun
sometimes,/ˈsəmˌtaɪmz/,有時候,"Sometimes, it's difficult to balance work and personal life.",有時候，要平衡工作和個人生活是很困難的。,toeic_advanced,3,Technical,ITSupport,"TOEIC,Reading,Part5,Part7",adv.
somewhere,/ˈsəmˌwɛɹ/,在某個地方,The manager mentioned he's attending a conference somewhere in Europe next week.,經理提到他下週會在歐洲的某個地方參加會議。,toeic_advanced,3,Travel,Hospitality,"TOEIC,Reading,Part5,Part7",adv.
speakers,/ˈspikɝz/,揚聲器,The conference room is equipped with high-quality speakers for clear presentations.,會議室配備高品質揚聲器，以確保簡報清晰。,toeic_advanced,3,Technical,ITSupport,"TOEIC,Reading,Part5,Part7",n.
speaking,/ˈspikɪŋ/,口頭表達,The candidate's speaking skills were impressive during the interview.,候選人在面試中的口頭表達能力令人印象深刻。,toeic_advanced,3,HumanResources,Recruitment,"TOEIC,Reading,Part5,Part7",n./v.
specific,/spəˈsɪfɪk/,明確的,Could you please provide more specific details about the project timeline?,您能請提供關於專案時程表更具體的細節嗎？,toeic_advanced,3,Manufacturing,Production,"TOEIC,Reading,Part5,Part7",adj.
stacking,/ˈstækɪŋ/,堆疊,The warehouse staff are stacking boxes to maximize storage space.,倉庫員工正在堆疊箱子以最大化儲存空間。,toeic_advanced,3,Logistics,Transit,"TOEIC,Reading,Part5,Part7",v./n.
standard,/ˈstændɝd/,標準,Our company adheres to international quality standards for all products.,我們公司所有產品都符合國際品質標準。,toeic_advanced,3,Technical,ITSupport,"TOEIC,Reading,Part5,Part7",n./adj.
standards,/ˈstændɝdz/,標準,Our company adheres to strict quality standards to ensure customer satisfaction.,我們公司遵守嚴格的品質標準，以確保客戶滿意度。,toeic_advanced,3,Technical,ITSupport,"TOEIC,Reading,Part5,Part7",n.
starting,/ˈstɑɹtɪŋ/,開始,"The project is starting next Monday, so please ensure all preparations are complete.",專案將於下週一開始，請確保所有準備工作都已完成。,toeic_advanced,3,Corporate,DailyWork,"TOEIC,Reading,Part5,Part7",v./adj.
statements,/ˈsteɪtmənts/,聲明,The company released a public statement addressing the recent product recall.,公司發布聲明，說明最近的產品召回事件。,toeic_advanced,3,Corporate,Communication,"TOEIC,Reading,Part5,Part7",n.
stopping,/ˈstɑpɪŋ/,停止,The production line had to be stopped due to a sudden power outage.,由於突發停電，生產線不得不停止運轉。,toeic_advanced,3,Manufacturing,Production,"TOEIC,Reading,Part5,Part7",v./adj.
straight,/ˈstɹeɪt/,筆直的,"The report needs to present the facts straight, without any embellishment.",這份報告需要坦率地呈現事實，不加任何修飾。,toeic_advanced,3,Technical,ITSupport,"TOEIC,Reading,Part5,Part7",adj./adv.
strength,/ˈstɹɛŋkθ/,力量,The company is looking for candidates who demonstrate strong leadership strengths.,公司正在尋找展現出強大領導能力的候選人。,toeic_advanced,3,HumanResources,Recruitment,"TOEIC,Reading,Part5,Part7",n./v.
students,/ˈstudənts/,學生,The company offers a scholarship program for outstanding students.,該公司提供給表現優異的學生獎學金計畫。,toeic_advanced,3,Travel,Hospitality,"TOEIC,Reading,Part5,Part7",n.
submitted,/səbˈmɪtɪd/,提交,The proposal was submitted to senior management last week.,該提案已於上週提交給高層管理。,toeic_advanced,3,Technical,ITSupport,"TOEIC,Reading,Part5,Part7",v./adj.
submitting,/səbˈmɪtɪŋ/,提交,Please submit your expense report by the end of the week.,請在週末前提交您的費用報銷單。,toeic_advanced,3,Technical,ITSupport,"TOEIC,Reading,Part5,Part7",v.
successful,/səkˈsɛsfəɫ/,成功的,The company's new marketing strategy proved successful in increasing sales.,該公司的全新行銷策略在增加銷售額方面取得了成功。,toeic_advanced,3,Marketing,Sales,"TOEIC,Reading,Part5,Part7",adj.
suddenly,/ˈsədənɫi/,突然地,The meeting was cancelled suddenly due to unforeseen circumstances.,由於突發狀況，會議突然被取消。,toeic_advanced,3,Corporate,DailyWork,"TOEIC,Reading,Part5,Part7",adv.
suggests,/səˈdʒɛsts/,建議,The report suggests a potential cost reduction through automation.,報告建議透過自動化來降低潛在成本。,toeic_advanced,3,Manufacturing,Production,"TOEIC,Reading,Part5,Part7",v.
summarize,/ˈsəmɝˌaɪz/,概括,Could you please summarize the key findings of the market research report?,您能請您總結一下市場調查報告的重點發現嗎？,toeic_advanced,3,Marketing,Sales,"TOEIC,Reading,Part5,Part7",v.
supervisor,/ˈsupɝˌvaɪzɝ/,負責監督，指導下屬工作並確保任務達成的管理人員,The project supervisor will review the team's progress every Friday.,專案主管將於每週五檢查團隊的進度。,toeic_advanced,3,HumanResources,Recruitment,"TOEIC,Reading,Part5,Part7",n.
suppliers,/səˈpɫaɪɝz/,供應商,We are currently seeking new suppliers for raw materials to reduce costs.,我們目前正在尋找新的原材料供應商以降低成本。,toeic_advanced,3,Corporate,Logistics,"TOEIC,Reading,Part5,Part7",n.
supplies,/səˈpɫaɪz/,物資，供應品,The office manager is responsible for ordering stationery supplies.,辦公室經理負責訂購文具用品。,toeic_advanced,3,Corporate,DailyWork,"TOEIC,Reading,Part5,Part7",n.
supported,/səˈpɔɹtɪd/,支持,The company's marketing budget is supported by increased sales revenue.,公司的行銷預算由增加的銷售收入所支持。,toeic_advanced,3,Finance,Investment,"TOEIC,Reading,Part5,Part7",v./adj.
supposed,/səˈpoʊzd/,據說,"The meeting was supposed to start at 2:00 PM, but it was delayed.",會議本來預計在下午 2:00 開始，但卻延遲了。,toeic_advanced,3,Technical,ITSupport,"TOEIC,Reading,Part5,Part7",adj./v.
surprise,/səˈpɹaɪz/,驚訝,The unexpected announcement of the merger came as a surprise to all employees.,併購的意外公告讓所有員工都感到驚訝。,toeic_advanced,3,CorporateGovernance,CorporateStrategy,"TOEIC,Reading,Part5,Part7",n./v.
surprised,/səˈpɹaɪzd/,感到驚訝或意外，通常指對出乎意料的情況產生反應。,The project manager was surprised by the sudden increase in material costs.,專案經理對於材料成本突然增加感到意外。,toeic_advanced,3,Corporate,Communication,"TOEIC,Reading,Part5,Part7",adj./v.
surprising,/səˈpɹaɪzɪŋ/,令人驚訝的,The company announced surprisingly high profits despite the economic downturn.,儘管經濟衰退，公司宣布了令人驚訝的高利潤。,toeic_advanced,3,Finance,Investment,"TOEIC,Reading,Part5,Part7",adj.
teachers,/ˈtitʃɝz/,教師,The company is seeking experienced teachers for its new language training program.,公司正在尋找有經驗的教師，以參與其新的語言培訓計畫。,toeic_advanced,3,Technical,ITSupport,"TOEIC,Reading,Part5,Part7",n.
teaching,/ˈtitʃɪŋ/,教學,The company provides ongoing teaching and training programs for its employees.,公司為員工提供持續的教學和培訓計畫。,toeic_advanced,3,HumanResources,Compensation,"TOEIC,Reading,Part5,Part7",n./v.
teamwork,/ˈtimˌwɝk/,團隊合作,The company's new teamwork initiative exceeded expectations in the first quarter.,公司的新teamwork計畫在第一季度超出了預期。,toeic_advanced,3,Technical,ITSupport,"TOEIC,Reading,Part5,Part7",n.
technical,/ˈtɛknɪkəɫ/,與技術相關的,The software requires a technical expert to troubleshoot the error.,軟體需要一位技術專家來排除這個錯誤。,toeic_advanced,3,Technical,ITSupport,"TOEIC,Reading,Part5,Part7",adj.
technology,/tɛkˈnɑɫədʒi/,科技,Our company is investing heavily in new technology to improve efficiency.,我們公司正在大量投資新技術以提高效率。,toeic_advanced,3,Finance,Investment,"TOEIC,Reading,Part5,Part7",n.
teenager,/ˈtiˌneɪdʒɝ/,青少年,Many teenagers enjoy spending time on social media.,許多青少年喜歡花時間在社群媒體上。,toeic_advanced,3,Travel,Hospitality,"TOEIC,Reading,Part5,Part7",n.
telephone,/ˈtɛɫəˌfoʊn/,電話,Could you please leave a message on the telephone?,您好，請問可以留言嗎？,toeic_advanced,3,Corporate,Communication,"TOEIC,Reading,Part5,Part7",n.
themselves,/ðəmˈsɛɫvz/,他們自己,The team members reviewed the report themselves before submitting it to the manager.,團隊成員在提交給經理之前，親自審閱了報告。,toeic_advanced,3,Technical,ITSupport,"TOEIC,Reading,Part5,Part7",pronoun
therefore,/ˈðɛɹˌfɔɹ/,因此,"The project budget was exceeded; therefore, we need to find ways to reduce costs.",專案預算超支了；因此，我們需要找到降低成本的方法。,toeic_advanced,3,Finance,Investment,"TOEIC,Reading,Part5,Part7",adv.
thousand,/ˈθaʊzən/,一千,The small business secured a loan for a thousand dollars.,這家小型企業獲得了一千美元的貸款。,toeic_advanced,3,Corporate,GeneralBusiness,"TOEIC,Reading,Part5,Part7",n./adj.
thousands,/ˈθaʊzəndz/,數千,The company sold thousands of units during the holiday season.,該公司在節假日期間售出了成千上萬的產品。,toeic_advanced,3,Technical,ITSupport,"TOEIC,Reading,Part5,Part7",n./adj.
throughout,/θɹuˈaʊt/,貫穿，遍及，在…期間,The company's logo is displayed throughout the building to reinforce brand recognition.,為了強化品牌認知度，公司的標誌貫穿整個建築。,toeic_advanced,3,Marketing,Sales,"TOEIC,Reading,Part5,Part7",adv.
thursday,/ˈθɝzˌdeɪ/,星期四,The meeting has been rescheduled to Thursday at 2:00 PM.,會議已改期至星期四下午 2:00 舉行。,toeic_advanced,3,Corporate,DailyWork,"TOEIC,Reading,Part5,Part7",n.
together,/təˈɡɛðɝ/,一起,We need to work together to achieve our goals.,我們需要一起合作來達成我們的目標。,toeic_advanced,3,Corporate,Communication,"TOEIC,Reading,Part5,Part7",adv.
tomorrow,/təˈmɑˌɹoʊ/,明天,Let's discuss the project details tomorrow.,我們明天討論專案細節吧。,toeic_advanced,3,Corporate,DailyWork,"TOEIC,Reading,Part5,Part7",n./adv.
tracking,/ˈtɹækɪŋ/,追蹤,The company's new tracking initiative exceeded expectations in the first quarter.,公司的新tracking計畫在第一季度超出了預期。,toeic_advanced,3,Technical,ITSupport,"TOEIC,Reading,Part5,Part7",adj.
training,/ˈtɹeɪnɪŋ/,培訓,The company offers comprehensive training programs for all new employees.,公司為所有新進員工提供全面的培訓計畫。,toeic_advanced,3,HumanResources,Compensation,"TOEIC,Reading,Part5,Part7",n./v.
transfer,/ˈtɹænsfɝ/,調動,The company is transferring Mr. Lee to the marketing department.,公司將李先生調到行銷部門。,toeic_advanced,3,Marketing,Sales,"TOEIC,Reading,Part5,Part7",v./n.
transport,/ˈtɹænspɔɹt/,運輸,The logistics department is responsible for the safe transport of goods to our overseas branches.,物流部門負責將貨物安全地運送到我們的海外分行。,toeic_advanced,3,Corporate,Logistics,"TOEIC,Reading,Part5,Part7",v./n.
unable,/əˈneɪbəɫ/,無法,"Due to a system error, I am unable to process your payment at this time.",由於系統錯誤，目前我無法處理您的付款。,toeic_advanced,3,Technical,ITSupport,"TOEIC,Reading,Part5,Part7",adj.
understand,/ˌəndɝˈstænd/,理解,Could you please clarify the terms of the contract so I can fully understand the agreement?,您能請解釋一下合約的條款，以便我能完全理解這項協議嗎？,toeic_advanced,3,Legal,Contracts,"TOEIC,Reading,Part5,Part7",v.
university,/ˌjunəˈvɝsəti/,大學,The company offers tuition reimbursement for employees pursuing degrees at a university.,公司為員工在大學進修提供學費補助。,toeic_advanced,3,HumanResources,Compensation,"TOEIC,Reading,Part5,Part7",n.
upcoming,/ˈəpˌkəmɪŋ/,即將到來的,The company announced several upcoming product launches at the conference.,公司在會議上宣布了幾個即將發布的新產品。,toeic_advanced,3,Corporate,DailyWork,"TOEIC,Reading,Part5,Part7",adj.
updating,/ˈəpˌdeɪtɪŋ/,更新,The IT department is currently updating the company's software to the latest version.,資訊部門目前正在將公司的軟體更新到最新版本。,toeic_advanced,3,Technical,ITSupport,"TOEIC,Reading,Part5,Part7",v./adj.
upgraded,/ˈəpˌɡɹeɪdɪd/,升級,The company upgraded its software to the latest version to enhance security.,公司將其軟體升級到最新版本以增強安全性。,toeic_advanced,3,Technical,ITSupport,"TOEIC,Reading,Part5,Part7",v./adj.
upgrades,/ˈəpˌɡɹeɪdz/,升級,The company is offering free upgrades to the latest software version for all its clients.,公司為所有客戶提供免費升級到最新軟體版本的服務。,toeic_advanced,3,Marketing,Sales,"TOEIC,Reading,Part5,Part7",n./v.
upstairs,/əpˈstɛɹz/,樓上,"The executive offices are upstairs, please take the elevator to the 10th floor.",行政辦公室在樓上，請搭電梯到 10 樓。,toeic_advanced,3,CorporateGovernance,CorporateStrategy,"TOEIC,Reading,Part5,Part7",adv./preposition
vacuuming,/ˈvækjumɪŋ/,吸塵清潔,The cleaning staff is scheduled to be vacuuming the office floors this afternoon.,清潔人員預計今天下午會吸塵清潔辦公室地板。,toeic_advanced,3,HumanResources,Compensation,"TOEIC,Reading,Part5,Part7",v.
vehicles,/ˈvihɪkəɫz/,車輛,The company is investing in a fleet of electric vehicles to reduce its carbon footprint.,該公司正在投資一輛輛電動車隊，以減少其碳足跡。,toeic_advanced,3,Finance,Investment,"TOEIC,Reading,Part5,Part7",n.
version,/ˈvɝʒən/,版本,The software company released a new version of their product to address user feedback.,為了處理用戶的回饋，軟體公司發布了其產品的新版本。,toeic_advanced,3,Technical,ITSupport,"TOEIC,Reading,Part5,Part7",n.
visiting,/ˈvɪzɪtɪŋ/,拜訪,The sales team is visiting potential clients next week to present our new product.,銷售團隊下週將拜訪潛在客戶，以介紹我們的最新產品。,toeic_advanced,3,Marketing,Sales,"TOEIC,Reading,Part5,Part7",v./adj.
visitors,/ˈvɪzɪtɝz/,訪客,The conference attracted over 500 visitors from various industries.,這場會議吸引了來自各行各業的 500 多位訪客。,toeic_advanced,3,Technical,ITSupport,"TOEIC,Reading,Part5,Part7",n.
voicemail,/ˈvɔɪsˌmeɪɫ/,語音留言信箱,I'm sorry I missed your call. Please leave a voicemail and I'll get back to you as soon as possible.,很抱歉我錯過了您的來電。請留下語音留言，我會盡快回覆您。,toeic_advanced,3,Corporate,Communication,"TOEIC,Reading,Part5,Part7",n.
volunteer,/ˌvɑɫənˈtɪɹ/,自願擔任,Our company encourages employees to volunteer their time for community service projects.,我們公司鼓勵員工自願參與社區服務項目。,toeic_advanced,3,HumanResources,Compensation,"TOEIC,Reading,Part5,Part7",v./n.
volunteers,/ˌvɑɫənˈtɪɹz/,志願者,The company encourages employees to volunteer their time for community outreach programs.,公司鼓勵員工參與社區服務計畫，貢獻時間。,toeic_advanced,3,HumanResources,Compensation,"TOEIC,Reading,Part5,Part7",n.
warehouse,/ˈwɛɹˌhaʊs/,倉庫,Our company is expanding its warehouse capacity to meet the increasing demand.,我們公司正在擴展倉庫容量以滿足不斷增長的需求。,toeic_advanced,3,Logistics,Transit,"TOEIC,Reading,Part5,Part7",n.
watching,/ˈwɑtʃɪŋ/,觀看,The security team is watching the surveillance footage for any suspicious activity.,安全團隊正在監控監控錄像，以尋找任何可疑活動。,toeic_advanced,3,Technical,ITSupport,"TOEIC,Reading,Part5,Part7",v./adj.
websites,/ˈwɛbˌsaɪts/,網站,Our company maintains several websites to showcase our products and services.,我們公司維護了幾個網站，以展示我們的產品和服務。,toeic_advanced,3,Technical,ITSupport,"TOEIC,Reading,Part5,Part7",n.
wednesday,/ˈwɛnzˌdeɪ/,星期三,The meeting is scheduled for Wednesday morning at 9:00 AM.,會議預計在星期三上午九點舉行。,toeic_advanced,3,Corporate,DailyWork,"TOEIC,Reading,Part5,Part7",n.
weekends,/ˈwiˌkɛndz/,週末，通常指星期六和星期日，是工作人員休息和休閒的時間。,Our team usually has project meetings on Monday mornings to review the weekend's progress.,我們的團隊通常在星期一早上召開專案會議，以檢視週末的進度。,toeic_advanced,3,Corporate,DailyWork,"TOEIC,Reading,Part5,Part7",n.
whenever,/hwɛˈnɛvɝ/,任何時間,Please let me know whenever you receive the shipment confirmation.,收到貨運確認時，請隨時告知我。,toeic_advanced,3,Logistics,Transit,"TOEIC,Reading,Part5,Part7",adv./conjunction
wonderful,/ˈwəndɝfəɫ/,極好的,"The presentation was wonderful, and the client expressed great interest in our proposal.",簡報非常精彩，客戶也表達了對我們提案的濃厚興趣。,toeic_advanced,3,Finance,Investment,"TOEIC,Reading,Part5,Part7",adj.
workplace,/ˈwɝkˌpɫeɪs/,工作場所,The company is investing in a modern workplace to improve employee productivity.,公司正在投資現代化的工作場所，以提高員工生產力。,toeic_advanced,3,Manufacturing,Production,"TOEIC,Reading,Part5,Part7",n.
workshop,/ˈwɝkˌʃɑp/,工作坊,The company will hold a workshop on effective communication skills for all employees.,公司將為所有員工舉辦一場關於有效溝通技巧的工作坊。,toeic_advanced,3,HumanResources,Compensation,"TOEIC,Reading,Part5,Part7",n.
yesterday,/ˈjɛstɝˌdeɪ/,昨天,I completed the report yesterday afternoon.,我昨天下午完成了報告。,toeic_advanced,3,Corporate,DailyWork,"TOEIC,Reading,Part5,Part7",adv./n.
yourself,/ˈjɔɹsɛɫf/,指代自己,Please review the document yourself before submitting it to your supervisor.,請在提交給您的主管之前，親自審閱文件。,toeic_advanced,3,Technical,ITSupport,"TOEIC,Reading,Part5,Part7",pronoun
abilities,/əˈbɪɫəˌtiz/,能力，技能,The company is looking for candidates with strong communication abilities.,公司正在尋找具備良好溝通能力的候選人。,toeic_advanced,3,Technical,ITSupport,"TOEIC,Reading,Part5,Part7",n.
accepting,/ækˈsɛptɪŋ/,接受,The company is accepting applications for the marketing manager position until the end of the month.,公司將接受市場經理職位的申請，截止日期為本月底。,toeic_advanced,3,Marketing,Sales,"TOEIC,Reading,Part5,Part7",adj./v.
achieving,/əˈtʃivɪŋ/,達成,The company is focused on achieving its sales targets for the quarter.,公司專注於實現本季的銷售目標。,toeic_advanced,3,Marketing,Sales,"TOEIC,Reading,Part5,Part7",v./adj.
activate,/ˈæktəˌveɪt/,啟動,Please activate your account by clicking the link in the confirmation email.,請點擊確認郵件中的連結以啟用您的帳戶。,toeic_advanced,3,Finance,Investment,"TOEIC,Reading,Part5,Part7",v.
activated,/ˈæktəˌveɪtɪd/,啟動,The security system was activated by the motion sensor.,運動感應器啟動了安全系統。,toeic_advanced,3,Technical,ITSupport,"TOEIC,Reading,Part5,Part7",v./adj.
agencies,/ˈeɪdʒənsiz/,機構,The recruitment agencies are assisting the company in finding qualified candidates.,招聘機構正在協助公司尋找合格的候選人。,toeic_advanced,3,HumanResources,Recruitment,"TOEIC,Reading,Part5,Part7",n.
advisable,/ədˈvaɪzəbl/,明智的，可取的,It is advisable to book flight tickets well in advance of the conference.,在會議前儘早預訂機票是明智的做法。,toeic_advanced,3,Travel,Transit,"TOEIC,Reading,Part5,Part7",adj.
benchmark,/ˈbentʃmɑːrk/,基準，標竿,The company uses customer satisfaction as a key benchmark for service quality.,該公司將客戶滿意度視為服務品質的關鍵基準。,toeic_advanced,3,Technical,ITSupport,"TOEIC,Reading,Part5,Part7",n.
briefcase,/ˈbriːfkeɪs/,公事包,The executive left his leather briefcase in the conference room.,該主管將其真皮公事包遺忘在會議室中。,toeic_advanced,3,CorporateGovernance,CorporateStrategy,"TOEIC,Reading,Part5,Part7",n.
deputize,/ˈdepjutaɪz/,委任為代表，代理,The director will deputize his assistant to sign approvals during his absence.,處長將在缺席期間授權助理代為簽署核准文件。,toeic_advanced,3,CorporateGovernance,CorporateStrategy,"TOEIC,Reading,Part5,Part7",v.
hazardous,/ˈhæzərdəs/,危險的，有害的,Warehouse staff must wear protective gear when handling hazardous materials.,倉庫工作人員在處理危險物品時必須穿戴防護裝備。,toeic_advanced,3,Logistics,Transit,"TOEIC,Reading,Part5,Part7",adj.
jeopardize,/ˈdʒepərdaɪz/,危及，危害,Any supply chain delay could jeopardize the scheduled product release.,任何供應鏈的延遲都可能危及預定的產品發布時程。,toeic_advanced,3,Logistics,Transit,"TOEIC,Reading,Part5,Part7",v.
mandatory,/ˈmændətɔːri/,強制的，必須履行的,Attendance at the workplace safety orientation is mandatory for all new employees.,所有新員工都必須強制參加工作場所安全講習。,toeic_advanced,3,HumanResources,Compensation,"TOEIC,Reading,Part5,Part7",adj.
monetize,/ˈmɑːnɪtaɪz/,貨幣化，變現，從中獲利,The media company seeks to monetize its digital content through subscriptions.,這家媒體公司試圖透過訂閱服務將其數位內容變現。,toeic_advanced,3,Technical,ITSupport,"TOEIC,Reading,Part5,Part7",v.
redundant,/rɪˈdʌndənt/,多餘的，被資遣的,The merger led to several redundant positions being eliminated in administration.,併購導致行政部門多個重複冗餘的職位被裁撤。,toeic_advanced,3,CorporateGovernance,CorporateStrategy,"TOEIC,Reading,Part5,Part7",adj.
crate,/crate/,木箱；棧板箱,The shipment of fragile goods arrived in sturdy crates.,易碎貨物的貨運以堅固的棧板箱送達。,toeic_advanced,3,Logistics,Transit,"TOEIC,Reading,Part5,Part7",n.
flood,/flood/,（因暴雨等原因）大量湧入；淹沒；（資訊）大量湧入（資料、訊息等）,"The recent floods have disrupted the supply chain, causing delays in product delivery.",最近的洪災擾亂了供應鏈，導致產品交付延遲。,toeic_advanced,3,Logistics,Transit,"TOEIC,Reading,Part5,Part7",n.
grab,/grab/,迅速地抓住；搶奪,The warehouse worker needs to grab the correct package quickly to meet the delivery deadline.,倉庫工作人員需要迅速地抓住正確的包裹，以滿足交貨期限。,toeic_advanced,3,Logistics,Transit,"TOEIC,Reading,Part5,Part7",v.
inch,/inch/,英吋，一種英制測量單位，常用於描述尺寸、大小。,The specifications require the screen size to be exactly 15 inches.,規格要求螢幕尺寸必須精確地為 15 英吋。,toeic_advanced,3,Manufacturing,Production,"TOEIC,Reading,Part5,Part7",n.
load,/load/,負載,We need to load this carefully.,我們需要仔細負載。,toeic_advanced,3,Logistics,SupplyChain,"TOEIC,Reading,Part5,Part7",n.
mart,/mart/,大型超市或購物中心，通常提供多樣化的商品和服務。,Our company has a contract to supply office supplies to several large marts in the region.,我們公司有合約向該地區多家大型超市供應辦公用品。,toeic_advanced,3,Legal,Contracts,"TOEIC,Reading,Part5,Part7",n.
metal,/metal/,金屬；金屬製品,The supplier confirmed that the shipment contains high-quality metals for the manufacturing process.,供應商確認，這批貨物包含用於製造過程的高品質金屬。,toeic_advanced,3,Manufacturing,Production,"TOEIC,Reading,Part5,Part7",n.
meter,/meter/,公尺，一種長度單位；也指測量儀器。,The supplier needs to provide the dimensions of the shipment in meters.,供應商需要以公尺為單位提供貨運的尺寸。,toeic_advanced,3,Logistics,Transit,"TOEIC,Reading,Part5,Part7",n.
pile,/pile/,堆積物；大量積累的物品,The warehouse staff are struggling to manage the growing pile of unsold merchandise.,倉庫人員正努力應付不斷堆積的滯銷商品。,toeic_advanced,3,Logistics,Transit,"TOEIC,Reading,Part5,Part7",n.
pipe,/pipe/,管子；管道（用於輸送液體、氣體等）,The maintenance team needs to repair the leaking pipe in the warehouse.,維護團隊需要修理倉庫裡漏水的管子。,toeic_advanced,3,Manufacturing,Production,"TOEIC,Reading,Part5,Part7",n.
port,/port/,港口；碼頭，通常指用於船舶停靠、貨物裝卸的設施。,The company is negotiating a contract to ship goods through the Port of Shanghai.,公司正在協商一項合同，通過上海港運輸貨物。,toeic_advanced,3,Legal,Contracts,"TOEIC,Reading,Part5,Part7",n.
rack,/rack/,貨架；置物架；堆積物,The warehouse staff are responsible for organizing the inventory on the racks.,倉庫員工負責在貨架上整理庫存。,toeic_advanced,3,Logistics,SupplyChain,"TOEIC,Reading,Part5,Part7",n.
roll,/roll/,捲動；推出；（輪子）滾動；（文件）列印,The company is rolling out a new software update to all employees next week.,公司下週將向所有員工推出新的軟體更新。,toeic_advanced,3,HumanResources,Compensation,"TOEIC,Reading,Part5,Part7",v.
seeds,/seeds/,種子；（比喻）潛在的機會或資源,"The agricultural company is investing in research to develop new, high-yield seeds.",這家農業公司正在投資研究，以開發新的高產種子。,toeic_advanced,3,Manufacturing,Production,"TOEIC,Reading,Part5,Part7",n.
spray,/spray/,噴灑；霧化；（用於）噴霧劑,The warehouse staff are instructed to spray the pallets with a disinfectant to prevent contamination.,倉庫人員奉指示對棧板噴灑消毒劑，以防止污染。,toeic_advanced,3,Logistics,Transit,"TOEIC,Reading,Part5,Part7",v.
stamp,/stamp/,郵票；蓋章,Please ensure all outgoing packages are properly stamped with postage.,請確保所有寄出的包裹都已正確蓋上郵票。,toeic_advanced,3,Technical,ITSupport,"TOEIC,Reading,Part5,Part7",n.
steel,/steel/,鋼材；鋼鐵,The construction company ordered a large shipment of steel for the new skyscraper project.,該建築公司為新建摩天大樓項目訂購了大量鋼材。,toeic_advanced,3,Logistics,Transit,"TOEIC,Reading,Part5,Part7",n.
throw,/throw/,拋擲；丟棄；（數據）傳輸,The warehouse staff are instructed to throw damaged goods into the designated disposal area.,倉庫人員指示將損壞的貨物丟棄到指定的處理區域。,toeic_advanced,3,Logistics,Transit,"TOEIC,Reading,Part5,Part7",v.
wrap,/wrap/,包覆；包裹；包裝；（文件等）整理歸檔,The shipping department needs to wrap each fragile item securely to prevent damage during transit.,運輸部門需要將每個易碎物品安全地包覆，以防止運輸過程中損壞。,toeic_advanced,3,Logistics,Transit,"TOEIC,Reading,Part5,Part7",v.
access,/ˈækses/,進入，使用權,You need a password to access the database.,您需要密碼才能訪問資料庫。,toeic_advanced,3,Technical,ITSupport,"TOEIC,Reading,Part5,Part7",v.
adjust,/əˈdʒʌst/,調整，適應,We need to adjust our marketing strategy.,我們需要調整我們的行銷策略。,toeic_advanced,3,Marketing,Sales,"TOEIC,Reading,Part5,Part7",v.
approve,/əˈpruːv/,批准，贊成,The board must approve the budget first.,董事會必須先批准預算。,toeic_advanced,3,CorporateGovernance,BoardOfDirectors,"TOEIC,Reading,Part5,Part7",v.
assign,/əˈsaɪn/,分配，指派,The supervisor will assign new tasks daily.,主管每天都會指派新任務。,toeic_advanced,3,Corporate,GeneralBusiness,"TOEIC,Reading,Part5,Part7",v.
assume,/əˈsuːm/,假設，承擔,She will assume the role of manager tomorrow.,她明天將接任經理一職。,toeic_advanced,3,HumanResources,EmploymentAndStaff,"TOEIC,Listening,Reading,Part3,Part7",v.
attain,/əˈteɪn/,達到，獲得,She worked hard to attain her position.,她努力工作以獲得她的職位。,toeic_advanced,3,Technical,ITSupport,"TOEIC,Reading,Part5,Part7",v.
audit,/ˈɔːdɪt/,審計，查帳,An independent firm will audit our accounts.,一家獨立的公司將審計我們的帳目。,toeic_advanced,3,Finance,Accounting,"TOEIC,Reading,Part6,Part7",n./v.
build,/bɪld/,建造，建立,We want to build a strong relationship with clients.,我們希望與客戶建立牢固的關係。,toeic_advanced,3,Marketing,Sales,"TOEIC,Reading,Part5,Part7",v.
collect,/kəˈlekt/,收集，徵收,We need to collect feedback from users.,我們需要收集用戶的反饋。,toeic_advanced,3,Corporate,GeneralBusiness,"TOEIC,Reading,Part5,Part7",v.
compete,/kəˈpiːt/,競爭,We must compete with international brands.,我們必須與國際品牌競爭。,toeic_advanced,3,Marketing,Sales,"TOEIC,Reading,Part5,Part7",v.
contact,/ˈkɑːntækt/,聯繫，接觸,Please contact customer support for help.,請聯繫客戶服務尋求幫助。,toeic_advanced,3,Corporate,GeneralBusiness,"TOEIC,Reading,Part5,Part7",v.
convert,/kənˈvɜːrt/,轉換，轉變,We need to convert the data format.,我們需要轉換數據格式。,toeic_advanced,3,Corporate,GeneralBusiness,"TOEIC,Reading,Part5,Part7",v.
debate,/dɪˈbeɪt/,辯論，討論,The board will debate the budget proposal.,董事會將討論預算提案。,toeic_advanced,3,CorporateGovernance,BoardOfDirectors,"TOEIC,Reading,Part5,Part7",v.
deduct,/dɪˈdʌkt/,扣除，減去,They will deduct taxes from your pay.,他們將從您的工資中扣除稅款。,toeic_advanced,3,Finance,Accounting,"TOEIC,Reading,Part5,Part7",v.
demand,/dɪˈmænd/,需求，要求,The demand for online services is growing.,對線上服務的需求正在增長。,toeic_advanced,3,Corporate,GeneralBusiness,"TOEIC,Reading,Part5,Part7",v.
depress,/dɪˈpres/,使沮喪，使蕭條,High interest rates can depress the market.,高利率可能會壓抑市場。,toeic_advanced,3,Finance,Investment,"TOEIC,Reading,Part5,Part7",v.
destroy,/dɪˈstrɔɪ/,破壞，毀滅,Fire destroyed the main server room.,大火摧毀了主伺服器室。,toeic_advanced,3,Technical,ITSupport,"TOEIC,Reading,Part5,Part7",v.
empower,/ɪmˈpaʊər/,授權，賦能,The program empowers staff to make decisions.,該項目使員工有權做出決定。,toeic_advanced,3,HumanResources,Compensation,"TOEIC,Reading,Part5,Part7",v.
enforce,/ɪnˈfɔːrs/,執行，強制實施,The agency will enforce the new regulations.,該機構將執行新法規。,toeic_advanced,3,Corporate,GeneralBusiness,"TOEIC,Reading,Part5,Part7",v.
enlarge,/ɪnˈlɑːrdʒ/,擴大，放大,They plan to enlarge the warehouse facility.,他們計劃擴大倉庫設施。,toeic_advanced,3,Logistics,Transit,"TOEIC,Reading,Part5,Part7",v.
excerpt,/ˈeksɜːrpt/,摘錄，節錄,Read this brief excerpt from the market report.,閱讀市場報告中的這段簡短摘錄。,toeic_advanced,3,Marketing,Sales,"TOEIC,Reading,Part5,Part7",v.
exclude,/ɪkˈskluːd/,排除，不包括,The price excludes tax and shipping fees.,價格不包括稅金和運費。,toeic_advanced,3,Finance,Accounting,"TOEIC,Reading,Part5,Part7",v.
expand,/ɪkˈspænd/,擴展，擴大,The firm wants to expand into new markets.,該公司希望拓展新市場。,toeic_advanced,3,Marketing,Sales,"TOEIC,Reading,Part5,Part7",v.
expire,/ɪkˈspaɪər/,到期，終止,Your contract will expire next month.,您的合同將於下個月到期。,toeic_advanced,3,Legal,Contracts,"TOEIC,Reading,Part5,Part7",v.
export,/ɪkˈspɔːrt/,出口，輸出,The country exports electronic devices.,該國出口電子設備。,toeic_advanced,3,Corporate,GeneralBusiness,"TOEIC,Reading,Part5,Part7",v.
extend,/ɪkˈstend/,延長，擴展,They agreed to extend the deadline by a week.,他們同意將截止日期延長一週。,toeic_advanced,3,Corporate,GeneralBusiness,"TOEIC,Reading,Part5,Part7",v.
foster,/ˈfɔːstər/,促進，培養,The workshop aims to foster innovation.,研討會旨在促進創新。,toeic_advanced,3,Corporate,GeneralBusiness,"TOEIC,Reading,Part5,Part7",v.
freight,/freɪt/,貨運，貨物,Air freight is faster but more expensive.,航空貨運速度較快但費用較高。,toeic_advanced,3,Logistics,Transit,"TOEIC,Reading,Part5,Part7",n.
govern,/ˈɡʌvərn/,管理，統治,Regulations govern financial transactions.,法規約束金融交易。,toeic_advanced,3,Finance,Investment,"TOEIC,Reading,Part5,Part7",v.
handle,/ˈhændl/,處理，操縱,Customer service handles all complaints.,客戶服務部處理所有投訴。,toeic_advanced,3,Corporate,GeneralBusiness,"TOEIC,Reading,Part5,Part7",n.
improve,/ɪmˈpruːv/,改善，提升,We continuously improve our service quality.,我們不斷提升服務品質。,toeic_advanced,3,Technical,ITSupport,"TOEIC,Reading,Part5,Part7",v.
intend,/ɪnˈtend/,打算，企圖,They intend to launch the service in spring.,他們打算在春季推出該服務。,toeic_advanced,3,Corporate,GeneralBusiness,"TOEIC,Reading,Part5,Part7",v.
isolate,/ˈaɪsəleɪt/,隔離，孤立,Engineers will isolate the network glitch.,工程師將隔離網路故障。,toeic_advanced,3,Technical,ITSupport,"TOEIC,Reading,Part5,Part7",v.
license,/ˈlaɪsns/,許可，授權,The government will license new operators.,政府將向新業者發放許可證。,toeic_advanced,4,Corporate,GeneralBusiness,"TOEIC,Reading,Part5,Part7",v.
locate,/ˈloʊkeɪt/,定位，位於,They plan to locate the new plant near ports.,他們計劃將新廠設在港口附近。,toeic_advanced,4,Corporate,GeneralBusiness,"TOEIC,Reading,Part5,Part7",v.
measure,/ˈmeʒər/,測量，衡量,We use KPIs to measure project progress.,我們使用關鍵績效指標衡量項目進展。,toeic_advanced,4,Corporate,GeneralBusiness,"TOEIC,Reading,Part5,Part7",v.
merger,/ˈmɜːrdʒər/,合併，併購,The proposed corporate merger needs approval.,擬議的公司合併需要政府批准。,toeic_advanced,4,CorporateGovernance,CorporateStrategy,"TOEIC,Reading,Part5,Part7",n.
monitor,/ˈmɑːnɪtər/,監控，監視,The team will monitor system performance daily.,團隊將每天監控系統效能。,toeic_advanced,4,Technical,ITSupport,"TOEIC,Reading,Part5,Part7",v.
notify,/ˈnoʊtɪfaɪ/,通知，告知,Please notify us immediately of any delays.,如有任何延遲，請立即通知我們。,toeic_advanced,4,Corporate,GeneralBusiness,"TOEIC,Reading,Part5,Part7",v.
patron,/ˈpeɪtrən/,顧客，贊助人,Library patrons can borrow up to ten books.,圖書館讀者最多可借閱十本書。,toeic_advanced,4,Marketing,CustomerRelations,"TOEIC,Listening,Reading,Part3,Part7",n.
perform,/pərˈfɔːrm/,執行，表現,The system performed reliably under load.,該系統在負載下表現可靠。,toeic_advanced,4,Technical,ITSupport,"TOEIC,Reading,Part5,Part7",n.
subsidy,/ˈsʌbsədi/,補貼，津貼,Government subsidies support green energy tech.,政府補貼支持綠色能源技術。,toeic_advanced,4,Corporate,GeneralBusiness,"TOEIC,Reading,Part5,Part7",v.
clause,/klɔːz/,條款，項目,Please review the termination clause in the contract.,請審閱合同中的終止條款。,toeic_advanced,4,Legal,Contracts,"TOEIC,Reading,Part5,Part7",n.
breach,/briːtʃ/,違約，侵害,Failure to deliver constitutes a breach of contract.,未能如期交貨構成違約行為。,toeic_advanced,4,Logistics,Transit,"TOEIC,Reading,Part5,Part7",n.
default,/dɪˈfɔːlt/,違約，拖欠債務,The borrower defaulted on the loan repayment.,借款人拖欠了貸款償還。,toeic_advanced,4,Legal,Compliance,"TOEIC,Reading,Part5,Part7",n.
rebate,/ˈriːbeɪt/,退款，回扣,Mail in the coupon to claim a fifty-dollar rebate.,寄回折價券即可索取五十美元的退款。,toeic_advanced,4,Corporate,GeneralBusiness,"TOEIC,Reading,Part5,Part7",n.
fringe,/frɪndʒ/,額外的，邊緣的,Fringe benefits include gym membership and parking.,額外福利包括健身房會員資格與免費停車位。,toeic_advanced,4,HumanResources,Compensation,"TOEIC,Reading,Part5,Part7",n.
stipend,/ˈstaɪpend/,津貼，獎助金,Summer interns receive a generous monthly stipend.,暑期實習生每月可領取豐厚的生活津貼。,toeic_advanced,4,Corporate,GeneralBusiness,"TOEIC,Reading,Part5,Part7",n.
accrue,/əˈkruː/,累積，孳生,Interest begins to accrue immediately after withdrawal.,提款後利息立即開始累積計算。,toeic_advanced,4,Finance,Investment,"TOEIC,Reading,Part5,Part7",n.
ledger,/ˈledʒər/,總帳，分類帳,The bookkeeper reconciled the general ledger entries.,簿記員核對了總分類帳的各項會計分錄。,toeic_advanced,4,Corporate,GeneralBusiness,"TOEIC,Reading,Part5,Part7",n.
equity,/ˈekwəti/,股權，資產淨值,Founders retained sixty percent equity in the venture.,創始人保留了該新創公司百分之六十的股權。,toeic_advanced,4,Finance,Investment,"TOEIC,Reading,Part5,Part7",n.
bailout,/ˈbeɪlaʊt/,緊急紓困，援助金,The government approved a financial bailout for airlines.,政府批准了對航空公司的緊急財務紓困方案。,toeic_advanced,4,Finance,Investment,"TOEIC,Reading,Part5,Part7",n.
outage,/ˈaʊtɪdʒ/,電力中斷，停電，中斷,A sudden power outage shut down our server farm.,一場突如其來的停電導致我們的伺服器機房停擺。,toeic_advanced,4,Technical,ITSupport,"TOEIC,Reading,Part5,Part7",n.
verdict,/ˈvɜːrdɪkt/,判決，裁定,The jury reached a unanimous guilty verdict.,陪審團達成了一致的有罪裁決。,toeic_advanced,4,CorporateGovernance,CorporateStrategy,"TOEIC,Reading,Part5,Part7",n.
notary,/ˈnoʊtəri/,公證人,Sign the legal document before a certified public notary.,請在合格的公證人面前簽署該法律文件。,toeic_advanced,4,Legal,Compliance,"TOEIC,Reading,Part5,Part7",n.
itinerary,/aɪˈtɪnəreri/,行程表，旅行路線,The flight itinerary was emailed to all guests.,航班行程表已透過電子郵件寄送給所有客人。,toeic_advanced,4,Travel,Transit,"TOEIC,Listening,Reading,Part3,Part7",n.
overhead,/ˈoʊvərhed/,經常性支出，營運成本,Switching to remote work lowered office overhead.,改為遠端辦公降低了辦公室經常性開銷。,toeic_advanced,4,Technical,ITSupport,"TOEIC,Listening,Reading,Part3,Part7",v.
subsidiary,/səbˈsɪdieri/,子公司，附屬機構,The tech giant acquired an overseas subsidiary.,這家科技巨頭收購了一家海外子公司。,toeic_advanced,4,Travel,LogisticsAndTransit,"TOEIC,Listening,Reading,Part3,Part7",v.
apply,/əˈplaɪ/,申請，應用,You can apply for the job online.,您可以在線上申請該工作。,toeic_advanced,4,Corporate,GeneralBusiness,"TOEIC,Reading,Part5,Part7",v.
bid,/bɪd/,出價，投標,We decided to submit a bid for the project.,我們決定為該項目提交投標。,toeic_advanced,4,Technical,ITSupport,"TOEIC,Reading,Part5,Part7",v.
claim,/kleɪm/,聲稱，索賠,You can file a claim for travel expenses.,您可以申請差旅費報銷。,toeic_advanced,4,Travel,Hospitality,"TOEIC,Reading,Part5,Part7",v.
concern,/kənˈsɜːrn/,關心，涉及,The report concerns the company's growth.,該報告涉及公司的增長。,toeic_advanced,4,Travel,LogisticsAndTransit,"TOEIC,Listening,Reading,Part3,Part7",v.
convey,/kənˈveɪ/,傳達，運輸,Please convey my thanks to the team.,請向團隊轉達我的謝意。,toeic_advanced,4,Travel,LogisticsAndTransit,"TOEIC,Listening,Reading,Part3,Part7",v.
cure,/kjʊr/,治癒，解決,They hope to cure the technical issues.,他們希望解決技術問題。,toeic_advanced,4,Corporate,GeneralBusiness,"TOEIC,Reading,Part5,Part7",v.
earn,/ɜːrn/,賺得，贏得,The company earns a steady profit each quarter.,該公司每季度都有穩定的利潤。,toeic_advanced,4,Finance,Investment,"TOEIC,Reading,Part5,Part7",v.
embargo,/ɪmˈbɑːrɡoʊ/,貿易禁令，禁運,The government placed an embargo on oil imports.,政府對石油進口實施了禁運。,toeic_advanced,4,Travel,LogisticsAndTransit,"TOEIC,Listening,Reading,Part3,Part7",v.
gauge,/ɡeɪdʒ/,測量，評估,The survey helps gauge customer sentiment.,這項調查有助於評估客戶反響。,toeic_advanced,4,Corporate,GeneralBusiness,"TOEIC,Reading,Part5,Part7",v.
guide,/ɡaɪd/,引導，指導,The manual will guide users through setup.,手冊將指導用戶完成設定。,toeic_advanced,4,Corporate,GeneralBusiness,"TOEIC,Reading,Part5,Part7",v.
issue,/ˈɪʃuː/,發行，發出,The bank will issue a new credit card.,銀行將發行新的信用卡。,toeic_advanced,4,Technical,ITSupport,"TOEIC,Reading,Part5,Part7",v.
lease,/liːs/,租用，出租,We agreed to lease the downtown office space.,我們同意租下市中心的辦公場地。,toeic_advanced,4,Corporate,GeneralBusiness,"TOEIC,Reading,Part5,Part7",v.
limit,/ˈlɪmɪt/,限制，限定,We must limit unnecessary travel expenses.,我們必須限制不必要的差旅費用。,toeic_advanced,4,Travel,Hospitality,"TOEIC,Reading,Part5,Part7",v.
operate,/ˈɑːpəreɪt/,營運，運作,The firm operates twenty stores nationwide.,該公司在全國經營二十家門市。,toeic_advanced,4,Travel,LogisticsAndTransit,"TOEIC,Listening,Reading,Part3,Part7",v.
order,/ˈɔːrdər/,訂購，命令,Please order replacement parts today.,請於今天訂購更換零件。,toeic_advanced,4,Corporate,GeneralBusiness,"TOEIC,Reading,Part5,Part7",v.
claims,/ˈkɫeɪmz/,聲稱,The insurance company requires detailed documentation to support your claims.,保險公司需要詳細的文件來支持您的索賠。,toeic_advanced,4,Travel,Transit,"TOEIC,Reading,Part5,Part7",v.
adopt,/əˈdɑpt/,採用,The company decided to adopt a new performance evaluation system to improve employee productivity.,公司決定採用新的績效評估系統以提高員工生產力。,toeic_advanced,4,Manufacturing,Production,"TOEIC,Reading,Part5,Part7",v.
aims,/ˈeɪmz/,目標,Our company aims to increase market share by 10% this year.,我們公司今年的目標是將市場佔有率提高 10%。,toeic_advanced,4,Marketing,Sales,"TOEIC,Reading,Part5,Part7",v.
escrow,/ˈeskroʊ/,第三方代管，履約保證金,The purchase payment will be held in escrow until all inspections are completed.,採購款項將由第三方代管，直到所有查驗工作完成為止。,toeic_advanced,4,Manufacturing,QualityControl,"TOEIC,Reading,Part5,Part7",n.
appreciate,/əˈpriːʃieɪt/,感激，欣賞,I really appreciate your help.,我非常感激你的幫助。,toeic_advanced,4,Corporate,GeneralBusiness,"TOEIC,Reading,Part5,Part7",v.
associate,/əˈsoʊʃieɪt/,聯想，合夥人,He is a senior business associate.,他是一位高級業務合作夥伴。,toeic_advanced,4,Corporate,GeneralBusiness,"TOEIC,Reading,Part5,Part7",n.
certificate,/sərˈtɪfɪkət/,證書，執照,You will receive a certificate upon completion.,完成後您將獲得結業證書。,toeic_advanced,4,HumanResources,Qualifications,"TOEIC,Listening,Reading,Part3,Part7",n.
collaborate,/kəˈlæbəreɪt/,合作，協作,Our team will collaborate on this project.,我們的團隊將在這個項目上進行合作。,toeic_advanced,4,Corporate,GeneralBusiness,"TOEIC,Reading,Part5,Part7",v.
commence,/kəˈmens/,開始，倡導,The ceremony will commence at 10 AM.,儀式將於上午10點開始。,toeic_advanced,4,Corporate,GeneralBusiness,"TOEIC,Reading,Part5,Part7",v.
complement,/ˈkɑːmplɪment/,補充，相輔相成,The red wine complements the steak perfectly.,紅酒與牛排完美搭配。,toeic_advanced,4,Corporate,GeneralBusiness,"TOEIC,Reading,Part5,Part7",v.
comprehensive,/ˌkɑːmprɪˈhensɪv/,全面的，廣泛的,This is a comprehensive guide to learning Swift.,這是學習 Swift 的全面指南。,toeic_advanced,4,Corporate,GeneralBusiness,"TOEIC,Reading,Part5,Part7",adj.
conference,/ˈkɑːnfərəns/,會議，研討會,The regional sales conference is next month.,區域銷售會議定於下個月舉行。,toeic_advanced,4,Marketing,Sales,"TOEIC,Reading,Part5,Part7",n.
consolidate,/kəˈsɑːlɪdeɪt/,合併，鞏固,We plan to consolidate our departments.,我們計劃合併我們的部門。,toeic_advanced,4,Corporate,GeneralBusiness,"TOEIC,Reading,Part5,Part7",v.
contemplate,/ˈkɑːntəmpleɪt/,沉思，考量,She is contemplating moving to another country.,她正在考慮移居另一個國家。,toeic_advanced,4,Corporate,GeneralBusiness,"TOEIC,Reading,Part5,Part7",v.
controversy,/ˈkɑːntrəvɜːrsi/,爭議，辯論,The new policy caused a lot of controversy.,新政策引起了很多爭議。,toeic_advanced,4,Corporate,GeneralBusiness,"TOEIC,Reading,Part5,Part7",v.
discriminate,/dɪˈskrɪmɪneɪt/,歧視，區別,It is illegal to discriminate against employees.,歧視員工是違法的。,toeic_advanced,4,Legal,Compliance,"TOEIC,Reading,Part5,Part7",v.
document,/ˈdɑːkjumənt/,文件，紀錄,Please sign the document.,請在文件上簽字。,toeic_advanced,4,Corporate,GeneralBusiness,"TOEIC,Reading,Part5,Part7",v.
earnings,/ˈɜːrnɪŋz/,收益，利潤,Quarterly earnings exceeded expectations.,季度收益超出了預期。,toeic_advanced,4,Finance,Investment,"TOEIC,Reading,Part6,Part7",n.
evaluation,/ɪˌvæljuˈeɪʃn/,評估，評價,The annual evaluation measures productivity.,年度評估衡量工作效率。,toeic_advanced,4,Manufacturing,Production,"TOEIC,Reading,Part5,Part7",v.
exhibition,/ˌeksɪˈbɪʃn/,展覽，展覽會,We attended the international trade exhibition.,我們參加了國際貿易展覽會。,toeic_advanced,4,Technical,ITSupport,"TOEIC,Listening,Reading,Part3,Part7",n.
facility,/fəˈsɪləti/,設施，設備,The production facility operates around the clock.,該生產工廠全天候運轉。,toeic_advanced,4,Manufacturing,Production,"TOEIC,Reading,Part5,Part7",v.
generate,/ˈdʒenəreɪt/,產生，引起,The new campaign will generate leads.,新活動將帶來潛在客戶。,toeic_advanced,4,Marketing,Advertising,"TOEIC,Reading,Part5,Part7",v.
headquarters,/ˈhedkwɔːrtərz/,總部，總公司,Corporate headquarters moved to Chicago.,公司總部搬遷至芝加哥。,toeic_advanced,4,Corporate,Facilities,"TOEIC,Reading,Part5,Part7",n.
illustrate,/ˈɪləstreɪt/,說明，闡明,Charts illustrate the sales performance.,圖表說明了銷售業績。,toeic_advanced,4,Marketing,Sales,"TOEIC,Reading,Part5,Part7",v.
incorporate,/ɪnˈkɔːrpəreɪt/,合併，包含,We should incorporate user feedback in design.,我們應該在設計中融入用戶回饋。,toeic_advanced,4,Corporate,GeneralBusiness,"TOEIC,Reading,Part5,Part7",v.
interest,/ˈɪntrəst/,使感興趣，利息,The proposal interested several buyers.,該提案引起了數位買家的興趣。,toeic_advanced,4,Finance,Investment,"TOEIC,Reading,Part6,Part7",v.
merchandise,/ˈmɜːrtʃəndaɪs/,商品，貨物,Inspect all returned merchandise for damage.,檢查所有退回的商品是否有損壞。,toeic_advanced,4,Manufacturing,QualityControl,"TOEIC,Listening,Reading,Part3,Part7",n.
participant,/pɑːrˈtɪsɪpənt/,參與者，參加者,Each workshop participant received a binder.,每位工作坊參與者都收到了一本文件夾。,toeic_advanced,4,Corporate,GeneralBusiness,"TOEIC,Reading,Part5,Part7",n.
partnership,/ˈpɑːrtnərʃɪp/,合夥關係，合作,The firm formed a strategic partnership today.,該公司今天建立了戰略合作夥伴關係。,toeic_advanced,4,Corporate,Alliances,"TOEIC,Reading,Part5,Part7",n.
reception,/rɪˈsepʃn/,接待處，招待會,Please check in at the front desk reception.,請在櫃檯接待處辦理登記手續。,toeic_advanced,4,Corporate,GeneralBusiness,"TOEIC,Reading,Part5,Part7",n.
renovation,/ˌrenəˈveɪʃn/,裝修，翻新,The hotel reopened after a multimillion renovation.,這家酒店耗資數百萬翻新後重新開業。,toeic_advanced,4,Travel,Hospitality,"TOEIC,Reading,Part5,Part7",v.
reputation,/ˌrepjuˈteɪʃn/,聲譽，名聲,The firm built an outstanding market reputation.,該公司建立了卓越的市場聲譽。,toeic_advanced,4,Marketing,Sales,"TOEIC,Reading,Part5,Part7",v.
shareholder,/ˈʃerhoʊldər/,股東,Shareholders voted in favor of the expansion.,股東投票贊成擴張計劃。,toeic_advanced,4,CorporateGovernance,BoardOfDirectors,"TOEIC,Reading,Part5,Part7",n.
shipment,/ˈʃɪpmənt/,貨物，裝運,Track the freight shipment status online.,在線上追蹤這批貨物的運輸狀態。,toeic_advanced,4,Logistics,Transit,"TOEIC,Reading,Part5,Part7",n.
spokesperson,/ˈspoʊkspɜːrsn/,發言人,The corporate spokesperson held a press event.,公司發言人舉行了新聞發布會。,toeic_advanced,4,Corporate,PublicRelations,"TOEIC,Reading,Part5,Part7",n.
clearance,/ˈklɪrəns/,清倉大拍賣，許可,The warehouse clearance sale starts tomorrow morning.,倉庫清倉大拍賣將於明天上午開始。,toeic_advanced,4,Logistics,Transit,"TOEIC,Reading,Part5,Part7",n.
promotional,/prəˈmoʊʃənl/,促銷的，宣傳的,We launched a promotional campaign across social media.,我們在社交媒體上發起了一場促銷活動。,toeic_advanced,4,HumanResources,Compensation,"TOEIC,Reading,Part5,Part7",n.
receptionist,/rɪˈsepʃənɪst/,接待員，總機人員,The receptionist greeted visitors in the main lobby.,接待員在接待大廳親切歡迎訪客。,toeic_advanced,4,Technical,ITSupport,"TOEIC,Reading,Part5,Part7",n.
interviewee,/ˌɪntərvjuːˈiː/,面試者，受訪者,Each interviewee answered five behavioral questions.,每位面試者回答了五個行為面試問題。,toeic_advanced,4,HumanResources,Recruitment,"TOEIC,Reading,Part5,Part7",n.
inflation,/ɪnˈfleɪʃn/,通貨膨脹,Rising inflation prompted the central bank to raise rates.,通膨上升促使中央銀行調高利率。,toeic_advanced,4,Corporate,GeneralBusiness,"TOEIC,Reading,Part5,Part7",n.
inspection,/ɪnˈspekʃn/,檢查，檢驗,The plant passed the government safety inspection.,該工廠順利通過了政府安全檢驗。,toeic_advanced,4,Manufacturing,QualityControl,"TOEIC,Reading,Part5,Part7",n.
automation,/ˌɔːtəˈmeɪʃn/,自動化,Office automation streamlined repetitive paperwork.,辦公室自動化大幅簡化了重複性的文書作業。,toeic_advanced,4,Manufacturing,Production,"TOEIC,Reading,Part5,Part7",n.
relocation,/ˌriːloʊˈkeɪʃn/,搬遷，遷址,Corporate relocation to the suburbs lowered rent.,公司搬遷至郊區大幅降低了每月的租金開銷。,toeic_advanced,4,Corporate,GeneralBusiness,"TOEIC,Reading,Part5,Part7",n.
evacuation,/ɪˌvækjuˈeɪʃn/,疏散，撤離,Security staff led a smooth building evacuation drill.,保全人員引導了一次流暢的大樓疏散避難演習。,toeic_advanced,4,HumanResources,Compensation,"TOEIC,Reading,Part5,Part7",n.
accountant,/əˈkaʊntənt/,會計師,The company hired an accountant to manage their financial records.,公司聘請了一位會計師來管理他們的財務記錄。,toeic_advanced,4,Finance,Accounting,"TOEIC,Reading,Part5,Part7",n.
accounting,/əˈkaʊnɪŋ/,會計,The accounting department will finalize the quarterly financial statements by Friday.,會計部門將於週五完成本季財務報表的最終整理。,toeic_advanced,4,Finance,Accounting,"TOEIC,Reading,Part5,Part7",n.
accounts,/əˈkaʊnts/,帳戶,The auditor will review the company's accounts to ensure accuracy.,審計師將審查公司的帳戶，以確保準確性。,toeic_advanced,4,Finance,Accounting,"TOEIC,Reading,Part5,Part7",n.
addition,/əˈdɪʃən/,加法,"The project budget requires an addition of $5,000 for unexpected expenses.","專案預算需要額外增加 5,000 美元以應付 непредвиденные расходы。",toeic_advanced,4,Finance,Investment,"TOEIC,Reading,Part5,Part7",n.
advertisements,/ˈædvɝˌtaɪzmənts/,廣告,The company launched a series of advertisements to promote its new product line.,該公司推出一系列廣告，以推廣其新產品線。,toeic_advanced,4,HumanResources,Compensation,"TOEIC,Reading,Part5,Part7",n.
advertising,/ˈædvɝˌtaɪzɪŋ/,廣告,The company invested heavily in advertising to boost sales during the holiday season.,為了在節假日期間提高銷售額，該公司投入了大量資金進行廣告宣傳。,toeic_advanced,4,Finance,Investment,"TOEIC,Reading,Part5,Part7",n.
affordable,/əˈfɔɹdəbəɫ/,價格實惠的,We're looking for an affordable supplier of raw materials to reduce production costs.,我們正在尋找一家價格實惠的原材料供應商，以降低生產成本。,toeic_advanced,4,Manufacturing,Production,"TOEIC,Reading,Part5,Part7",adj.
agreement,/əˈɡɹimənt/,協議,Both parties signed the agreement to finalize the deal.,雙方簽署協議以完成交易。,toeic_advanced,4,Corporate,DailyWork,"TOEIC,Reading,Part5,Part7",n.
appearance,/əˈpɪɹəns/,外觀,The candidate's professional appearance helped him secure the job.,這位候選人的專業外貌幫助他獲得了這份工作。,toeic_advanced,4,Corporate,Communication,"TOEIC,Reading,Part5,Part7",n.
applications,/ˌæpɫəˈkeɪʃənz/,申請,The HR department is reviewing a large number of job applications.,人資部門正在審查大量的職位申請。,toeic_advanced,4,HumanResources,Recruitment,"TOEIC,Reading,Part5,Part7",n.
appointments,/əˈpɔɪntmənts/,預約,Please reschedule your appointment with Mr. Lee to next Tuesday.,請將您與李先生的預約改期至下週二。,toeic_advanced,4,Technical,ITSupport,"TOEIC,Reading,Part5,Part7",n.
appreciates,/əˈpɹiʃiˌeɪts/,重視,The company appreciates your prompt response and valuable feedback.,公司感謝您迅速的回應和寶貴的意見回饋。,toeic_advanced,4,Corporate,Communication,"TOEIC,Reading,Part5,Part7",v.
arrangements,/ɝˈeɪndʒmənts/,安排,The travel agency is handling all the flight and hotel arrangements for the conference.,旅行社正在為會議處理所有航班和酒店的安排。,toeic_advanced,4,Travel,Transit,"TOEIC,Reading,Part5,Part7",n.
assignment,/əˈsaɪnmənt/,作業,The manager assigned each team member a specific assignment to ensure project completion.,經理將特定的作業指派給每位團隊成員，以確保專案完成。,toeic_advanced,4,Manufacturing,Production,"TOEIC,Reading,Part5,Part7",n.
assistance,/əˈsɪstəns/,協助,The IT department provides technical assistance to all employees.,資訊部門為所有員工提供技術支援。,toeic_advanced,4,HumanResources,Compensation,"TOEIC,Reading,Part5,Part7",n.
attachment,/əˈtætʃmənt/,附件,Please find the contract details as an attachment to this email.,請查閱此電子郵件的附件，其中包含合約詳情。,toeic_advanced,4,Legal,Contracts,"TOEIC,Reading,Part5,Part7",n.
attachments,/əˈtætʃmənts/,附件,Please find the presentation slides and budget proposal as attachments to this email.,請查收此電子郵件的附件，其中包含簡報投影片和預算提案。,toeic_advanced,4,Finance,Investment,"TOEIC,Reading,Part5,Part7",n.
attention,/əˈtɛnʃən/,注意,Please give your full attention to the quarterly sales figures during the presentation.,請在簡報期間全神貫注於季度銷售數據。,toeic_advanced,4,Marketing,Sales,"TOEIC,Reading,Part5,Part7",n.
audience,/ˈɑdiəns/,聽眾,The speaker needs to engage the audience with compelling visuals and a clear message.,演講者需要透過引人入勝的視覺效果和清晰的信息來吸引聽眾。,toeic_advanced,4,Technical,ITSupport,"TOEIC,Reading,Part5,Part7",n.
available,/əˈveɪɫəbəɫ/,可用的,The project manager confirmed that the conference room is available for the meeting next Tuesday.,專案經理確認下週二的會議可以在會議室使用。,toeic_advanced,4,Corporate,DailyWork,"TOEIC,Reading,Part5,Part7",adj./adv.
balance,/ˈbæɫəns/,平衡,The company needs to balance its budget to ensure profitability.,公司需要平衡預算以確保盈利能力。,toeic_advanced,4,Finance,Investment,"TOEIC,Reading,Part5,Part7",n./v.
businessman,/ˈbɪznəsˌmæn/,商人,The successful businessman expanded his company into new markets.,這位成功的商人將他的公司擴展到新的市場。,toeic_advanced,4,Marketing,Sales,"TOEIC,Reading,Part5,Part7",n.
businessperson,/ˈbɪznəˈspɝsən/,從事商業活動的人，尤指企業主或經理人,She is a successful businessperson who built her company from the ground up.,她是一位成功的企業家，從零開始建立了她的公司。,toeic_advanced,4,Corporate,GeneralBusiness,"TOEIC,Reading,Part5,Part7",n.
cancellation,/ˌkænsəˈɫeɪʃən/,取消，取消通知,"Due to unforeseen circumstances, we regret to inform you of the flight cancellation.",由於突發狀況，我們遺憾地通知您航班已取消。,toeic_advanced,4,Travel,Transit,"TOEIC,Reading,Part5,Part7",n.
collection,/kəˈɫɛkʃən/,收集品,The company has a vast collection of market research data to analyze.,公司擁有龐大的市場研究數據彙總，可供分析。,toeic_advanced,4,Marketing,Sales,"TOEIC,Reading,Part5,Part7",n.
communicating,/kəmˈjunəˌkeɪtɪŋ/,溝通,Effective communication is crucial for building strong relationships with clients.,有效的溝通對於與客戶建立良好關係至關重要。,toeic_advanced,4,Marketing,Sales,"TOEIC,Reading,Part5,Part7",v./adj.
congratulations,/kənˌɡɹætʃəˈɫeɪʃənz/,祝賀,Congratulations on your promotion to Senior Manager!,恭喜您晉升為資深經理！,toeic_advanced,4,HumanResources,Compensation,"TOEIC,Reading,Part5,Part7",n./v.
connection,/kəˈnɛkʃən/,連接,The IT department is working to restore the internet connection after the power outage.,停電後，資訊部門正在努力恢復網路連接。,toeic_advanced,4,Technical,ITSupport,"TOEIC,Reading,Part5,Part7",n./v.
conversations,/ˌkɑnvɝˈseɪʃənz/,對話,The meeting was primarily a series of informal conversations between team members.,這次會議主要是團隊成員之間一系列的非正式對話。,toeic_advanced,4,Corporate,Communication,"TOEIC,Reading,Part5,Part7",n.
decision,/dɪˈsɪʒən/,決策,The management team needs to make a quick decision regarding the new project.,管理團隊需要就新項目做出快速決策。,toeic_advanced,4,Travel,Hospitality,"TOEIC,Reading,Part5,Part7",n./v.
decrease,/ˈdiˌkɹis/,減少,The company's profits decreased by 10% due to the economic downturn.,由於經濟下滑，該公司的利潤下降了 10%。,toeic_advanced,4,Finance,Investment,"TOEIC,Reading,Part5,Part7",v.
decreased,/ˈdiˌkɹist/,減少,The company's profits decreased significantly due to the economic downturn.,由於經濟衰退，該公司的利潤大幅下降。,toeic_advanced,4,Finance,Investment,"TOEIC,Reading,Part5,Part7",v./adj.
department,/dɪˈpɑɹtmənt/,部門,Please submit your expense report to the Accounting Department.,請將您的費用報銷單提交給會計部門。,toeic_advanced,4,Finance,Investment,"TOEIC,Reading,Part5,Part7",n.
departments,/dɪˈpɑɹtmənts/,公司或機構內部的功能單位，負責特定工作領域，如人事部，財務部等。,The marketing department will launch the new campaign next month.,行銷部門將於下個月推出新廣告活動。,toeic_advanced,4,Finance,Investment,"TOEIC,Reading,Part5,Part7",n.
descriptions,/dɪsˈkɹɪpʃənz/,描述,The product catalog includes detailed descriptions of each item.,產品目錄包含每個產品的詳細描述。,toeic_advanced,4,Technical,ITSupport,"TOEIC,Reading,Part5,Part7",n.
difference,/ˈdɪfɝəns/,差異,There's a significant difference in price between the two models.,這兩個型號的價格差異很大。,toeic_advanced,4,Corporate,DailyWork,"TOEIC,Reading,Part5,Part7",n./v.
differences,/ˈdɪfɝənsɪz/,差異,The marketing team needs to identify the key differences between our product and the competitor's.,行銷團隊需要找出我們產品與競爭對手產品之間的關鍵差異。,toeic_advanced,4,Marketing,Sales,"TOEIC,Reading,Part5,Part7",n.
direction,/daɪˈɹɛkʃɪn/,方向,Could you please give me directions to the conference room?,請問您能告訴我會議室的方向嗎？,toeic_advanced,4,Corporate,DailyWork,"TOEIC,Reading,Part5,Part7",n./v.
disappointed,/ˌdɪsəˈpɔɪnɪd/,感到失望的,The project manager was disappointed by the team's failure to meet the deadline.,專案經理對團隊未能按時完成專案感到失望。,toeic_advanced,4,Corporate,Communication,"TOEIC,Reading,Part5,Part7",adj.
discussion,/dɪˈskəʃən/,討論,Let's schedule a brief discussion to address the project's current challenges.,讓我們安排一次簡短的討論，以解決專案目前面臨的挑戰。,toeic_advanced,4,Corporate,Communication,"TOEIC,Reading,Part5,Part7",n./v.
discussions,/dɪˈskəʃənz/,討論,The project team will hold a series of discussions to finalize the budget.,專案團隊將舉行一系列討論以敲定預算。,toeic_advanced,4,Finance,Investment,"TOEIC,Reading,Part5,Part7",n.
distance,/ˈdɪstəns/,距離,The shipping company calculated the distance between the warehouse and the client's location.,運輸公司計算了倉庫與客戶地點之間的距離。,toeic_advanced,4,Logistics,Transit,"TOEIC,Reading,Part5,Part7",n.
downloading,/ˈdaʊnˌɫoʊdɪŋ/,下載,Please wait while the software is downloading; it may take a few minutes.,請稍等，軟體正在下載，可能需要幾分鐘。,toeic_advanced,4,Travel,Hospitality,"TOEIC,Reading,Part5,Part7",v./gerund
education,/ˌɛdʒəˈkeɪʃən/,教育,Our HR department has launched a new education program to improve customer service skills.,我們的人力資源部門已推出新教育計畫，以提升客服技巧。,toeic_advanced,4,HumanResources,Recruitment,"TOEIC,Reading,Part5,Part7",n./v.
electricity,/ɪˌɫɛkˈtɹɪsəti/,電力,The company is investing in renewable electricity sources to reduce its carbon footprint.,該公司正在投資可再生電力來源以減少其碳足跡。,toeic_advanced,4,Finance,Investment,"TOEIC,Reading,Part5,Part7",n.
employment,/ɛmˈpɫɔɪmənt/,就業,The company offers excellent benefits and opportunities for employment.,該公司提供優厚的福利和就業機會。,toeic_advanced,4,HumanResources,Compensation,"TOEIC,Reading,Part5,Part7",n.
entrance,/ˈɛntɹəns/,入口,The main entrance to the office building is located on the west side.,辦公大樓的主要入口位於西側。,toeic_advanced,4,Travel,Hospitality,"TOEIC,Reading,Part5,Part7",n.
estimated,/ˈɛstəˌmeɪtəd/,估計的,"The project's budget is estimated at $50,000.",該專案的預算預估為 5 萬美元。,toeic_advanced,4,Finance,Investment,"TOEIC,Reading,Part5,Part7",adj.
expenses,/ɪkˈspɛnsəz/,支出,The company reimbursed the employee for his travel expenses.,公司已支付員工的差旅費用。,toeic_advanced,4,HumanResources,Compensation,"TOEIC,Reading,Part5,Part7",n.
experience,/ɪkˈspɪɹiəns/,經驗,The candidate's extensive experience in project management makes him a strong contender.,這位候選人在專案管理的豐富經驗使他成為強勁的競爭者。,toeic_advanced,4,Corporate,DailyWork,"TOEIC,Reading,Part5,Part7",n./v.
experienced,/ɪkˈspɪɹiənst/,富經驗的,We are looking for an experienced project manager to lead this new initiative.,我們正在尋找一位經驗豐富的專案經理來領導這個新的計畫。,toeic_advanced,4,Technical,ITSupport,"TOEIC,Reading,Part5,Part7",adj.
experiences,/ɪkˈspɪɹiənsɪz/,經歷,The candidate's extensive experiences in project management made him a strong contender for the position.,這位候選人在專案管理的豐富經驗使他成為該職位的有力競爭者。,toeic_advanced,4,Technical,ITSupport,"TOEIC,Reading,Part5,Part7",n.
financial,/ˌfaɪˈnænʃəɫ/,與金錢，投資，會計或財務狀況相關的。,The company is facing a financial crisis due to declining sales.,由於銷售額下降，該公司正面臨財務危機。,toeic_advanced,4,Finance,Accounting,"TOEIC,Reading,Part5,Part7",adj.
flexible,/ˈfɫɛksəbəɫ/,能適應變動，具有彈性,Our company offers flexible working hours to improve employee satisfaction.,為了提高員工滿意度，我們公司提供彈性的工作時間。,toeic_advanced,4,HumanResources,Compensation,"TOEIC,Reading,Part5,Part7",adj.
function,/ˈfəŋkʃən/,職能,The primary function of this department is to manage customer relationships.,這個部門的主要職能是管理客戶關係。,toeic_advanced,4,Corporate,DailyWork,"TOEIC,Reading,Part5,Part7",n./v.
government,/ˈɡəvɝmənt/,政府,The company is working closely with the government to secure necessary permits.,公司正在與政府密切合作以取得必要的許可證。,toeic_advanced,4,Technical,ITSupport,"TOEIC,Reading,Part5,Part7",n.
hesitation,/ˌhɛzəˈteɪʃən/,猶豫，遲疑，躊躇,"After a brief hesitation, she accepted the job offer.",在短暫的猶豫之後，她接受了這份工作邀請。,toeic_advanced,4,Technical,ITSupport,"TOEIC,Reading,Part5,Part7",n.
immediately,/ˌɪˈmiˌdiətɫi/,立即地,Please submit your expense report immediately after completing the business trip.,請在完成出差後立即提交您的費用報表。,toeic_advanced,4,Travel,Hospitality,"TOEIC,Reading,Part5,Part7",adv.
importance,/ˌɪmˈpɔɹtəns/,重要性,The importance of clear communication cannot be overstated in international business.,在國際商業中，清晰溝通的重要性不容忽視。,toeic_advanced,4,Corporate,DailyWork,"TOEIC,Reading,Part5,Part7",n.
impossible,/ˌɪmˈpɑsəbəɫ/,不可能的,"Due to unforeseen circumstances, it's impossible to meet the original deadline.",由於突發狀況，無法按原訂時間完成。,toeic_advanced,4,Technical,ITSupport,"TOEIC,Reading,Part5,Part7",adj.
improvements,/ˌɪmˈpɹuvmənts/,改進，提升,The company is committed to continuous improvements in its products and services.,公司致力於持續提升其產品和服務。,toeic_advanced,4,Technical,ITSupport,"TOEIC,Reading,Part5,Part7",n.
increased,/ˈɪnˌkɹist/,增加,The company reported an increased profit margin this quarter.,本公司本季報告利潤率有所提高。,toeic_advanced,4,Finance,Investment,"TOEIC,Reading,Part5,Part7",adj./v.
individuals,/ˌɪndəˈvɪdʒəwəɫz/,個體,"The company is conducting a survey to gather feedback from its employees, focusing on individual needs and concerns.",公司正在進行一項調查，以收集員工的回饋，重點關注個人的需求和顧慮。,toeic_advanced,4,HumanResources,Compensation,"TOEIC,Reading,Part5,Part7",n.
inexpensive,/ˌɪnɪkˈspɛnsɪv/,價格低廉的,We're looking for an inexpensive supplier of office supplies to reduce costs.,我們正在尋找一家價格低廉的辦公用品供應商以降低成本。,toeic_advanced,4,Corporate,Logistics,"TOEIC,Reading,Part5,Part7",adj.
influence,/ˈɪnfɫuəns/,影響力,The company's reputation significantly influences its ability to attract new clients.,公司的聲譽對其吸引新客戶的能力產生重大影響。,toeic_advanced,4,Marketing,Sales,"TOEIC,Reading,Part5,Part7",n./v.
instructions,/ˌɪnˈstɹəkʃənz/,指示,Please read the instructions carefully before assembling the new equipment.,請在組裝新設備之前仔細閱讀說明。,toeic_advanced,4,Manufacturing,Production,"TOEIC,Reading,Part5,Part7",n.
interesting,/ˈɪntɝəstɪŋ/,引起興趣或令人好奇的,The presentation included interesting data on market trends.,這場簡報包含關於市場趨勢的有趣數據。,toeic_advanced,4,Finance,Investment,"TOEIC,Reading,Part5,Part7",adj.
international,/ˌɪnɝˈnæʃənəɫ/,國際的,Our company is expanding its operations to become an international business.,我們公司正在擴展業務，以成為一家國際企業。,toeic_advanced,4,Travel,Hospitality,"TOEIC,Reading,Part5,Part7",adj.
interviewed,/ˈɪntɝvˌjud/,面試,The candidate was interviewed by the hiring manager last week.,候選人上週被面試主管面試了。,toeic_advanced,4,HumanResources,Recruitment,"TOEIC,Reading,Part5,Part7",v.
interviewing,/ˈɪntɝvˌjuɪŋ/,面試,The HR department is currently interviewing candidates for the marketing manager position.,人資部門目前正在面試市場經理職位的候選人。,toeic_advanced,4,HumanResources,Recruitment,"TOEIC,Reading,Part5,Part7",v./n.
introducing,/ˌɪntɹəˈdusɪŋ/,介紹,The speaker began by introducing the company's new product line.,演講者首先介紹了公司的新產品線。,toeic_advanced,4,Corporate,Communication,"TOEIC,Reading,Part5,Part7",v./adj.
investors,/ˌɪnˈvɛstɝz/,投資者,The company is seeking new investors to fund its expansion plans.,該公司正在尋找新的投資者以資助其擴張計劃。,toeic_advanced,4,Finance,Investment,"TOEIC,Reading,Part5,Part7",n.
invitation,/ˌɪnvɪˈteɪʃən/,邀請函,We received an invitation to attend the industry conference next month.,我們收到下個月業界會議的邀請函。,toeic_advanced,4,Technical,ITSupport,"TOEIC,Reading,Part5,Part7",n.
invitations,/ˌɪnvɪˈteɪʃənz/,邀請函,The company sent out invitations to the annual conference last week.,公司上週發出了年度會議的邀請函。,toeic_advanced,4,Technical,ITSupport,"TOEIC,Reading,Part5,Part7",n.
location,/ɫoʊˈkeɪʃən/,地點,Could you please confirm the location of the upcoming sales conference?,您能請確認即將舉行的銷售會議的地點嗎？,toeic_advanced,4,Marketing,Sales,"TOEIC,Reading,Part5,Part7",n.
management,/ˈmænədʒmənt/,管理,Effective management is crucial for a company's success.,有效的管理對於公司的成功至關重要。,toeic_advanced,4,HumanResources,Recruitment,"TOEIC,Reading,Part5,Part7",n./v.
manufacturer,/ˌmænjəˈfæktʃɝɝ/,製造商,The company is seeking a reliable manufacturer to produce its new line of electronics.,該公司正在尋找一家可靠的製造商來生產其新的電子產品線。,toeic_advanced,4,Manufacturing,Production,"TOEIC,Reading,Part5,Part7",n.
manufacturers,/ˌmænjəˈfæktʃɝɝz/,製造商,The company is seeking new manufacturers to reduce production costs.,該公司正在尋找新的製造商以降低生產成本。,toeic_advanced,4,Manufacturing,Production,"TOEIC,Reading,Part5,Part7",n.
manufacturing,/ˌmænjəˈfæktʃɝɪŋ/,製造業,The company is investing heavily in automation to improve its manufacturing efficiency.,該公司正在大力投資自動化，以提高其生產效率。,toeic_advanced,4,Manufacturing,Production,"TOEIC,Reading,Part5,Part7",n.
millions,/ˈmɪɫjənz/,數百萬,The company's annual revenue exceeded $10 million.,該公司的年營收超過了 1000 萬美元。,toeic_advanced,4,Finance,Investment,"TOEIC,Reading,Part5,Part7",n.
neighborhood,/ˈneɪbɝˌhʊd/,社區,The company is planning to expand its operations into a new neighborhood.,公司計畫將其業務擴展到一個新的社區。,toeic_advanced,4,Technical,ITSupport,"TOEIC,Reading,Part5,Part7",n.
operation,/ˌɑpɝˈeɪʃən/,營運，作業，手術,The company is undergoing a major operational restructuring to improve efficiency.,公司正在進行重大的營運重組以提高效率。,toeic_advanced,4,CorporateGovernance,CorporateStrategy,"TOEIC,Reading,Part5,Part7",n./v.
opportunities,/ˌɑpɝˈtunətiz/,可利用的有利條件或情況，常指在商業或職場中可帶來成長，收益或職涯發展的機會。,We need to identify new market opportunities to increase our quarterly revenue.,我們需要找出新的市場機會，以提升本季營收。,toeic_advanced,4,Finance,Investment,"TOEIC,Reading,Part5,Part7",n.
opportunity,/ˌɑpɝˈtunəti/,機會,The company is offering an excellent opportunity for recent graduates to join our sales team.,公司為剛畢業的學生提供了一個加入我們銷售團隊的絕佳機會。,toeic_advanced,4,Marketing,Sales,"TOEIC,Reading,Part5,Part7",n.
participants,/pɑɹˈtɪsəpənts/,參與者,The conference organizers expect over 200 participants from various industries.,會議主辦方預計將有來自各行各業的 200 多位參與者。,toeic_advanced,4,Corporate,Meetings,"TOEIC,Reading,Part5,Part7",n.
participating,/pɑɹˈtɪsəˌpeɪtɪŋ/,參與,All employees are encouraged to participate in the company's wellness program.,公司鼓勵所有員工參與公司的健康促進計畫。,toeic_advanced,4,HumanResources,Compensation,"TOEIC,Reading,Part5,Part7",v./adj.
patience,/ˈpeɪʃəns/,忍耐,Customer service requires a lot of patience and understanding.,客戶服務需要大量的耐心和理解。,toeic_advanced,4,Travel,Hospitality,"TOEIC,Reading,Part5,Part7",n.
payment,/ˈpeɪmənt/,款項支付,The company requires all invoices to be paid within 30 days of receipt.,公司要求所有發票在收到後 30 天內支付款項。,toeic_advanced,4,Finance,Investment,"TOEIC,Reading,Part5,Part7",n.
payments,/ˈpeɪmənts/,款項支付,"The company offers various payment options, including credit card, bank transfer, and online payments.",公司提供多種付款方式，包括信用卡、銀行轉帳和線上付款。,toeic_advanced,4,Travel,Hospitality,"TOEIC,Reading,Part5,Part7",n.
performances,/pɝˈfɔɹmənsəz/,演出，表演,The company is evaluating the financial impact of the recent series of performances.,公司正在評估近期一系列演出的財務影響。,toeic_advanced,4,Finance,Investment,"TOEIC,Reading,Part5,Part7",n.
permission,/pɝˈmɪʃən/,許可,"Before using the company's equipment, you need to obtain permission from your supervisor.",在使用公司設備之前，您需要獲得主管的許可。,toeic_advanced,4,Corporate,DailyWork,"TOEIC,Reading,Part5,Part7",n./v.
photocopier,/ˈfoʊtoʊˌkɑpiɝ/,影印機,Could you please make a few copies of this report on the photocopier?,您能請您在影印機上影印幾份這份報告嗎？,toeic_advanced,4,Corporate,DailyWork,"TOEIC,Reading,Part5,Part7",n.
photographs,/ˈfoʊtəˌɡɹæfs/,照片,The marketing team needs high-resolution photographs for the new product brochure.,行銷團隊需要高解析度的照片來製作新產品的傳單。,toeic_advanced,4,CorporateGovernance,CorporateStrategy,"TOEIC,Reading,Part5,Part7",n.
position,/pəˈzɪʃən/,職位,She was offered a senior position in the marketing department.,她被行銷部門提供了一個高級職位。,toeic_advanced,4,Marketing,Sales,"TOEIC,Reading,Part5,Part7",n./v.
possible,/ˈpɑsəbəɫ/,可能的,It's possible to complete the project ahead of schedule if we allocate more resources.,如果我們調配更多的資源，有可能提前完成這個專案。,toeic_advanced,4,Technical,ITSupport,"TOEIC,Reading,Part5,Part7",adj.
presentations,/ˌpɹɛzənˈteɪʃənz/,簡報,The marketing team is preparing compelling presentations for the upcoming sales conference.,行銷團隊正在為即將到來的銷售會議準備引人入勝的簡報。,toeic_advanced,4,Marketing,Sales,"TOEIC,Reading,Part5,Part7",n.
production,/pɝˈdəkʃən/,生產,The company is increasing production to meet the rising demand.,公司正提高產量以滿足不斷上升的需求。,toeic_advanced,4,Manufacturing,Production,"TOEIC,Reading,Part5,Part7",n./v.
professional,/pɹəˈfɛʃənəɫ/,具有專業技能或知識，並以此為職業的人或事物。,The company hired a professional translator for the important contract.,公司聘請了一位專業翻譯人員來處理重要的合約。,toeic_advanced,4,Legal,Contracts,"TOEIC,Reading,Part5,Part7",adj./n.
professionals,/pɹəˈfɛʃənəɫz/,專業人士,The company is seeking experienced professionals to fill the open positions in the IT department.,該公司正在尋找經驗豐富的專業人士來填補 IT 部門的空缺職位。,toeic_advanced,4,Technical,ITSupport,"TOEIC,Reading,Part5,Part7",n.
promotion,/pɝˈmoʊʃən/,晉升,She received a promotion to Senior Manager after exceeding her sales targets.,她在超額完成銷售目標後獲得了晉升，成為資深經理。,toeic_advanced,4,HumanResources,Compensation,"TOEIC,Reading,Part5,Part7",n./v.
question,/ˈkwɛstʃən/,提問,The interviewer asked several questions about my previous experience.,面試官問了我幾個關於之前經驗的問題。,toeic_advanced,4,HumanResources,Recruitment,"TOEIC,Reading,Part5,Part7",n./v.
reasonable,/ˈɹizənəbəɫ/,合理的,The company offered a reasonable salary and benefits package to attract qualified candidates.,為了吸引合格的候選人，公司提供了一份合理的薪資和福利待遇。,toeic_advanced,4,HumanResources,Compensation,"TOEIC,Reading,Part5,Part7",adj.
recommended,/ˌɹɛkəˈmɛndɪd/,推薦,The consultant recommended a new software solution to improve efficiency.,顧問建議採用新的軟體解決方案以提高效率。,toeic_advanced,4,Technical,ITSupport,"TOEIC,Reading,Part5,Part7",adj./v.
reference,/ˈɹɛfɝəns/,參考，引用,Please include the reference number on all invoices for tracking purposes.,請在所有發票上註明參考編號以便追蹤。,toeic_advanced,4,Finance,Investment,"TOEIC,Reading,Part5,Part7",n./v.
refunded,/ɹɪˈfəndɪd/,退款,The company refunded the customer's purchase price after the product was found to be defective.,在產品被發現有缺陷後，公司將款項退還給客戶。,toeic_advanced,4,Manufacturing,QualityControl,"TOEIC,Reading,Part5,Part7",v.
registering,/ˈɹɛdʒɪstɝɪŋ/,註冊,All attendees are required to register online before the conference.,所有與會者在會議前都必須在網上註冊。,toeic_advanced,4,Corporate,DailyWork,"TOEIC,Reading,Part5,Part7",v.
relationship,/ɹiˈɫeɪʃənˌʃɪp/,人際關係,Maintaining a good working relationship with colleagues is crucial for team success.,與同事保持良好的工作關係對於團隊成功至關重要。,toeic_advanced,4,Technical,ITSupport,"TOEIC,Reading,Part5,Part7",n.
relationships,/ɹiˈɫeɪʃənˌʃɪps/,人際關係，尤其指工作或商業環境中的互動和連結。,Building strong relationships with clients is crucial for long-term business success.,與客戶建立良好的人際關係對於實現長期商業成功至關重要。,toeic_advanced,4,Marketing,Sales,"TOEIC,Reading,Part5,Part7",n.
representative,/ˌɹɛpɹəˈzɛnətɪv/,代表，代理人，或代表某事物的個人。,The sales representative will contact you shortly to discuss your needs.,銷售代表將很快與您聯繫，以討論您的需求。,toeic_advanced,4,Marketing,Sales,"TOEIC,Reading,Part5,Part7",n./adj.
representatives,/ˌɹɛpɹəˈzɛnətɪvz/,代表，代理人,The company sent representatives to the trade show to explore potential partnerships.,該公司派遣代表參加貿易展覽，以尋找潛在的合作夥伴。,toeic_advanced,4,Corporate,DailyWork,"TOEIC,Reading,Part5,Part7",n.
requirements,/ɹɪˈkwaɪɹmənts/,需求,The project manager outlined the key requirements for the new software.,專案經理概述了新軟體的主要需求。,toeic_advanced,4,Technical,ITSupport,"TOEIC,Reading,Part5,Part7",n.
responsibilities,/ɹiˌspɑnsəˈbɪɫətiz/,職責,"As a project manager, one of my key responsibilities is to ensure the team meets deadlines.",身為專案經理，我的主要職責之一是確保團隊能按時完成專案。,toeic_advanced,4,Technical,ITSupport,"TOEIC,Reading,Part5,Part7",n.
responsibility,/ɹiˌspɑnsəˈbɪɫəti/,責任,"As the project manager, he has the responsibility to ensure the team meets the deadline.",身為專案經理，他有責任確保團隊能按時完成專案。,toeic_advanced,4,Legal,Compliance,"TOEIC,Reading,Part5,Part7",n.
retirement,/ɹiˈtaɪɝmənt/,退休,The company offers a generous retirement package to its long-term employees.,該公司為其長期員工提供豐厚的退休福利。,toeic_advanced,4,HumanResources,Compensation,"TOEIC,Reading,Part5,Part7",n.
salespeople,/ˈseɪɫzˌpipəɫ/,銷售人員,Our company employs a team of experienced salespeople to increase sales revenue.,我們公司僱用了一支經驗豐富的銷售團隊以提高銷售額。,toeic_advanced,4,Finance,Investment,"TOEIC,Reading,Part5,Part7",n.
salesperson,/ˈseɪɫzˌpɝsən/,銷售員,The salesperson demonstrated the features of the new software to the potential client.,銷售員向潛在客戶展示了新軟體的特性。,toeic_advanced,4,Marketing,Sales,"TOEIC,Reading,Part5,Part7",n.
significantly,/sɪɡˈnɪfɪkəntɫi/,顯著地,The company's profits increased significantly after the implementation of the new marketing strategy.,在新行銷策略實施後，該公司的利潤顯著增加。,toeic_gold,3,Finance,Investment,"TOEIC,Reading,Part5,Part7",adv.
situation,/ˌsɪtʃuˈeɪʃən/,處境,The company is facing a difficult situation due to the recent economic downturn.,由於最近的經濟衰退，公司正面臨艱難的處境。,toeic_gold,3,Technical,ITSupport,"TOEIC,Reading,Part5,Part7",n.
smartphones,/ˈsmɑɹtˌfoʊnz/,智慧型手機,Our company provides smartphones to all employees to facilitate communication and access to company resources.,我們公司為所有員工提供智慧型手機，以促進溝通並存取公司資源。,toeic_gold,3,HumanResources,Compensation,"TOEIC,Reading,Part5,Part7",n.
solution,/səˈɫuʃən/,解決方案,Our team is working on a cost-effective solution to reduce operational expenses.,我們的團隊正在努力尋找一種具成本效益的解決方案來降低營運費用。,toeic_gold,3,Corporate,Operations,"TOEIC,Reading,Part5,Part7",n.
statement,/ˈsteɪtmənt/,聲明,The company released a public statement addressing the recent product recall.,該公司發布了一份公開聲明，說明了最近的產品召回事件。,toeic_gold,3,Corporate,Communication,"TOEIC,Reading,Part5,Part7",n.
subscribe,/səbsˈkɹaɪb/,訂閱,We encourage customers to subscribe to our newsletter for exclusive deals and updates.,我們鼓勵客戶訂閱我們的電子報，以獲得獨家優惠和最新資訊。,toeic_gold,3,Marketing,Sales,"TOEIC,Reading,Part5,Part7",v.
suggestion,/səˈdʒɛstʃən/,建議,I have a suggestion to improve the efficiency of our workflow.,我有一個建議可以提高我們工作流程的效率。,toeic_gold,3,Corporate,Communication,"TOEIC,Reading,Part5,Part7",n./v.
suggestions,/səˈdʒɛstʃənz/,建議,The manager asked for suggestions on how to improve team productivity.,經理詢問了如何提高團隊生產力的建議。,toeic_gold,3,Manufacturing,Production,"TOEIC,Reading,Part5,Part7",n.
suitable,/ˈsutəbəɫ/,適當的,The candidate's skills and experience are highly suitable for this position.,這位候選人的技能和經驗非常適合這個職位。,toeic_gold,3,Technical,ITSupport,"TOEIC,Reading,Part5,Part7",adj.
supermarket,/ˈsupɝˌmɑɹkɪt/,大型超市，通常提供廣泛的商品，包括食品，日用品等，是企業採購或員工購物的重要場所。,Our company has negotiated a bulk discount with the local supermarket for office supplies.,我們公司已與當地超市協商辦公用品的批量折扣。,toeic_gold,3,Logistics,SupplyChain,"TOEIC,Reading,Part5,Part7",n.
supervisors,/ˌsupɝˈvaɪzɝz/,主管,All supervisors are required to attend the annual management training program.,所有主管都必須參加年度管理培訓課程。,toeic_gold,3,HumanResources,Recruitment,"TOEIC,Reading,Part5,Part7",n.
television,/ˈtɛɫəˌvɪʒən/,電視機,The company is considering installing televisions in the waiting area to entertain clients.,公司正在考慮在等候區安裝電視機，以娛樂客戶。,toeic_gold,3,Marketing,Sales,"TOEIC,Reading,Part5,Part7",n.
temperature,/ˈtɛmpɝətʃɝ/,溫度,The factory's production process requires maintaining a consistent temperature of 25 degrees Celsius.,工廠的生產過程需要維持攝氏 25 度的恆定溫度。,toeic_gold,3,Manufacturing,Production,"TOEIC,Reading,Part5,Part7",n.
temporarily,/ˌtɛmpɝˈɛɹəɫi/,暫時地,The office will be closed temporarily for renovations.,辦公室將暫時關閉以進行裝修。,toeic_gold,3,Corporate,DailyWork,"TOEIC,Reading,Part5,Part7",adv.
terrible,/ˈtɛɹəbəɫ/,極差的,The hotel's service was terrible; we're filing a formal complaint.,飯店的服務非常差勁，我們正在提交正式投訴。,toeic_gold,3,Travel,Hospitality,"TOEIC,Reading,Part5,Part7",adj.
traditional,/tɹəˈdɪʃənəɫ/,傳統的,The company is trying to modernize its operations while respecting traditional business practices.,公司正努力現代化其營運，同時尊重傳統的商業慣例。,toeic_gold,3,Technical,ITSupport,"TOEIC,Reading,Part5,Part7",adj.
transferred,/ˈtɹænsfɝd/,調動,The company transferred Mr. Lee to the marketing department due to his excellent sales performance.,由於李先生的銷售業績優秀，公司將他調到行銷部門。,toeic_gold,3,Marketing,Sales,"TOEIC,Reading,Part5,Part7",v.
understanding,/ˌəndɝˈstændɪŋ/,理解,A clear understanding of the contract terms is essential before signing.,簽署合約前，對合約條款的充分理解至關重要。,toeic_gold,3,Legal,Contracts,"TOEIC,Reading,Part5,Part7",n.
understands,/ˌəndɝˈstændz/,理解,The client understands the revised contract terms and conditions.,客戶理解了修改後的合約條款和條件。,toeic_gold,3,Legal,Contracts,"TOEIC,Reading,Part5,Part7",v.
unfortunately,/ənˈfɔɹtʃənətɫi/,遺憾地,"Unfortunately, the shipment will be delayed due to unforeseen circumstances.",不幸的是，由於突發狀況，貨物將會延遲送達。,toeic_gold,3,Logistics,Transit,"TOEIC,Reading,Part5,Part7",adv.
vacation,/veɪˈkeɪʃən/,休假,The company policy allows employees to take two weeks of vacation per year.,公司政策允許員工每年休假兩週。,toeic_gold,3,HumanResources,Compensation,"TOEIC,Reading,Part5,Part7",n.
vegetable,/ˈvɛdʒtəbəɫ/,蔬菜,Eating fresh vegetables is essential for a healthy diet.,食用新鮮蔬菜對健康飲食至關重要。,toeic_gold,3,Corporate,GeneralBusiness,"TOEIC,Reading,Part5,Part7",n.
acceptable,/ækˈsɛptəbəɫ/,可接受的,The project proposal was deemed acceptable by the board of directors.,該專案提案已獲得董事會的批准。,toeic_gold,3,CorporateGovernance,BoardOfDirectors,"TOEIC,Reading,Part5,Part7",adj.
accidentally,/ˌæksəˈdɛnəɫi/,不小心地,I accidentally deleted the important file; I'm so sorry.,我不小心刪除了重要的檔案，我非常抱歉。,toeic_gold,3,Corporate,DailyWork,"TOEIC,Reading,Part5,Part7",adv.
adjustment,/əˈdʒəstmənt/,調整,The department implemented innovative adjustment procedures to improve operational efficiency.,部門實施創新的adjustment程序以提高營運效率。,toeic_gold,3,Corporate,GeneralBusiness,"TOEIC,Reading,Part5,Part7",n.
admission,/ædˈmɪʃən/,入學許可,The university requires an admission fee of $50 for the application process.,大學要求申請流程的入學費為 50 美元。,toeic_gold,3,Technical,ITSupport,"TOEIC,Reading,Part5,Part7",n./v.
actionable,/ˈækʃənəbl/,可執行的，可付諸實行的,The consultant provided actionable recommendations to improve efficiency.,顧問提供了可付諸實行的建議以提升效率。,toeic_gold,3,Corporate,Consulting,"TOEIC,Reading,Part5,Part7",adj.
assessment,/əˈsesmənt/,評估，評量,The quarterly risk assessment showed positive trends across all business units.,季度風險評估顯示所有業務部門均呈現正向趨勢。,toeic_gold,3,Technical,ITSupport,"TOEIC,Reading,Part5,Part7",n.
brokerage,/ˈbroʊkərɪdʒ/,經紀業務，仲介費,The brokerage firm charges a nominal commission on stock transactions.,這家經紀商對股票交易收取微薄的佣金。,toeic_gold,3,Finance,Banking,"TOEIC,Reading,Part5,Part7",n.
sponsorship,/ˈspɑːnsərʃɪp/,贊助，資助活動,Corporate sponsorship of the international symposium increased brand visibility.,企業對國際研討會的贊助顯著提升了品牌知名度。,toeic_gold,3,Marketing,Sales,"TOEIC,Reading,Part5,Part7",n.
volatility,/ˌvɑːləˈtɪləti/,波動性，變動性,Market volatility prompted conservative investors to reallocate their capital.,市場波動性促使保守型投資者重新配置其資金。,toeic_gold,3,Finance,Investment,"TOEIC,Reading,Part5,Part7",n.
assurance,/əˈʃʊrəns/,保證，把握，安心,Management gave full assurance that jobs would be protected after the merger.,管理階層充分保證併購完成後員工職位將受到保護。,toeic_gold,3,CorporateGovernance,CorporateStrategy,"TOEIC,Reading,Part5,Part7",n.
guidance,/ˈɡaɪdns/,指導，指引方針,The human resources manual provides clear guidance on remote work policies.,人資手冊針對遠距辦公政策提供了明確的指導方針。,toeic_gold,3,HumanResources,Policy,"TOEIC,Reading,Part5,Part7",n.
headquarter,/ˈhedkwɔːrtər/,設總部於，以…為基地,Several multinational banks headquarter their regional teams in Singapore.,數家跨國銀行將其區域團隊的總部設立於新加坡。,toeic_gold,3,Corporate,Operations,"TOEIC,Reading,Part5,Part7",v.
underline,/ˌʌndərˈlaɪn/,強調，在…下方劃線,The keynote speaker underlined the importance of sustainable manufacturing.,專題演講者重點強調了永續製造的重要性。,toeic_gold,3,Manufacturing,Production,"TOEIC,Reading,Part5,Part7",v.
inducement,/ɪnˈduːsmənt/,誘因，動機，誘惑物,The company offered stock options as an inducement to attract senior talent.,該公司提供股票選擇權作為吸引高階人才的誘因。,toeic_gold,3,HumanResources,Recruitment,"TOEIC,Reading,Part5,Part7",n.
negotiable,/nɪˈɡoʊʃiəbl/,可協商的，可談判的,Salary and benefits are negotiable depending on professional experience.,薪資與福利待遇可根據專業經驗進一步協商。,toeic_gold,3,HumanResources,Compensation,"TOEIC,Reading,Part5,Part7",adj.
subsidize,/ˈsʌbsɪdaɪz/,補貼，資助,The municipal government offers grants to subsidize local green technology startups.,市政府提供補助金以資助本地綠色科技新創企業。,toeic_gold,3,Technical,ITSupport,"TOEIC,Reading,Part5,Part7",v.
guarantor,/ˌɡærənˈtɔːr/,保證人，擔保人,The loan application requires a solvent corporate guarantor.,該貸款申請需要具備償債能力的公司作為擔保人。,toeic_gold,3,Manufacturing,CustomerService,"TOEIC,Reading,Part5,Part7",n.
merchandiser,/ˈmɜːrtʃəndaɪzər/,商品規劃師，商品推銷商,The retail chain hired a visual merchandiser to design eye-catching store displays.,該連鎖零售店聘請了視覺商品規劃師來設計吸睛的陳列展位。,toeic_gold,3,HumanResources,Compensation,"TOEIC,Reading,Part5,Part7",n.
barcode,/barcode/,一組條碼，通常用於商品識別和庫存管理，包含一系列的條紋和空格，經由掃描器讀取。,The cashier scanned the barcode to process the payment quickly.,收銀員掃描條碼以便快速處理付款。,toeic_gold,3,Logistics,Transit,"TOEIC,Reading,Part5,Part7",n.
carton,/carton/,紙箱；瓦楞紙箱（通常指用於運輸貨物的包裝容器）,The shipping department needs to order more cartons to pack the new inventory.,運輸部門需要訂購更多紙箱來包裝新的庫存。,toeic_gold,3,Logistics,SupplyChain,"TOEIC,Reading,Part5,Part7",n.
catalog,/catalog/,產品目錄；清單，通常包含商品或服務的詳細描述和價格。,The purchasing department is reviewing the latest catalog to identify potential suppliers.,採購部門正在審閱最新的產品目錄，以識別潛在供應商。,toeic_gold,3,Logistics,SupplyChain,"TOEIC,Reading,Part5,Part7",n.
cotton,/cotton/,棉花；棉布，常用於紡織品、服裝等。,"The supplier assured us that the shirts are 100% cotton, ensuring high comfort for customers.",供應商向我們保證這些襯衫是 100% 棉製，確保客戶的舒適度。,toeic_gold,3,Logistics,SupplyChain,"TOEIC,Reading,Part5,Part7",n.
coupons,/coupons/,優惠券；折扣券,Employees are encouraged to use the company coupons when purchasing office supplies.,員工在購買辦公用品時，鼓勵使用公司提供的優惠券。,toeic_gold,3,HumanResources,Compensation,"TOEIC,Reading,Part5,Part7",n.
florist,/florist/,花店業者；花藝師,The company ordered a large floral arrangement from a local florist for the conference.,公司為會議訂購了來自當地花店的大型花束。,toeic_gold,3,Logistics,SupplyChain,"TOEIC,Reading,Part5,Part7",n.
freezer,/freezer/,冷凍櫃；冰凍櫃，通常用於儲存食品或實驗材料。,The logistics department needs to ensure the freezer maintains a consistent temperature to preserve the perishable goods.,物流部門需要確保冷凍櫃維持恆溫，以保存易腐貨品。,toeic_gold,3,Travel,Hospitality,"TOEIC,Reading,Part5,Part7",n.
hammer,/hammer/,錘子；敲擊工具（用於敲擊、固定或塑形材料）,The maintenance team used a hammer to secure the loose panels on the equipment.,維護團隊使用錘子來固定設備上鬆動的面板。,toeic_gold,3,Manufacturing,Production,"TOEIC,Reading,Part5,Part7",n.
heavier,/heavier/,更重的；重量更大的,The shipping department informed us that the new shipment is considerably heavier than the previous one.,運輸部門告知我們，這次的新一批貨物比之前的重得多。,toeic_gold,3,Logistics,Transit,"TOEIC,Reading,Part5,Part7",adj.
imports,/imports/,進口；進貨,Our company imports raw materials from overseas to manufacture our products.,我們公司從海外進口原材料來製造我們的產品。,toeic_gold,3,Manufacturing,Production,"TOEIC,Reading,Part5,Part7",v.
leather,/leather/,皮革；皮革製品,The company is sourcing high-quality leather for the new line of luxury handbags.,公司正在採購高品質皮革，用於新款的奢侈手提包。,toeic_gold,3,Technical,ITSupport,"TOEIC,Reading,Part5,Part7",n.
lifting,/lifting/,舉起；提升；搬運,The warehouse staff are responsible for the lifting and moving of heavy boxes.,倉庫員工負責搬運和移動重型箱子。,toeic_gold,3,Logistics,Transit,"TOEIC,Reading,Part5,Part7",v.
liquid,/liquid/,流體；液體，指可流動的物質。,The supplier confirmed that the liquid cargo will be shipped within the week.,供應商確認液體貨物將在本週內發貨。,toeic_gold,3,Logistics,Transit,"TOEIC,Reading,Part5,Part7",n.
metals,/metals/,金屬材料；金屬製品,The supplier specializes in sourcing high-quality metals for industrial applications.,該供應商專門為工業應用採購高品質的金屬材料。,toeic_gold,3,Technical,ITSupport,"TOEIC,Reading,Part5,Part7",n.
parcel,/parcel/,包裹；郵包（通常指較小的包裹）,The shipping department is expecting a large number of parcels to arrive today.,運輸部門預計今天會有大量的包裹抵達。,toeic_gold,3,Logistics,SupplyChain,"TOEIC,Reading,Part5,Part7",n.
postage,/postage/,郵資；郵費,Please include the correct postage for international shipments.,請確保國際貨運包含正確的郵資。,toeic_gold,3,Logistics,Transit,"TOEIC,Reading,Part5,Part7",n.
postal,/postal/,郵政的；與郵政相關的,The company uses a postal service for sending documents to overseas branches.,該公司使用郵政服務將文件寄送至海外分公司。,toeic_gold,3,Travel,Hospitality,"TOEIC,Reading,Part5,Part7",adj.
pounds,/pounds/,（重量單位）磅，通常指商品重量或貨物重量。,"The shipment weighs 50 pounds, so the shipping cost will be higher.",這批貨重 50 磅，因此運費會比較高。,toeic_gold,3,Logistics,Transit,"TOEIC,Reading,Part5,Part7",n.
powder,/powder/,細粉；粉末，常用於食品、化妝品或工業原料。,The supplier needs to ensure the powdered sugar is free of lumps before shipping.,供應商需要確保出貨前糖粉沒有結塊。,toeic_gold,3,Manufacturing,Production,"TOEIC,Reading,Part5,Part7",n.
pulled,/pulled/,拉；牽；提取；拔出（通常指用力或突然的動作）,The shipping department pulled the order records to verify the delivery status.,運輸部門提取了訂單記錄以核實交貨狀態。,toeic_gold,3,Logistics,Transit,"TOEIC,Reading,Part5,Part7",v.
samples,/samples/,樣品；樣本；試用品,The quality control department needs to examine the samples before approving the shipment.,品質控制部門需要在批准貨物發送前檢查樣品。,toeic_gold,3,Logistics,Transit,"TOEIC,Reading,Part5,Part7",n.
shovel,/shovel/,鏟子；用於挖掘或搬運物體的工具,The warehouse staff used a shovel to move the pallets of goods.,倉庫員工使用鏟子來搬運托盤上的貨物。,toeic_gold,3,Logistics,Transit,"TOEIC,Reading,Part5,Part7",n.
springs,/springs/,彈簧；泉水；（某事物突然）出現、發生,The supplier assured us that the new suspension springs would improve the truck's handling.,供應商向我們保證，新的懸吊彈簧將改善卡車的操控性。,toeic_gold,3,HumanResources,Compensation,"TOEIC,Reading,Part5,Part7",n.
unload,/unload/,卸貨；將貨物從運輸工具上卸下,The truck will unload the shipment at the warehouse tomorrow morning.,卡車將在明天早上在倉庫卸貨。,toeic_gold,3,Logistics,Transit,"TOEIC,Reading,Part5,Part7",v.
vendors,/vendors/,供應商；銷售商（通常指批量供應商品或服務的公司）,The purchasing department is currently evaluating several vendors for the new office supplies.,採購部門目前正在評估幾家供應商，以提供新的辦公用品。,toeic_gold,3,Marketing,Sales,"TOEIC,Reading,Part5,Part7",n.
wheeled,/wheeled/,具備輪子的；裝有輪子的,The warehouse is equipped with wheeled forklifts to efficiently move pallets.,倉庫配備了具備輪子的叉車，以有效移動托盤。,toeic_gold,3,Logistics,Transit,"TOEIC,Reading,Part5,Part7",adj.
wooden,/wooden/,由木材製成的；木製的,The company is sourcing wooden pallets for shipping the new product line.,公司正在採購木製棧板來運輸新產品線。,toeic_gold,3,Logistics,SupplyChain,"TOEIC,Reading,Part5,Part7",adj.
euros,/euros/,歐元，歐羅巴共同市場的官方貨幣。,The company's revenue increased by 15% when converted from US dollars to euros.,當從美元轉換為歐元時，該公司的收入增加了 15%。,toeic_gold,3,Finance,Investment,"TOEIC,Reading,Part5,Part7",n.
funds,/funds/,資金；財源；資金來源,The company secured additional funds to expand its operations.,該公司獲得額外資金以擴展其業務。,toeic_gold,3,Finance,Investment,"TOEIC,Reading,Part5,Part7",n.
loans,/loans/,貸款；借款,The company is offering low-interest loans to small businesses.,該公司正在向小型企業提供低利率貸款。,toeic_gold,3,Finance,Investment,"TOEIC,Reading,Part5,Part7",n.
owed,/owed/,欠款；應付的金額,The company owed a significant amount to its suppliers after the delayed payment.,由於付款延遲，公司欠供應商一大筆款項。,toeic_gold,3,Technical,ITSupport,"TOEIC,Reading,Part5,Part7",v.
owes,/owes/,欠款；負債；有義務,The company owes a significant amount to its suppliers.,該公司欠供應商一大筆款項。,toeic_gold,3,Finance,Investment,"TOEIC,Reading,Part5,Part7",v.
advertise,/ˈædvərtaɪz/,廣告，宣傳,They plan to advertise their product on TV.,他們計劃在電視上為其產品做廣告。,toeic_gold,3,Marketing,Advertising,"TOEIC,Listening,Reading,Part3,Part7",v.
announce,/əˈnaʊns/,宣布，聲明,The CEO will announce the decision tomorrow.,執行長將於明天宣布決定。,toeic_gold,3,Corporate,GeneralBusiness,"TOEIC,Reading,Part5,Part7",v.
appraisal,/əˈpreɪzl/,評估，考核,Annual performance appraisals begin next week.,年度績效考核將於下週開始。,toeic_gold,3,HumanResources,Compensation,"TOEIC,Listening,Reading,Part3,Part7",n.
attorney,/əˈtɜːrni/,律師，代理人,Consult our corporate attorney before signing.,在簽約前請先諮詢我們的公司律師。,toeic_gold,3,Corporate,GeneralBusiness,"TOEIC,Reading,Part5,Part7",n.
auditor,/ˈɔːdɪtər/,審計員，查帳員,External auditors will review the ledger tomorrow.,外部審計員將於明天審查分類帳。,toeic_gold,3,Finance,Accounting,"TOEIC,Reading,Part6,Part7",n.
campaign,/kæmˈpeɪn/,活動，戰役,The marketing campaign was very successful.,行銷活動非常成功。,toeic_gold,3,Marketing,Advertising,"TOEIC,Listening,Reading,Part3,Part7",n.
capital,/ˈkæpɪtl/,資本，資金,We need more capital to expand the business.,我們需要更多資金來擴大業務。,toeic_gold,3,Finance,Investment,"TOEIC,Reading,Part6,Part7",n.
complete,/kəmˈpliːt/,完成，完整的,Please complete the application form.,請填寫申請表。,toeic_gold,3,Corporate,GeneralBusiness,"TOEIC,Reading,Part5,Part7",adj.
compromise,/ˈkɑːmprəmaɪz/,妥協，妥協案,We reached a compromise after negotiations.,我們在談判後達成了妥協。,toeic_gold,3,Corporate,GeneralBusiness,"TOEIC,Reading,Part5,Part7",n.
consensus,/kənˈsensəs/,共識，一致意見,The board reached a consensus on the budget.,董事會就預算達成了共識。,toeic_gold,3,CorporateGovernance,BoardOfDirectors,"TOEIC,Reading,Part5,Part7",n.
consider,/kənˈsɪdər/,考慮，認為,We will consider your proposal carefully.,我們會仔細考慮您的建議。,toeic_gold,3,Corporate,GeneralBusiness,"TOEIC,Reading,Part5,Part7",v.
continue,/kənˈtɪnjuː/,繼續，延伸,We will continue to improve our products.,我們將繼續改進我們的產品。,toeic_gold,3,Corporate,GeneralBusiness,"TOEIC,Reading,Part5,Part7",v.
cooperate,/koʊˈɑːpəreɪt/,合作，配合,We must cooperate to meet the deadline.,我們必須合作以在截止日期前完成。,toeic_gold,3,Corporate,GeneralBusiness,"TOEIC,Reading,Part5,Part7",v.
counteract,/ˌkaʊntərˈækt/,抵消，阻礙,The new policy will counteract the deficit.,新政策將抵消赤字。,toeic_gold,3,Technical,ITSupport,"TOEIC,Reading,Part5,Part7",v.
credential,/krəˈdenʃl/,證書，憑據,Check the applicant's academic credentials.,核對應徵者的學歷證書。,toeic_gold,3,HumanResources,Qualifications,"TOEIC,Listening,Reading,Part3,Part7",n.
criterion,/kraɪˈtɪriən/,標準，準則,Quality is our primary criterion for success.,品質是我們衡量成功的主要標準。,toeic_gold,3,Technical,ITSupport,"TOEIC,Reading,Part5,Part7",v.
criticize,/ˈkrɪtɪsaɪz/,批評，評論,The media might criticize the decision.,媒體可能會批評該決定。,toeic_gold,3,Technical,ITSupport,"TOEIC,Reading,Part5,Part7",v.
deficit,/ˈdefɪsɪt/,赤字，虧損,The trade deficit shrank significantly this year.,今年的貿易赤字顯著縮減。,toeic_gold,3,Finance,Investment,"TOEIC,Reading,Part6,Part7",n.
delegate,/ˈdelɪɡət/,委派，代表,Managers should delegate tasks to team members.,經理應該將任務委派給團隊成員。,toeic_gold,3,Corporate,Management,"TOEIC,Reading,Part5,Part7",n./v.
detect,/dɪˈtekt/,檢測，發現,The system can detect security threats.,系統可以檢測安全威脅。,toeic_gold,3,Technical,ITSupport,"TOEIC,Reading,Part5,Part7",v.
diagnose,/ˌdaɪəɡˈnoʊs/,診斷，分析,They need to diagnose the technical error.,他們需要診斷技術錯誤。,toeic_gold,3,Corporate,GeneralBusiness,"TOEIC,Reading,Part5,Part7",v.
dismissal,/dɪsˈmɪsl/,解僱，駁回,Wrongful dismissal leads to legal penalties.,不當解僱會導致法律處罰。,toeic_gold,3,Legal,Compliance,"TOEIC,Listening,Reading,Part3,Part7",n.
dispatch,/dɪˈspætʃ/,派遣，發送,We will dispatch the order within 24 hours.,我們將在24小時內發貨。,toeic_gold,3,Logistics,Transit,"TOEIC,Reading,Part5,Part7",v./n.
enable,/ɪˈneɪbl/,使能夠，授權,Technology will enable faster transactions.,技術將實現更快的交易。,toeic_gold,3,Technical,ITSupport,"TOEIC,Reading,Part5,Part7",v.
enterprise,/ˈentərpraɪz/,企業，事業心,The joint enterprise expanded into Europe.,這家合資企業擴展到了歐洲。,toeic_gold,3,Corporate,Business,"TOEIC,Reading,Part5,Part7",n.
entertain,/ˌentərˈteɪn/,招待，款待,We will entertain foreign clients tonight.,我們今晚將招待外國客戶。,toeic_gold,3,Marketing,Sales,"TOEIC,Reading,Part5,Part7",n.
establish,/ɪˈstæblɪʃ/,建立，設立,They plan to establish a branch in Tokyo.,他們計劃在東京設立分公司。,toeic_gold,3,Corporate,GeneralBusiness,"TOEIC,Reading,Part5,Part7",v.
examine,/ɪɡˈzæmɪn/,檢查，審查,Auditors will examine the financial records.,審計員將審查財務記錄。,toeic_gold,3,Finance,Accounting,"TOEIC,Reading,Part5,Part7",v.
expertise,/ˌekspɜːrˈtiːz/,專業知識，專長,She brought legal expertise to our team.,她為我們團隊帶來了法律專長。,toeic_gold,3,Legal,Compliance,"TOEIC,Reading,Part5,Part7",v.
forecast,/ˈfɔːrkæst/,預測，預報,Analysts forecast growth in tech sector.,分析師預測科技行業將會增長。,toeic_gold,3,Corporate,GeneralBusiness,"TOEIC,Reading,Part5,Part7",v.
franchise,/ˈfræntʃaɪz/,特許經營權，加盟店,They opened a new fast-food franchise.,他們開了一家新的速食加盟店。,toeic_gold,3,Marketing,Retail,"TOEIC,Listening,Reading,Part3,Part7",n.
guarantee,/ˌɡærənˈtiː/,保證，擔保,We guarantee product quality for two years.,我們保證產品品質兩年。,toeic_gold,3,Technical,ITSupport,"TOEIC,Reading,Part5,Part7",v.
hospitality,/ˌhɑːspɪˈtæləti/,款待，觀光餐旅業,We appreciated the warm hospitality of our hosts.,我們感謝主人的熱情款待。,toeic_gold,3,Travel,Hospitality,"TOEIC,Listening,Reading,Part3,Part7",n.
incentive,/ɪnˈsentɪv/,激勵，獎勵措施,Sales bonuses provide an extra incentive.,銷售獎金提供了額外的激勵。,toeic_gold,3,Marketing,Sales,"TOEIC,Reading,Part5,Part7",v.
increase,/ɪnˈkriːs/,增加，增強,Sales increased significantly last month.,上個月銷售額顯著增加。,toeic_gold,3,Marketing,Sales,"TOEIC,Reading,Part5,Part7",v.
initiate,/ɪˈnɪʃieɪt/,發起，創始,Management will initiate a review process.,管理層將啟動審查流程。,toeic_gold,3,Technical,ITSupport,"TOEIC,Reading,Part5,Part7",v.
initiative,/ɪˈnɪʃətɪv/,主動權，新倡議,The environmental initiative cuts energy use.,該環保倡議降低了能源消耗。,toeic_gold,3,Technical,ITSupport,"TOEIC,Reading,Part5,Part7",n.
institute,/ˈɪnstɪtuːt/,設立，制定,The board will institute a code of conduct.,董事會將制定行為準則。,toeic_gold,3,CorporateGovernance,BoardOfDirectors,"TOEIC,Reading,Part5,Part7",v.
interpret,/ɪnˈtɜːrprɪt/,解釋，翻譯,Analysts interpret the latest financial data.,分析師解讀最新的財務數據。,toeic_gold,3,Finance,Investment,"TOEIC,Reading,Part5,Part7",v.
logistics,/ləˈdʒɪstɪks/,物流，後勤,Third-party logistics handles shipping routes.,第三方物流公司處理海運航線。,toeic_gold,3,Logistics,Transit,"TOEIC,Reading,Part5,Part7",n.
negotiate,/nɪˈɡoʊʃieɪt/,談判，協商,We need to negotiate better supplier prices.,我們需要協商更好的供應商價格。,toeic_gold,3,Corporate,GeneralBusiness,"TOEIC,Reading,Part5,Part7",n.
optimize,/ˈɑːptɪmaɪz/,優化，完善,We optimize our website for search engines.,我們針對搜尋引擎優化網站。,toeic_gold,3,Technical,ITSupport,"TOEIC,Reading,Part5,Part7",v.
originate,/əˈrɪdʒɪneɪt/,起源，發起,The novel business model originated in Europe.,這項新穎的商業模式起源於歐洲。,toeic_gold,3,Corporate,GeneralBusiness,"TOEIC,Reading,Part5,Part7",v.
pension,/ˈpenʃn/,退休金，撫卹金,Employees contribute monthly to their pension fund.,員工每月向其退休金基金繳納款項。,toeic_gold,3,HumanResources,Compensation,"TOEIC,Listening,Reading,Part3,Part7",n.
personnel,/ˌpɜːrsəˈnel/,人事，全體員工,Direct all hiring inquiries to the personnel office.,請將所有招聘詢問轉至人事處。,toeic_gold,3,HumanResources,Compensation,"TOEIC,Listening,Reading,Part3,Part7",n.
protocol,/ˈproʊtəkɑːl/,協議，規程,Follow the established laboratory protocol.,請遵循既定的實驗室規程。,toeic_gold,3,Corporate,GeneralBusiness,"TOEIC,Reading,Part5,Part7",v.
recipient,/rɪˈsɪpiənt/,收件人，獲獎者,Address the letter directly to the recipient.,請將信函直接寄給收件人。,toeic_gold,3,Corporate,GeneralBusiness,"TOEIC,Reading,Part5,Part7",n.
surplus,/ˈsɜːrplʌs/,剩餘，盈餘,We reinvested our operational budget surplus.,我們將營運預算盈餘進行了再投資。,toeic_gold,3,Finance,Investment,"TOEIC,Reading,Part6,Part7",n.
tariff,/ˈtærɪf/,關稅，稅率,Higher import tariffs impacted retail prices.,較高的進口關稅影響了零售價格。,toeic_gold,4,Logistics,Transit,"TOEIC,Reading,Part6,Part7",n.
turnover,/ˈtɜːrnoʊvər/,營業額，人員流動率,High staff turnover increases recruiting costs.,偏高的員工流動率增加了招聘成本。,toeic_gold,4,HumanResources,Recruitment,"TOEIC,Listening,Reading,Part3,Part7",n.
wholesaler,/ˈhoʊlseɪlər/,批發商,We buy bulk supplies directly from wholesalers.,我們直接從批發商處批量購買供應物資。,toeic_gold,4,Marketing,Sales,"TOEIC,Reading,Part5,Part7",n.
custodian,/kʌˈstoʊdiən/,保管人，管理員,The building custodian unlocked the main entrance.,大樓管理員打開了正門。,toeic_gold,4,Travel,Hospitality,"TOEIC,Reading,Part5,Part7",n.
ergonomic,/ˌɜːrɡəˈnɑːmɪk/,人體工學的,The company purchased ergonomic chairs for all desks.,公司為所有辦公桌購置了符合人體工學的椅子。,toeic_gold,4,Corporate,GeneralBusiness,"TOEIC,Reading,Part5,Part7",n.
downtime,/ˈdaʊntaɪm/,停機時間，停工期,System maintenance was scheduled to minimize downtime.,系統維護排定在深夜以將停機時間降到最低。,toeic_gold,4,Manufacturing,Production,"TOEIC,Reading,Part5,Part7",n.
headhunter,/ˈhedhʌntər/,獵頭，獵才顧問,The board hired an executive headhunter to find a CEO.,董事會聘請了獵頭顧問來尋找執行長人選。,toeic_gold,4,CorporateGovernance,BoardOfDirectors,"TOEIC,Reading,Part5,Part7",n.
shortlist,/ˈʃɔːrtlɪst/,候選名單，入圍名單,We narrowed the applicants down to a shortlist of five.,我們將申請人篩選至五人的最終決選名單。,toeic_gold,4,Corporate,GeneralBusiness,"TOEIC,Reading,Part5,Part7",n.
collateral,/kəˈlætərəl/,擔保品，抵押品,Real estate served as collateral for the business loan.,不動產被用作商業貸款的擔保品。,toeic_gold,4,Corporate,GeneralBusiness,"TOEIC,Reading,Part5,Part7",n.
overdraft,/ˈoʊvərdræft/,透支，透支額度,Our bank account has a five-thousand-dollar overdraft limit.,我們的銀行帳戶享有五千美元的透支額度。,toeic_gold,4,Finance,Investment,"TOEIC,Reading,Part5,Part7",n.
concierge,/koʊnˈsjerʒ/,禮賓人員，服務台人員,The hotel concierge booked dinner reservations for us.,酒店禮賓人員幫我們預訂了晚餐座位。,toeic_gold,4,Travel,Hospitality,"TOEIC,Reading,Part5,Part7",n.
overhaul,/ˈoʊvərhɔːl/,大修，徹底檢修,The engine requires a complete mechanical overhaul.,這台引擎需要進行一次徹底的機械大修。,toeic_gold,4,Corporate,GeneralBusiness,"TOEIC,Reading,Part5,Part7",n.
dismantle,/dɪsˈmæntl/,拆卸，廢除,Workers dismantled the temporary scaffolding safely.,工人們安全拆卸了臨時施工鷹架。,toeic_gold,4,Travel,Hospitality,"TOEIC,Reading,Part5,Part7",n.
pipeline,/ˈpaɪplaɪn/,管線，籌備中的項目,Several promising new drugs are in our pipeline.,我們目前有幾款極具前景的新藥正在研發籌備中。,toeic_gold,4,Corporate,GeneralBusiness,"TOEIC,Reading,Part5,Part7",n.
algorithm,/ˈælɡərɪðəm/,演算法,The search algorithm recommends relevant job postings.,搜尋演算法會向求職者推薦相關的職缺。,toeic_gold,4,Technical,ITSupport,"TOEIC,Reading,Part5,Part7",n.
firmware,/ˈfɜːrmwer/,韌體,Download the latest firmware update for your router.,為您的路由器下載並安裝最新的韌體更新。,toeic_gold,4,Corporate,GeneralBusiness,"TOEIC,Reading,Part5,Part7",n.
downsizing,/ˈdaʊnsaɪzɪŋ/,精簡編制，縮減規模,The economic crisis triggered widespread corporate downsizing.,經濟危機引發了大規模的企業精簡編制潮。,toeic_gold,4,Corporate,GeneralBusiness,"TOEIC,Reading,Part5,Part7",n.
monopoly,/məˈnɑːpəli/,壟斷，獨佔,Regulators investigated the utility for market monopoly.,監管機構針對該公用事業公司的市場壟斷行為展開調查。,toeic_gold,4,Finance,Investment,"TOEIC,Reading,Part5,Part7",n.
streamline,/ˈstriːmlaɪn/,簡化，精簡,We must streamline our approval process to save time.,我們必須簡化審批流程以節省時間。,toeic_gold,4,Corporate,GeneralBusiness,"TOEIC,Reading,Part5,Part7",n.
turnaround,/ˈtɜːrnəraʊnd/,轉虧為盈，好轉，周轉時間,The new CEO orchestrated an impressive company turnaround.,新任執行長策劃了一場令人驚艷的公司轉虧為盈奇蹟。,toeic_gold,4,Corporate,GeneralBusiness,"TOEIC,Reading,Part5,Part7",n.
testimony,/ˈtestɪmoʊni/,證詞，證明,The accountant provided key testimony during the trial.,會計師在庭審期間提供了關鍵的證詞。,toeic_gold,4,Finance,Investment,"TOEIC,Reading,Part5,Part7",n.
defendant,/dɪˈfendənt/,被告,The defendant argued that the allegations were groundless.,被告辯稱這些指控完全毫無依據。,toeic_gold,4,Corporate,GeneralBusiness,"TOEIC,Reading,Part5,Part7",n.
proprietor,/prəˈpraɪətər/,業主，所有權人,The sole proprietor registered the business locally.,獨資業主在當地主管機關註冊了該家公司。,toeic_gold,4,Corporate,GeneralBusiness,"TOEIC,Reading,Part5,Part7",n.
occupancy,/ˈɑːkjəpənsi/,入住率，佔用,Hotel occupancy reached ninety percent in August.,酒店八月份的住房入住率高達百分之九十。,toeic_gold,4,Travel,Hospitality,"TOEIC,Reading,Part5,Part7",n.
refurbish,/ˌriːˈfɜːrbɪʃ/,翻新，整修,Management voted to refurbish the customer lounge.,管理層投票通過了整修客戶貴賓休息室的提案。,toeic_gold,4,Corporate,GeneralBusiness,"TOEIC,Reading,Part5,Part7",n.
sublease,/ˈsʌbliːs/,轉租，分租,The tenant subleased two offices to an accountant.,承租人將其中的兩間辦公室轉租給了一位會計師。,toeic_gold,4,Finance,Investment,"TOEIC,Reading,Part5,Part7",n.
surveyor,/sərˈveɪər/,測量師，檢驗員,A land surveyor mapped the property boundary line.,土地測量師詳細勘測並繪製了該地產的地界線。,toeic_gold,4,Corporate,GeneralBusiness,"TOEIC,Reading,Part5,Part7",n.
ergonomics,/ˌɜːrɡəˈnɑːmɪks/,工效學，人體工程學,Office ergonomics workshops teach correct sitting posture.,辦公室人體工學講座傳授員工正確的坐姿觀念。,toeic_gold,4,Technical,ITSupport,"TOEIC,Reading,Part5,Part7",n.
pollutant,/pəˈluːtənt/,污染物,Factory scrubbers filter toxic industrial air pollutants.,工廠洗滌塔能過濾排放的有毒工業空氣污染物。,toeic_gold,4,Manufacturing,Production,"TOEIC,Reading,Part5,Part7",n.
helmet,/helmet/,安全帽；頭盔,Always wear a helmet when riding a bicycle or motorcycle.,騎自行車或摩托車時務必戴安全帽。,toeic_gold,4,Travel,Hospitality,"TOEIC,Reading,Part5,Part7",n.
advise,/ədˈvaɪz/,建議，忠告,The consultant will advise us on the merger.,顧問將就合併事宜向我們提供建議。,toeic_gold,4,CorporateGovernance,CorporateStrategy,"TOEIC,Reading,Part5,Part7",v.
arrange,/əˈreɪndʒ/,安排，整理,We should arrange a meeting with the client.,我們應該安排一次與客戶的會議。,toeic_gold,4,Marketing,Sales,"TOEIC,Reading,Part5,Part7",v.
assist,/əˈsɪst/,協助，幫助,I will assist you with the preparations.,我會協助您進行準備工作。,toeic_gold,4,Technical,ITSupport,"TOEIC,Reading,Part5,Part7",v.
assure,/əˈʃʊr/,向...保證,I assure you that the report is accurate.,我向您保證報告是準確的。,toeic_gold,4,Corporate,GeneralBusiness,"TOEIC,Reading,Part5,Part7",v.
attend,/əˈtend/,出席，參加,All staff members must attend the seminar.,所有員工必須參加研討會。,toeic_gold,4,HumanResources,Compensation,"TOEIC,Reading,Part5,Part7",v.
borrow,/ˈbɑːroʊ/,借，借入,We need to borrow money from the bank.,我們需要向銀行借錢。,toeic_gold,4,Corporate,GeneralBusiness,"TOEIC,Reading,Part5,Part7",v.
cancel,/ˈkænsl/,取消，撤銷,We had to cancel the flight due to weather.,由於天氣原因，我們不得不取消航班。,toeic_gold,4,Travel,Transit,"TOEIC,Listening,Reading,Part3,Part7",v.
career,/kəˈrɪr/,職業，生涯,She plans to pursue a career in finance.,她計劃從事金融事業。,toeic_gold,4,Finance,Investment,"TOEIC,Listening,Reading,Part3,Part7",n.
combine,/kəmˈbaɪn/,結合，聯合,The two departments will combine their budgets.,這兩個部門將合併預算。,toeic_gold,4,Finance,Investment,"TOEIC,Reading,Part5,Part7",v.
compare,/kəmˈper/,比較，對照,We should compare the prices of different vendors.,我們應該比較不同廠商的價格。,toeic_gold,4,Corporate,GeneralBusiness,"TOEIC,Reading,Part5,Part7",v.
compute,/kəmˈpjuːt/,計算，估算,We use a server to compute the monthly data.,我們使用伺服器來計算月度數據。,toeic_gold,4,Technical,ITSupport,"TOEIC,Reading,Part5,Part7",v.
connect,/kəˈnekt/,連接，聯絡,The system will connect automatically.,系統將自動連接。,toeic_gold,4,Manufacturing,Production,"TOEIC,Reading,Part5,Part7",v.
consist,/kənˈsɪst/,由...組成,The team consists of five developers.,該團隊由五名開發人員組成。,toeic_gold,4,Corporate,GeneralBusiness,"TOEIC,Reading,Part5,Part7",v.
contain,/kəˈteɪn/,包含，容納,The archive does not contain old emails.,存檔中不包含舊的電子郵件。,toeic_gold,4,Corporate,GeneralBusiness,"TOEIC,Reading,Part5,Part7",v.
control,/kəˈntoʊl/,控制，支配,The manager will control the budget.,經理將控制預算。,toeic_gold,4,Finance,Investment,"TOEIC,Reading,Part5,Part7",v.
correct,/kəˈrekt/,糾正，正確的,Please correct any errors in the form.,請更正表格中的任何錯誤。,toeic_gold,4,Corporate,GeneralBusiness,"TOEIC,Reading,Part5,Part7",adj.
counsel,/ˈkaʊnsl/,諮詢，建議,He was hired to counsel the board.,他被僱用來為董事會提供諮詢。,toeic_gold,4,CorporateGovernance,BoardOfDirectors,"TOEIC,Reading,Part5,Part7",v.
decide,/dɪˈsaɪd/,決定，解決,We need to decide on the launch date.,我們需要決定發表日期。,toeic_gold,4,Corporate,GeneralBusiness,"TOEIC,Reading,Part5,Part7",v.
define,/dɪˈfaɪn/,定義，限定,We must define our target audience.,我們必須定義我們的目標受眾。,toeic_gold,4,Corporate,GeneralBusiness,"TOEIC,Reading,Part5,Part7",v.
delete,/dɪˈliːt/,刪除,You can delete unnecessary files.,您可以刪除不需要的文件。,toeic_gold,4,Corporate,GeneralBusiness,"TOEIC,Reading,Part5,Part7",v.
depart,/dɪˈpɑːrt/,出發，離開,The train is scheduled to depart at 2 PM.,火車預定於下午2點出發。,toeic_gold,4,Corporate,GeneralBusiness,"TOEIC,Reading,Part5,Part7",v.
deposit,/dɪˈpɑːzɪt/,存款，押金,You must pay a deposit for the rental.,您必須支付租金押金。,toeic_gold,4,Technical,ITSupport,"TOEIC,Reading,Part5,Part7",n.
deprive,/dɪˈpraɪv/,剝奪，使喪失,The new rule will deprive workers of benefits.,新規則將剝奪工人的福利。,toeic_gold,4,HumanResources,Compensation,"TOEIC,Reading,Part5,Part7",v.
design,/dɪˈzaɪn/,設計，圖樣,She was hired to design the new website.,她被僱用來設計新網站。,toeic_gold,4,HumanResources,Compensation,"TOEIC,Reading,Part5,Part7",v.
detach,/dɪˈtætʃ/,拆卸，使分離,Please detach the form and return it.,請撕下表格並將其寄回。,toeic_gold,4,Technical,ITSupport,"TOEIC,Reading,Part5,Part7",v.
devise,/dɪˈvaɪz/,設計，發明,They need to devise a new strategy.,他們需要設計一個新策略。,toeic_gold,4,Corporate,GeneralBusiness,"TOEIC,Reading,Part5,Part7",v.
educate,/ˈedʒukeɪt/,教育，培養,We educate employees on new compliance rules.,我們培訓員工遵守新法規。,toeic_gold,4,Legal,Compliance,"TOEIC,Reading,Part5,Part7",v.
engage,/ɪnˈɡeɪdʒ/,參與，聘用,We need to engage clients in our survey.,我們需要讓客戶參與我們的調查。,toeic_gold,4,HumanResources,Compensation,"TOEIC,Listening,Reading,Part3,Part7",v.
enroll,/ɪnˈroʊl/,註冊，登記,Employees can enroll in training courses.,員工可以報名參加培訓課程。,toeic_gold,4,HumanResources,Compensation,"TOEIC,Reading,Part5,Part7",n.
entitle,/ɪnˈtaɪtl/,賦予權利,This pass will entitle you to free admission.,此通行證使您享有免費入場權。,toeic_gold,4,Technical,ITSupport,"TOEIC,Reading,Part5,Part7",v.
exceed,/ɪkˈsiːd/,超過，勝過,Sales might exceed our quarterly target.,銷售額可能會超過我們的季度目標。,toeic_gold,4,Marketing,Sales,"TOEIC,Reading,Part5,Part7",v.
execute,/ˈeksɪkjuːt/,執行，實施,The team will execute the marketing plan.,團隊將執行行銷計劃。,toeic_gold,4,CorporateGovernance,CorporateStrategy,"TOEIC,Reading,Part5,Part7",v.
expect,/ɪkˈspekt/,預期，期待,We expect higher profits this year.,我們預計今年利潤會增加。,toeic_gold,4,Finance,Investment,"TOEIC,Reading,Part5,Part7",v.
explain,/ɪkˈspleɪn/,解釋，說明,The consultant will explain the strategy.,顧問將解釋該策略。,toeic_gold,4,Corporate,GeneralBusiness,"TOEIC,Reading,Part5,Part7",v.
expose,/ɪkˈspoʊz/,暴露，揭示,The report will expose operational flaws.,該報告將揭示營運缺陷。,toeic_gold,4,Legal,Compliance,"TOEIC,Reading,Part5,Part7",v.
fulfill,/fʊlˈfɪl/,履行，滿足,We strive to fulfill customer orders quickly.,我們努力迅速履行客戶訂單。,toeic_gold,4,Corporate,GeneralBusiness,"TOEIC,Reading,Part5,Part7",v.
import,/ˈɪmpɔːrt/,進口，輸入,The company imports raw materials from Asia.,該公司從亞洲進口原材料。,toeic_gold,4,Corporate,GeneralBusiness,"TOEIC,Reading,Part5,Part7",v.
include,/ɪnˈkluːd/,包含，列入,The package includes all accessories.,包裝包含所有配件。,toeic_gold,4,Corporate,GeneralBusiness,"TOEIC,Reading,Part5,Part7",v.
invite,/ɪnˈvaɪt/,邀請，徵求,We invite all stakeholders to the forum.,我們邀請所有利害關係人參加論壇。,toeic_gold,4,CorporateGovernance,CorporateStrategy,"TOEIC,Reading,Part5,Part7",v.
justify,/ˈdʒʌstɪfaɪ/,證明...合理,Managers must justify their budget requests.,經理必須證明其預算請求的合理性。,toeic_gold,4,Finance,Investment,"TOEIC,Reading,Part5,Part7",v.
lend,/lend/,貸出，借給,The bank will lend funds for infrastructure.,銀行將為基礎設施提供貸款。,toeic_gold,4,Finance,BankingAndAccounting,"TOEIC,Reading,Part6,Part7",v.
market,/ˈmɑːrkɪt/,行銷，推銷,They market products to young professionals.,他們向年輕專業人士推銷產品。,toeic_gold,4,Marketing,Sales,"TOEIC,Listening,Reading,Part3,Part7",v.
mediate,/ˈmiːdieɪt/,調解，調停,A third party will mediate the contract dispute.,第三方將調解合同爭議。,toeic_gold,4,Legal,Contracts,"TOEIC,Reading,Part5,Part7",v.
network,/ˈnetwɜːrk/,建立人脈，連線,Attending expos helps professionals network.,參加博覽會有助於專業人士建立人脈。,toeic_gold,4,Travel,Hospitality,"TOEIC,Reading,Part5,Part7",n.
obtain,/əbˈteɪn/,獲得，獲取,You must obtain approval before spending.,您在支出前必須獲得批准。,toeic_gold,4,Travel,Hospitality,"TOEIC,Reading,Part5,Part7",v.
outline,/ˈaʊtlaɪn/,概述，概括,The CEO outlined the five-year strategic plan.,執行長概述了五年策略計劃。,toeic_gold,4,Corporate,GeneralBusiness,"TOEIC,Reading,Part5,Part7",v.
partner,/ˈpɑːrtnər/,合作，合夥,We partner with local firms for delivery.,我們與本地公司合作進行配送。,toeic_gold,4,Logistics,Transit,"TOEIC,Reading,Part5,Part7",v.
permit,/pərˈmɪt/,許可，准許,The city will permit construction next week.,市政府將於下週批准施工。,toeic_gold,4,Technical,ITSupport,"TOEIC,Reading,Part5,Part7",v.
rescind,/rɪˈsɪnd/,廢除，取消,The committee voted to rescind the policy change.,委員會投票決定廢除該政策變更。,toeic_gold,4,Technical,ITSupport,"TOEIC,Reading,Part5,Part7",n.
tenure,/ˈtenjər/,任期，終身職位,"During her twenty-year tenure, the firm grew tenfold.",在她二十年的任期內，公司規模成長了十倍。,toeic_gold,4,Corporate,GeneralBusiness,"TOEIC,Reading,Part5,Part7",n.
arrears,/əˈrɪrz/,拖欠款，欠款,The company paid off all tax arrears last month.,該公司於上個月結清了所有欠稅款項。,toeic_gold,4,Finance,Accounting,"TOEIC,Reading,Part5,Part7",n.
synergy,/ˈsɪnərdʒi/,綜效，協同效應,The merger created strong operational synergy.,這場企業合併創造了強大的營運協同綜效。,toeic_gold,4,CorporateGovernance,CorporateStrategy,"TOEIC,Reading,Part5,Part7",n.
statute,/ˈstætʃuːt/,法令，成文法,The new labor statute protects remote workers' rights.,新的勞動法規保障了遠端辦公人員的權益。,toeic_gold,4,Legal,Compliance,"TOEIC,Reading,Part5,Part7",n.
pricing,/ˈpɹaɪsɪŋ/,價格策略,The company is currently reviewing its pricing strategy to remain competitive in the market.,公司目前正在審查其價格策略，以在市場上保持競爭力。,toeic_gold,4,Marketing,Sales,"TOEIC,Reading,Part5,Part7",n.
absorb,/əbˈzɔɹb/,吸收,The company needs to absorb the new regulations into its operational procedures.,公司需要將新的法規納入其營運程序。,toeic_gold,4,Technical,ITSupport,"TOEIC,Reading,Part5,Part7",v.
acting,/ˈæktɪŋ/,表演,The company hired an acting coach to improve the team's presentation skills.,公司聘請了一位表演老師來提升團隊的簡報技巧。,toeic_gold,4,HumanResources,Compensation,"TOEIC,Reading,Part5,Part7",n./v.
adapted,/əˈdæptɪd/,調整，適應,The company has adapted its marketing strategy to appeal to a younger demographic.,公司已調整其行銷策略，以吸引年輕族群。,toeic_gold,4,Marketing,Sales,"TOEIC,Reading,Part5,Part7",v./adj.
admired,/ədˈmaɪɝd/,受到讚賞，尊敬,The company's commitment to sustainability is widely admired by its stakeholders.,公司對可持續發展的承諾廣受其利害關係人的讚賞。,toeic_gold,4,CorporateGovernance,CorporateStrategy,"TOEIC,Reading,Part5,Part7",adj.
advised,/ædˈvaɪzd/,建議,The manager advised the team to submit the report by Friday.,經理建議團隊在星期五前提交報告。,toeic_gold,4,Technical,ITSupport,"TOEIC,Reading,Part5,Part7",v./adj.
advisor,/ædˈvaɪzɝ/,顧問,"Before making any investment decisions, it's wise to consult a financial advisor.",在做出任何投資決策之前，最好諮詢財務顧問。,toeic_gold,4,Finance,Investment,"TOEIC,Reading,Part5,Part7",n.
batch,/batch/,一批；一批次（通常指數量較多的物品或工作），尤其指在同一時間生產或處理的。,The factory is producing a large batch of smartphones this month.,工廠本月將生產一批大量的智慧型手機。,toeic_gold,4,Manufacturing,Production,"TOEIC,Reading,Part5,Part7",n.
bulk,/bulk/,大量；大批（通常指數量或容量）,We purchase raw materials in bulk to reduce costs.,我們大量採購原材料以降低成本。,toeic_gold,4,Logistics,SupplyChain,"TOEIC,Reading,Part5,Part7",n.
canal,/canal/,人工運河，通常用於船舶運輸或灌溉。,"The company is exploring alternative shipping routes, including utilizing the Panama Canal to reduce transportation costs.",公司正在探索替代運輸路線，包括利用巴拿馬運河以降低運輸成本。,toeic_gold,4,Travel,Hospitality,"TOEIC,Reading,Part5,Part7",n.
crop,/crop/,（農作物）收割；（頭髮）修剪；（數據）截取,The company is expecting a large crop of wheat this year due to favorable weather conditions.,由於天氣條件良好，公司預計今年會有大量的麥收。,toeic_gold,4,Technical,ITSupport,"TOEIC,Reading,Part5,Part7",n.
dent,/dent/,凹痕；損傷（通常指金屬表面）,The shipping department needs to inspect the delivered goods for any dents or scratches.,運輸部門需要檢查交付的貨物是否有任何凹痕或刮痕。,toeic_gold,4,Manufacturing,QualityControl,"TOEIC,Reading,Part5,Part7",n.
depot,/depot/,倉庫；儲存站（通常指大型的、用於儲存貨物的設施）,The company is expanding its distribution network by opening new depots across the country.,公司正在擴展其配送網絡，計劃在全國各地開設新的儲存站。,toeic_gold,4,Logistics,Transit,"TOEIC,Reading,Part5,Part7",n.
dump,/dump/,傾倒；廢棄物；（電腦）清除資料,The logistics team needs to arrange for the proper disposal of the damaged goods.,物流團隊需要安排妥善處理損壞的商品。,toeic_gold,4,Technical,ITSupport,"TOEIC,Reading,Part5,Part7",n.
grain,/grain/,穀物；微粒；細小顆粒（通常指商業情境下指原材料或產品的最小單位）,The supplier assured us that the wheat grains are of the highest quality.,供應商向我們保證，這些小麥的穀粒品質是最高的。,toeic_gold,4,Technical,ITSupport,"TOEIC,Reading,Part5,Part7",n.
junk,/junk/,廢棄物；無用物品；劣質品,The warehouse manager ordered a cleanup to remove all the junk and optimize storage space.,倉庫經理下令清理，移除所有廢棄物並優化儲存空間。,toeic_gold,4,Logistics,Transit,"TOEIC,Reading,Part5,Part7",n.
pump,/pump/,（機械、設備）幫浦；（價格、數量等）提升，提高,The logistics department needs to order new pumps for the water treatment facility.,物流部門需要為水處理設施訂購新的幫浦。,toeic_gold,4,Manufacturing,Production,"TOEIC,Reading,Part5,Part7",n.
quote,/quote/,引用；報價；引述,Could you please provide a quote for 100 units of this product?,您能為這款產品的 100 個單位提供報價嗎？,toeic_gold,4,Technical,ITSupport,"TOEIC,Reading,Part5,Part7",n.
ramp,/ramp/,斜坡；坡道，通常用於方便無障礙通行或貨物運輸。,The warehouse is equipped with a loading ramp for efficient truck access.,該倉庫配備了貨物坡道，方便卡車高效地進出。,toeic_gold,4,Logistics,Transit,"TOEIC,Reading,Part5,Part7",n.
relay,/relay/,傳遞；接力傳遞；中繼站,The shipping company uses a relay system to ensure timely delivery of goods across the country.,該運輸公司使用中繼系統以確保全國範圍內貨物的及時交付。,toeic_gold,4,Logistics,Transit,"TOEIC,Reading,Part5,Part7",n.
screw,/screw/,螺絲；（比喻）干擾、破壞,"We need to order 10,000 screws for the assembly line.","我們需要為生產線訂購 10,000 顆螺絲。",toeic_gold,4,Manufacturing,Production,"TOEIC,Reading,Part5,Part7",n.
seal,/seal/,密封；蓋章；（文件等）簽核蓋章,The shipping department needs to seal the boxes securely before they are loaded onto the truck.,貨運部門需要在將箱子裝上卡車之前，將其安全地密封。,toeic_gold,4,Logistics,SupplyChain,"TOEIC,Reading,Part5,Part7",n.
sized,/sized/,根據尺寸；以...為尺寸,The company needs shirts sized according to the employee's measurements.,公司需要根據員工的尺寸來訂製襯衫。,toeic_gold,4,HumanResources,Compensation,"TOEIC,Reading,Part5,Part7",adj.
smash,/smash/,猛烈撞擊；粉碎；打破,The shipping company is liable for damages if the fragile goods are smashed during transit.,如果貨物在運輸過程中被粉碎，運輸公司需要負責賠償。,toeic_gold,4,Logistics,Transit,"TOEIC,Reading,Part5,Part7",v.
strap,/strap/,帶子；固定帶；繫帶,The shipping department needs to secure the pallets with sturdy straps to prevent damage during transit.,運輸部門需要用堅固的帶子固定托盤，以防止運輸過程中損壞。,toeic_gold,4,Logistics,Transit,"TOEIC,Reading,Part5,Part7",n.
tank,/tank/,儲存液體或氣體的容器，尤其指大型的工業儲存槽。,The logistics department is responsible for ensuring the tanks are properly labeled and stored.,物流部門負責確保儲槽正確標示並妥善存放。,toeic_gold,4,Logistics,SupplyChain,"TOEIC,Reading,Part5,Part7",n.
tanks,/tanks/,儲水槽；油罐；（軍事上）坦克,The logistics team is responsible for ensuring the tanks are properly sealed and transported.,物流團隊負責確保儲水槽妥善密封並運輸。,toeic_gold,4,Logistics,SupplyChain,"TOEIC,Reading,Part5,Part7",n.
tonne,/tonne/,公噸（國際計量單位，等於1000公斤）,"The ship can carry up to 10,000 tonnes of cargo.","這艘船可以承載多達10,000公噸的貨物。",toeic_gold,4,Logistics,Transit,"TOEIC,Reading,Part5,Part7",n.
weigh,/weigh/,衡量；權衡；評估（價值、重要性等）,The shipping department needs to weigh all packages before labeling them.,運輸部門需要為所有包裹貼標籤前，先衡量它們的重量。,toeic_gold,4,Logistics,SupplyChain,"TOEIC,Reading,Part5,Part7",v.
myaccount,/myaccount/,我的帳戶；指個人在銀行、網站或系統中擁有的專屬帳戶。,Please log in to myaccount to check your balance and recent transactions.,請登入我的帳戶以查看您的餘額和最近的交易。,toeic_gold,4,Finance,Accounting,"TOEIC,Reading,Part5,Part7",n.
conserve,/kənˈsɜːrv/,保存，節約,We should conserve electricity in the office.,我們應該在辦公室節約用電。,toeic_gold,4,Technical,ITSupport,"TOEIC,Reading,Part6,Part7",v.
corporate,/ˈkɔːrpərət/,企業的，法人的,He works in the corporate world.,他在企業界工作。,toeic_gold,4,Legal,ContractsAndRegulations,"TOEIC,Reading,Part6,Part7",adj.
economize,/ɪˈkɑːnəmaɪz/,節約，節省,We must economize on office supplies.,我們必須節省辦公用品。,toeic_gold,4,Legal,ContractsAndRegulations,"TOEIC,Reading,Part6,Part7",v.
trademark,/ˈtreɪdmɑːrk/,商標,Register the brand trademark with the agency.,向專利商標局註冊品牌商標。,toeic_gold,4,Marketing,Sales,"TOEIC,Reading,Part6,Part7",n.
directive,/dəˈrektɪv/,指令，指導方針，法規,The executive board issued a strict directive concerning budget reductions.,執行委員會發布了一項關於削減預算的嚴格指令。,toeic_gold,4,CorporateGovernance,BoardOfDirectors,"TOEIC,Reading,Part5,Part7",n.
scrutiny,/ˈskruːtəni/,仔細審查，嚴格檢驗,The proposed merger is currently under regulatory scrutiny by antitrust officials.,這項提議的併購案目前正接受反壟斷官員的法規嚴格審查。,toeic_gold,4,CorporateGovernance,CorporateStrategy,"TOEIC,Reading,Part5,Part7",n.
crime,/crime/,犯罪行為；違法行為,The company has a strict policy against any form of corporate crime.,公司對任何形式的企業犯罪都有嚴格的政策。,toeic_gold,4,Legal,Compliance,"TOEIC,Reading,Part5,Part7",n.
harm,/harm/,損害；危害；造成負面影響,The company is taking steps to prevent any harm to its employees.,公司正在採取措施以防止對員工造成任何損害。,toeic_gold,4,HumanResources,Compensation,"TOEIC,Reading,Part5,Part7",v.
thief,/thief/,竊賊；盜賊（指偷竊財物的人）,The company is implementing stricter security measures to prevent theft by employees or thieves.,公司正在實施更嚴格的安全措施，以防止員工或竊賊盜竊。,toeic_gold,4,HumanResources,Compensation,"TOEIC,Reading,Part5,Part7",n.
concentrate,/ˈkɑːnsnteɪt/,集中，專注,I can't concentrate on my study with this noise.,伴隨着噪音，我無法集中精力學習。,toeic_gold,4,Technical,ITSupport,"TOEIC,Reading,Part5,Part7",v.
consequence,/ˈkɑːnsəkwens/,後果，影響,You must accept the consequences of your actions.,你必須承擔你行為的後果。,toeic_gold,4,Corporate,GeneralBusiness,"TOEIC,Reading,Part5,Part7",v.
convenience,/kənˈviːniəns/,便利，方便,"For your convenience, online booking is open.",為方便起見，線上預約已開放。,toeic_gold,4,Corporate,GeneralBusiness,"TOEIC,Reading,Part5,Part7",v.
damage,/ˈdæmɪdʒ/,損害，賠償金,Storms caused severe damage to the warehouse.,暴風雨對倉庫造成了嚴重損壞。,toeic_gold,4,Logistics,Transit,"TOEIC,Reading,Part6,Part7",n.
demonstrate,/ˈdemənstreɪt/,證實，演示,The experiment demonstrates the law of gravity.,該實驗證實了萬有引力定律。,toeic_gold,4,Legal,Compliance,"TOEIC,Reading,Part5,Part7",v.
depreciate,/dɪˈpriːʃieɪt/,貶值，折舊,The equipment will depreciate over time.,設備會隨著時間折舊。,toeic_gold,4,Finance,BankingAndAccounting,"TOEIC,Reading,Part6,Part7",v.
equipment,/ɪˈkwɪpmənt/,設備，裝備,Modern laboratory equipment is vital.,現代化實驗室設備至關重要。,toeic_gold,4,Manufacturing,Production,"TOEIC,Reading,Part5,Part7",v.
maintenance,/ˈmeɪntənəns/,維護，保養,Regular maintenance prevents system breakdowns.,定期維護可防止系統故障。,toeic_gold,4,Manufacturing,Production,"TOEIC,Reading,Part5,Part7",v.
patent,/ˈpætnt/,專利，專利權,The company filed a patent for the battery.,該公司為這款新電池申請了專利。,toeic_gold,4,Legal,Compliance,"TOEIC,Reading,Part6,Part7",n.
qualification,/ˌkwɑːlɪfɪˈkeɪʃn/,資格，資歷,He possesses all qualifications for the role.,他具備擔任該職位的所有資歷。,toeic_gold,4,HumanResources,Recruitment,"TOEIC,Listening,Reading,Part3,Part7",n.
subscription,/səbˈskrɪpʃn/,訂閱，訂閱費,Renew your annual journal subscription today.,今天續訂您的年度期刊。,toeic_gold,4,Corporate,GeneralBusiness,"TOEIC,Reading,Part5,Part7",v.
transaction,/trænˈzækʃn/,交易，業務,Online credit card transactions are encrypted.,線上信用卡交易均經過加密。,toeic_gold,4,Technical,ITSupport,"TOEIC,Reading,Part5,Part7",v.
waiver,/ˈweɪvər/,放棄，棄權聲明,Sign the liability waiver before participation.,參加前請簽署免責聲明書。,toeic_gold,4,Legal,Compliance,"TOEIC,Reading,Part6,Part7",n.
reservation,/ˌrezərˈveɪʃn/,預約，訂位,Call ahead to confirm your dinner reservation.,請提前致電確認您的晚餐訂位。,toeic_gold,4,Travel,Hospitality,"TOEIC,Reading,Part5,Part7",n.
teleconference,/ˈtelikɑːnfərəns/,遠距會議，電話會議,We scheduled a global teleconference with European teams.,我們與歐洲團隊排定了一場全球電話會議。,toeic_gold,4,Technical,ITSupport,"TOEIC,Reading,Part5,Part7",n.
advertisement,/ˌædvɝˈtaɪzmənt/,廣告,The company launched a new advertisement campaign to boost sales.,該公司推出了一項新的廣告活動以提高銷售額。,toeic_gold,4,Marketing,Advertising,"TOEIC,Reading,Part5,Part7",n.
announcement,/əˈnaʊnsmənt/,公告,The company made an announcement regarding the upcoming restructuring.,公司發布了關於即將進行的重組公告。,toeic_gold,4,CorporateGovernance,CorporateStrategy,"TOEIC,Reading,Part5,Part7",n.
application,/ˌæpɫəˈkeɪʃən/,申請,Please submit your job application by Friday.,請在星期五前提交您的求職申請。,toeic_gold,4,Technical,ITSupport,"TOEIC,Reading,Part5,Part7",n./v.
appointment,/əˈpɔɪntmənt/,預約，約會,Please reschedule your appointment with Mr. Smith to next Tuesday.,請將您與史密斯先生的預約改到下週二。,toeic_gold,4,Technical,ITSupport,"TOEIC,Reading,Part5,Part7",n.
arrangement,/ɝˈeɪndʒmənt/,安排,The travel agent made all the necessary arrangements for our business trip.,旅行社為我們的商務旅行安排了所有必要的安排。,toeic_gold,4,Travel,Hospitality,"TOEIC,Reading,Part5,Part7",n./v.
comfortable,/ˈkəmfɝtəbəɫ/,舒適的,The ergonomic chair is designed to make employees more comfortable during long working hours.,符合人體工學的椅子旨在讓員工在長時間工作時更舒適。,toeic_gold,4,HumanResources,Compensation,"TOEIC,Reading,Part5,Part7",adj.
communication,/kəmˌjunəˈkeɪʃən/,資訊或訊息的傳遞與交換,Effective communication between the sales team and the production department reduces order errors.,銷售團隊與生產部門之間的有效溝通可減少訂單錯誤。,toeic_gold,4,Manufacturing,Production,"TOEIC,Reading,Part5,Part7",n.
competition,/ˌkɑmpəˈtɪʃən/,競爭,The company faces stiff competition in the global market.,該公司在全球市場面臨激烈的競爭。,toeic_gold,4,Marketing,Sales,"TOEIC,Reading,Part5,Part7",n./v.
confirmation,/ˌkɑnfɝˈmeɪʃən/,確認,We require a written confirmation of your order before we can proceed with the shipment.,在我們能繼續發貨之前，我們需要收到您訂單的書面確認。,toeic_gold,4,Logistics,Transit,"TOEIC,Reading,Part5,Part7",n./v.
congratulation,/kənˌɡɹætʃəˈɫeɪʃən/,祝賀,Congratulations on your excellent presentation!,恭喜你做了很棒的簡報！,toeic_gold,4,Corporate,Communication,"TOEIC,Reading,Part5,Part7",n.
construction,/kənˈstɹəkʃən/,建築，建造,The construction of the new office building is expected to be completed by the end of next year.,新辦公大樓的建設預計將在明年年底完成。,toeic_gold,4,Travel,Hospitality,"TOEIC,Reading,Part5,Part7",n./v.
conversation,/ˌkɑnvɝˈseɪʃən/,對話,Let's schedule a brief conversation to discuss the project's progress.,我們來安排一次簡短的對話，討論專案的進度。,toeic_gold,4,Corporate,Communication,"TOEIC,Reading,Part5,Part7",n.
cooperation,/ˌkwɑpɝˈeɪʃən/,合作,Successful project completion requires close cooperation between all departments.,專案成功完成需要所有部門之間的密切合作。,toeic_gold,4,Corporate,DailyWork,"TOEIC,Reading,Part5,Part7",n.
description,/dɪsˈkɹɪpʃən/,描述,The product description on the website clearly outlines its features and benefits.,網站上的產品描述清楚地概述了其功能和優點。,toeic_gold,4,HumanResources,Compensation,"TOEIC,Reading,Part5,Part7",n./v.
development,/dɪˈvɛɫəpmənt/,發展，進展，提升,The company is focusing on the development of new software to improve efficiency.,公司正專注於開發新軟體以提高效率。,toeic_gold,4,Technical,ITSupport,"TOEIC,Reading,Part5,Part7",n./v.
entertainment,/ˌɛnɝˈteɪnmənt/,娛樂活動或節目，通常用於提升客戶關係，品牌形象或員工士氣的商務場合。,The company allocated a budget for client entertainment during the annual conference.,公司在年度會議期間為客戶娛樂預算撥款。,toeic_gold,4,Finance,Investment,"TOEIC,Reading,Part5,Part7",n./v.
environment,/ɪnˈvaɪɹənmənt/,環境,The company is committed to minimizing its environmental impact through sustainable practices.,該公司致力於透過永續發展的措施來減少其對環境的影響。,toeic_gold,4,Technical,ITSupport,"TOEIC,Reading,Part5,Part7",n.
explanation,/ˌɛkspɫəˈneɪʃən/,解釋,Could you provide an explanation for the delay in the project?,您能解釋一下專案延遲的原因嗎？,toeic_gold,4,Corporate,Communication,"TOEIC,Reading,Part5,Part7",n./v.
improvement,/ˌɪmˈpɹuvmənt/,進步，改善,The company is committed to continuous improvement in its operational processes.,公司致力於持續改善其營運流程。,toeic_gold,4,Technical,ITSupport,"TOEIC,Reading,Part5,Part7",n.
inconvenience,/ˌɪnkənˈvinjəns/,不便,We apologize for any inconvenience this may cause.,對於這可能造成的任何不便，我們深表歉意。,toeic_gold,4,Corporate,DailyWork,"TOEIC,Reading,Part5,Part7",n.
information,/ˌɪnfɝˈmeɪʃən/,資料，資訊,Please send me all relevant information regarding the upcoming project.,請將所有關於即將開始的專案的相關資訊寄給我。,toeic_gold,4,Travel,Hospitality,"TOEIC,Reading,Part5,Part7",n.
instruction,/ˌɪnˈstɹəkʃən/,指示,Please follow the instructions carefully to assemble the product.,請仔細按照說明書組裝產品。,toeic_gold,4,Manufacturing,Production,"TOEIC,Reading,Part5,Part7",n./v.
insurance,/ˌɪnˈʃʊɹəns/,保險,The company offers comprehensive insurance coverage for its employees.,該公司為員工提供全面的保險保障。,toeic_gold,4,HumanResources,Compensation,"TOEIC,Reading,Part5,Part7",n.
introduction,/ˌɪntɹəˈdəkʃən/,介紹,The speaker began his presentation with a brief introduction of the company's history.,這位演講者以簡短的公司歷史介紹開始了他的簡報。,toeic_gold,4,Technical,ITSupport,"TOEIC,Reading,Part5,Part7",n./v.
investment,/ˌɪnˈvɛsmənt/,投資,The company is considering a significant investment in renewable energy.,公司正在考慮對再生能源進行一項重大投資。,toeic_gold,4,Finance,Investment,"TOEIC,Reading,Part5,Part7",n./v.
organization,/ˌɔɹɡənəˈzeɪʃən/,組織,Our company is a global organization with offices in over 50 countries.,我們公司是一個全球性組織，在 50 多個國家設有辦事處。,toeic_gold,4,Technical,ITSupport,"TOEIC,Reading,Part5,Part7",n.
performance,/pɝˈfɔɹməns/,績效,The company is evaluating employee performance to determine salary increases.,公司正在評估員工績效，以決定薪資調整。,toeic_gold,4,HumanResources,Compensation,"TOEIC,Reading,Part5,Part7",n./v.
preparation,/ˌpɹɛpɝˈeɪʃən/,準備工作,The marketing team is in full preparation for the product launch next month.,行銷團隊正在全力準備下個月的產品上市。,toeic_gold,4,Marketing,Sales,"TOEIC,Reading,Part5,Part7",n.
presentation,/ˌpɹɛzənˈteɪʃən/,簡報,The marketing team will deliver a compelling presentation on the new product line.,行銷團隊將會對新的產品線進行引人入勝的簡報。,toeic_gold,4,Logistics,Transit,"TOEIC,Reading,Part5,Part7",n./v.
registration,/ˌɹɛdʒɪˈstɹeɪʃən/,報名登記,All attendees are required to complete the online registration form before the conference.,所有與會者在會議前都必須填寫線上報名表格。,toeic_gold,4,Corporate,DailyWork,"TOEIC,Reading,Part5,Part7",n./v.
responsible,/ɹiˈspɑnsəbəɫ/,負責,"As the project manager, you are responsible for ensuring the team meets the deadline.",身為專案經理，您有責任確保團隊能按時完成專案。,toeic_gold,4,Corporate,DailyWork,"TOEIC,Reading,Part5,Part7",adj./v.
satisfaction,/ˌsætəsˈfækʃən/,滿足感,"Customer satisfaction is our top priority, and we strive to exceed expectations.",客戶滿意度是我們的首要任務，我們努力超越期望。,toeic_gold,4,Technical,ITSupport,"TOEIC,Reading,Part5,Part7",n.
transactions,/tɹænˈzækʃənz/,交易,"The bank processed over 10,000 transactions yesterday.","銀行昨天處理了超過 10,000 筆交易。",toeic_gold,4,Finance,Accounting,"TOEIC,Reading,Part5,Part7",n.
transportation,/ˌtɹænspɝˈteɪʃən/,運輸系統或方式,The company is investing in new transportation infrastructure to improve logistics efficiency.,公司正在投資新的運輸基礎設施以提高物流效率。,toeic_gold,4,Finance,Investment,"TOEIC,Reading,Part5,Part7",n.
unavailable,/ˌənəˈveɪɫəbəɫ/,不可用的,The project manager informed the team that the key software license was unavailable due to a system upgrade.,專案經理告知團隊，由於系統升級，關鍵軟體授權目前不可用。,toeic_gold,4,Technical,ITSupport,"TOEIC,Reading,Part5,Part7",adj.
valuable,/ˈvæɫjəbəɫ/,具有重要價值或價值的,The company's intellectual property is a valuable asset.,該公司的智慧財產是重要的資產。,toeic_gold,4,Finance,Investment,"TOEIC,Reading,Part5,Part7",adj.
catalogue,/catalogue/,目錄；清單（通常包含商品、服務或資訊的詳細描述）,The purchasing department is reviewing the latest catalogue to identify potential suppliers.,採購部門正在審閱最新的目錄，以識別潛在供應商。,toeic_gold,4,Logistics,SupplyChain,"TOEIC,Reading,Part5,Part7",n.
chemical,/chemical/,化學物質；化學產品,The company is seeking a reliable supplier of industrial chemicals.,該公司正在尋找可靠的工業化學品供應商。,toeic_gold,4,Logistics,SupplyChain,"TOEIC,Reading,Part5,Part7",n.
chemicals,/chemicals/,化學物質；化學品，通常指工業或商業用途的化學成分。,The logistics team needs to ensure the safe handling and storage of these hazardous chemicals.,物流團隊需要確保這些危險化學品的安全處理和儲存。,toeic_gold,4,Logistics,SupplyChain,"TOEIC,Reading,Part5,Part7",n.
container,/container/,容器；儲物箱（通常指用於運輸或儲存貨物的箱子或集裝箱）,"The shipment arrived in several containers, ready for distribution to retailers.",貨物以多個集裝箱的形式到達，準備分發給零售商。,toeic_gold,4,Logistics,Transit,"TOEIC,Reading,Part5,Part7",n.
footwear,/footwear/,鞋類；鞋子（泛指）,The company is sourcing high-quality footwear for its retail stores.,該公司正在為其零售店採購高品質的鞋類。,toeic_gold,4,Marketing,Sales,"TOEIC,Reading,Part5,Part7",n.
gasoline,/gasoline/,汽油；汽油燃料,The company is seeking a reliable supplier of gasoline for its fleet of delivery vehicles.,公司正在尋找一家可靠的汽油供應商，以供應其車隊的送貨車。,toeic_gold,4,Logistics,Transit,"TOEIC,Reading,Part5,Part7",n.
mechanic,/mechanic/,機械師,The company's new mechanic initiative exceeded expectations in the first quarter.,公司的新mechanic計畫在第一季度超出了預期。,toeic_gold,4,Manufacturing,Production,"TOEIC,Reading,Part5,Part7",adj.
processed,/processed/,經過處理的；加工過的（通常指食品或材料，強調經過改進或變更的狀態）,The company is shifting towards using more processed foods to reduce costs.,該公司正轉向使用更多加工食品以降低成本。,toeic_gold,4,Manufacturing,Production,"TOEIC,Reading,Part5,Part7",adj.
provider,/provider/,供應商；提供者（指提供商品、服務或資訊的對象）,Our company is seeking a reliable internet provider with competitive pricing.,我們公司正在尋找一家具有競爭力價格的可靠網路供應商。,toeic_gold,4,Technical,ITSupport,"TOEIC,Reading,Part5,Part7",n.
providers,/providers/,供應商；提供者（指提供產品、服務或資訊的機構或個人）,Our company is seeking reliable internet service providers.,我們公司正在尋找可靠的網路服務供應商。,toeic_gold,4,Logistics,SupplyChain,"TOEIC,Reading,Part5,Part7",n.
recycled,/recycled/,再利用的；以回收材料製成的,Our company is committed to using recycled paper for all internal documents to reduce our environmental impact.,我們公司致力於使用回收紙張作為所有內部文件，以減少對環境的影響。,toeic_gold,4,Technical,ITSupport,"TOEIC,Reading,Part5,Part7",adj.
replacing,/replacing/,取代；替換；更換,"The company is replacing outdated equipment with newer, more efficient models.",公司正在用更新、更有效率的型號取代過時的設備。,toeic_gold,4,Technical,ITSupport,"TOEIC,Reading,Part5,Part7",v.
supplied,/supplied/,供應；提供（資源、資訊等）,The company is supplied with raw materials from overseas.,該公司從海外獲得原材料供應。,toeic_gold,4,Technical,ITSupport,"TOEIC,Reading,Part5,Part7",v.
throwing,/throwing/,拋擲；丟棄；（物品）被丟棄的狀態,The warehouse staff are responsible for throwing away damaged goods.,倉庫人員負責丟棄損壞的商品。,toeic_gold,4,Logistics,Transit,"TOEIC,Reading,Part5,Part7",v.
waterproof,/waterproof/,具有防水性能的；能防止水滲入的,The company requires all shipping containers to be waterproof to protect the goods from rain and humidity.,公司要求所有貨運集裝箱都具備防水性能，以保護貨物免受雨水和濕度的影響。,toeic_gold,4,Technical,ITSupport,"TOEIC,Reading,Part5,Part7",adj.
wrapping,/wrapping/,包裝；包裹；包覆,The shipping department is responsible for the wrapping and labeling of all outgoing packages.,運輸部門負責所有發貨包裹的包裝和標籤。,toeic_gold,4,Logistics,Transit,"TOEIC,Reading,Part5,Part7",v.
banker,/banker/,銀行家；金融從業人員,The banker advised the company on securing a loan for expansion.,這位銀行家建議公司獲得擴張貸款。,toeic_gold,4,Finance,Accounting,"TOEIC,Reading,Part5,Part7",n.
cheque,/cheque/,支票（一種用於支付款項的書面憑證）,She wrote a cheque for the outstanding amount.,她開了一張支票支付未清款項。,toeic_gold,4,Travel,Hospitality,"TOEIC,Reading,Part5,Part7",n.
doubled,/doubled/,加倍的；翻倍的；兩倍的,The company's profits have doubled this year due to increased sales.,由於銷售額增加，本公司的利潤今年翻倍。,toeic_gold,4,Finance,Investment,"TOEIC,Reading,Part5,Part7",adj.
earned,/earned/,透過努力或工作獲得；賺取（金錢、獎勵等）,The company earned a record profit this quarter due to increased sales.,由於銷售額增加，本公司在本季賺取了創紀錄的利潤。,toeic_gold,4,Finance,Investment,"TOEIC,Reading,Part5,Part7",v.
communicate,/kəˈmjuːnɪkeɪt/,溝通，傳達,Managers must communicate clearly with staff.,經理必須與員工進行清晰的溝通。,toeic_gold,4,HumanResources,Compensation,"TOEIC,Reading,Part5,Part7",v.
condition,/kənˈdɪʃn/,條件，狀況,The office is in excellent condition.,辦公室狀況良好。,toeic_gold,4,Technical,ITSupport,"TOEIC,Reading,Part5,Part7",v.
congratulate,/kənˈɡrætʃuleɪt/,祝賀，恭喜,We congratulate him on his promotion.,我們祝賀他獲得晉升。,toeic_gold,4,HumanResources,Compensation,"TOEIC,Reading,Part5,Part7",v.
construct,/kəˈstrʌkt/,建造，構成,They plan to construct a new headquarters.,他們計劃建造一個新總部。,toeic_gold,4,Manufacturing,OperationsAndQuality,"TOEIC,Reading,Part5,Part7",v.
describe,/dɪˈskraɪb/,描述，形容,Please describe the symptoms to the support team.,請向支援團隊描述症狀。,toeic_gold,4,Corporate,GeneralBusiness,"TOEIC,Reading,Part5,Part7",v.
dividend,/ˈdɪvɪdend/,股息，紅利,Shareholders received a quarterly dividend.,股東收到了季度股息。,toeic_gold,4,CorporateGovernance,BoardOfDirectors,"TOEIC,Reading,Part6,Part7",n.
entrepreneur,/ˌɑːntrəprəˈnɜːr/,企業家，創業家,The young entrepreneur founded a tech startup.,這位年輕的創業者創立了一家科技新創公司。,toeic_gold,4,Corporate,Business,"TOEIC,Reading,Part5,Part7",n.
feasibility,/ˌfiːzəˈbɪləti/,可行性,We conducted a feasibility study for the dam.,我們對該大壩進行了可行性研究。,toeic_gold,4,Technical,ITSupport,"TOEIC,Reading,Part5,Part7",adj.
finance,/ˈfaɪnæns/,資助，融資,The bank agreed to finance the expansion.,銀行同意為此次擴張提供資金。,toeic_gold,4,Finance,Investment,"TOEIC,Reading,Part6,Part7",v.
implement,/ˈɪmplɪment/,執行，實施,We will implement the new policy on Monday.,我們將在週一實施新政策。,toeic_gold,4,Corporate,GeneralBusiness,"TOEIC,Reading,Part5,Part7",v.
innovation,/ˌɪnəˈveɪʃn/,創新，革新,Technological innovation drives market growth.,技術創新推動了市場增長。,toeic_gold,4,Marketing,Sales,"TOEIC,Reading,Part5,Part7",v.
investigate,/ɪnˈvestɪɡeɪt/,調查，研究,Auditors will investigate the discrepancy.,審計員將調查差異情況。,toeic_gold,4,Finance,Accounting,"TOEIC,Reading,Part5,Part7",v.
memorandum,/ˌmeməˈrændəm/,備忘錄，公文,The CEO issued an internal policy memorandum.,執行長發布了內部政策備忘錄。,toeic_gold,4,Manufacturing,OperationsAndQuality,"TOEIC,Reading,Part5,Part7",v.
mortgage,/ˈmɔːrɡɪdʒ/,房貸，抵押貸款,Monthly mortgage payments remain steady.,每月房貸還款保持穩定。,toeic_gold,4,Finance,Banking,"TOEIC,Reading,Part6,Part7",n.
participate,/pɑːrˈtɪsɪpeɪt/,參與，參加,All employees should participate in the survey.,所有員工都應參與此項調查。,toeic_gold,4,HumanResources,Compensation,"TOEIC,Reading,Part5,Part7",v.
portfolio,/pɔːrtˈfoʊlioʊ/,投資組合，作品集,Diversify your investment portfolio to reduce risk.,將投資組合多元化以降低風險。,toeic_gold,4,Finance,Investment,"TOEIC,Reading,Part6,Part7",v.
precaution,/prɪˈkɔːʃn/,預防措施，防範,Wear a hard hat as a safety precaution.,戴安全帽作為一項安全預防措施。,toeic_gold,4,Corporate,GeneralBusiness,"TOEIC,Reading,Part5,Part7",v.
productivity,/ˌproʊdʌkˈtɪvəti/,生產力，生產效率,Flexible hours improved employee productivity.,彈性工時提升了員工生產力。,toeic_gold,4,Manufacturing,Production,"TOEIC,Reading,Part5,Part7",n.
prospective,/prəˈspektɪv/,預期的，未來的,We interviewed several prospective clients.,我們與幾位潛在客戶進行了洽談。,toeic_gold,4,HumanResources,Recruitment,"TOEIC,Reading,Part5,Part7",adj.
punctuality,/ˌpʌŋktʃuˈæləti/,準時，守時,Punctuality is crucial for professional meetings.,守時對商務會議至關重要。,toeic_gold,4,Technical,ITSupport,"TOEIC,Reading,Part5,Part7",v.
recession,/rɪˈseʃn/,經濟衰退，不景氣,The economy entered a brief technical recession.,經濟進入了短暫的技術性衰退。,toeic_gold,4,Corporate,GeneralBusiness,"TOEIC,Reading,Part5,Part7",v.
stakeholder,/ˈsteɪkhoʊldər/,利害關係人,Consult key stakeholders before major decisions.,在做出重大決定前請先諮詢主要利害關係人。,toeic_gold,4,CorporateGovernance,CorporateStrategy,"TOEIC,Reading,Part5,Part7",n.
subcontractor,/ˈsʌbkɑːntræktər/,分包商，轉包商,Electricians worked as subcontractors on site.,電工在現場作為分包商進行工作。,toeic_gold,4,Legal,Contracts,"TOEIC,Reading,Part5,Part7",n.
withhold,/wɪðˈhoʊld/,扣留，預扣,Employers withhold payroll tax from paychecks.,雇主從工資中預扣所得稅。,toeic_gold,4,Finance,Accounting,"TOEIC,Reading,Part6,Part7",v.
counteroffer,/ˈkaʊntərɔːfər/,還價，反提議,The seller rejected our initial bid and made a counteroffer.,賣方拒絕了我們的初步報價並提出了還價。,toeic_gold,4,Technical,ITSupport,"TOEIC,Reading,Part5,Part7",n.
concession,/kənˈseʃn/,讓步，妥協,Both parties made concessions during the final round.,雙方在最後一輪談判中均作出了讓步。,toeic_gold,4,Corporate,GeneralBusiness,"TOEIC,Reading,Part5,Part7",n.
demographics,/ˌdeməˈɡræfɪks/,人口統計資料，族群特徵,Our new campaign targets the younger demographics.,我們的新廣告活動鎖定年輕消費族群。,toeic_gold,4,Marketing,Advertising,"TOEIC,Reading,Part5,Part7",n.
probation,/proʊˈbeɪʃn/,試用期，考察期,New hires undergo a three-month probation period.,新進員工需接受為期三個月的試用期。,toeic_gold,4,HumanResources,Compensation,"TOEIC,Reading,Part5,Part7",n.
severance,/ˈsevərəns/,資遣費，離職金,Employees laid off received six weeks of severance pay.,被裁員的員工獲得了六週的資遣費。,toeic_gold,4,HumanResources,Compensation,"TOEIC,Reading,Part5,Part7",n.
remittance,/rɪˈmɪtns/,匯款，匯付款項,Please confirm receipt of our overseas wire remittance.,請確認收到我們的海外電匯款項。,toeic_gold,4,Technical,ITSupport,"TOEIC,Reading,Part5,Part7",n.
encryption,/ɪnˈkrɪpʃn/,加密,End-to-end encryption protects sensitive data transfers.,端到端加密有效保護了敏感資料傳輸的安全性。,toeic_gold,4,Technical,ITSupport,"TOEIC,Reading,Part5,Part7",n.
troubleshoot,/ˈtrʌblʃuːt/,故障排除，排解問題,Technicians worked through the night to troubleshoot errors.,技術人員連夜搶修以排除系統錯誤。,toeic_gold,4,Corporate,GeneralBusiness,"TOEIC,Reading,Part5,Part7",n.
restructuring,/ˌriːˈstrʌktʃərɪŋ/,組織重組,Corporate restructuring helped restore long-term profit.,公司組織重組有助於恢復長期的營利能力。,toeic_gold,4,CorporateGovernance,CorporateStrategy,"TOEIC,Reading,Part5,Part7",n.
outsourcing,/ˈaʊtsɔːrsɪŋ/,外包，委外辦理,Outsourcing customer support lowered operational overhead.,將客戶服務支援委外處理降低了日常營運成本。,toeic_gold,4,Corporate,GeneralBusiness,"TOEIC,Reading,Part5,Part7",n.
demolition,/ˌdeməˈlɪʃn/,拆除，破壞,Demolition of the abandoned factory began on Monday.,廢棄工廠的拆除工程於週一正式動工。,toeic_gold,4,Manufacturing,Production,"TOEIC,Reading,Part5,Part7",n.
scaffolding,/ˈskæfəldɪŋ/,鷹架，腳手架,Inspect the scaffolding before painters begin work.,油漆工開始施工前請務必檢查鷹架的穩固性。,toeic_gold,4,Manufacturing,QualityControl,"TOEIC,Reading,Part5,Part7",n.
sanitation,/ˌsænɪˈteɪʃn/,公共衛生，環境衛生,Restaurants must comply with rigid government sanitation rules.,餐飲業者必須嚴格遵守政府的食品環境衛生規範。,toeic_gold,4,Travel,Hospitality,"TOEIC,Reading,Part5,Part7",n.
date,/deɪt/,日期，約會,Please write the date on the contract.,請在合同上寫下日期。,toeic_gold,4,Legal,Contracts,"TOEIC,Reading,Part6,Part7",n.
account,/əˈkaʊnt/,帳戶，說明,Please deposit the check into my account.,請將支票存入我的帳戶。,toeic_gold,4,Finance,Accounting,"TOEIC,Reading,Part6,Part7",n./v.
administer,/ədˈmɪnɪstər/,管理，實施,She was hired to administer the new program.,她被僱用來管理這個新項目。,toeic_gold,4,HumanResources,Compensation,"TOEIC,Reading,Part5,Part7",v.
authorize,/ˈɔːθəraɪz/,授權，批准,The director must authorize the payment.,董事必須授權付款。,toeic_gold,4,CorporateGovernance,CorporateStrategy,"TOEIC,Reading,Part5,Part7",v.
calculate,/ˈkælkjuːleɪt/,計算，估算,We need to calculate the total cost.,我們需要計算總成本。,toeic_gold,4,Corporate,GeneralBusiness,"TOEIC,Reading,Part5,Part7",v.
celebrate,/ˈselɪbreɪt/,慶祝,We will celebrate our anniversary tomorrow.,我們明天將慶祝週年紀念日。,toeic_gold,4,Corporate,GeneralBusiness,"TOEIC,Reading,Part5,Part7",v.
challenge,/ˈtʃælɪndʒ/,挑戰,Meeting the deadline is a major challenge.,在截止日期前完成是一個重大挑戰。,toeic_gold,4,Corporate,GeneralBusiness,"TOEIC,Reading,Part5,Part7",v.
clientele,/ˌklaɪənˈtel/,客戶群，全體顧客,The luxury hotel attracts a wealthy clientele.,這家豪華酒店吸引了富裕的客戶群。,toeic_gold,4,Marketing,Sales,"TOEIC,Listening,Reading,Part3,Part7",n.
comment,/ˈkɑːment/,評論，意見,Please write your comment on the form.,請在表格上寫下您的意見。,toeic_gold,4,Technical,ITSupport,"TOEIC,Reading,Part5,Part7",v.
conflict,/ˈkɑːnflɪkt/,衝突，矛盾,There is a schedule conflict tomorrow.,明天有日程衝突。,toeic_gold,4,Corporate,GeneralBusiness,"TOEIC,Reading,Part5,Part7",v.
contract,/ˈkɑːntrækt/,合同，收縮,Please sign the contract before Friday.,請在週五前簽署合同。,toeic_gold,4,Legal,Contracts,"TOEIC,Reading,Part5,Part7",v.
create,/kriˈeɪt/,創造，建立,We want to create a new mobile application.,我們想要創建一個新的行動應用程式。,toeic_gold,4,Manufacturing,OperationsAndQuality,"TOEIC,Reading,Part5,Part7",v.
decorate,/ˈdekəreɪt/,裝飾，裝修,They plan to decorate the lobby.,他們計劃裝飾大堂。,toeic_gold,4,Corporate,GeneralBusiness,"TOEIC,Reading,Part5,Part7",v.
determine,/dɪˈtɜːrmɪn/,決定，確定,We need to determine the cause of the delay.,我們需要確定延遲的原因。,toeic_gold,4,Corporate,GeneralBusiness,"TOEIC,Reading,Part5,Part7",v.
emphasize,/ˈemfəsaɪz/,強調，著重,The CEO emphasized the importance of safety.,執行長強調了安全的重要性。,toeic_gold,4,Corporate,GeneralBusiness,"TOEIC,Reading,Part5,Part7",v.
encourage,/ɪnˈkɜːrɪdʒ/,鼓勵，促進,Managers encourage open communication.,經理們鼓勵公開溝通。,toeic_gold,4,Corporate,GeneralBusiness,"TOEIC,Reading,Part5,Part7",v.
escalate,/ˈeskəleɪt/,升級，加劇,We must prevent disputes from escalating.,我們必須防止爭端升級。,toeic_gold,4,Corporate,GeneralBusiness,"TOEIC,Reading,Part5,Part7",v.
facilitate,/fəˈsɪlɪteɪt/,促進，幫助,The new bridge will facilitate commerce.,這座新橋將促進商業貿易。,toeic_gold,4,Technical,ITSupport,"TOEIC,Reading,Part5,Part7",v.
fluctuate,/ˈflʌktʃueɪt/,波動，動搖,Oil prices fluctuate on the global market.,全球市場石油價格波動。,toeic_gold,4,Marketing,Sales,"TOEIC,Reading,Part5,Part7",v.
formulate,/ˈfɔːrmjuleɪt/,制定，構想,We must formulate a contingency plan.,我們必須制定應急計劃。,toeic_gold,4,Corporate,GeneralBusiness,"TOEIC,Reading,Part5,Part7",v.
graduate,/ˈɡrædʒueɪt/,畢業，分級,She graduated with a degree in accounting.,她畢業於會計專業。,toeic_gold,4,Finance,Investment,"TOEIC,Reading,Part5,Part7",v.
highlight,/ˈhaɪlaɪt/,強調，醒目,The summary highlights quarterly achievements.,摘要強調了季度成就。,toeic_gold,4,Corporate,GeneralBusiness,"TOEIC,Reading,Part5,Part7",v.
identify,/aɪˈdentɪfaɪ/,識別，認出,We must identify the root cause of the error.,我們必須找出錯誤的根本原因。,toeic_gold,4,Corporate,GeneralBusiness,"TOEIC,Reading,Part5,Part7",v.
indicate,/ˈɪndɪkeɪt/,指出，顯示,Survey results indicate high satisfaction.,調查結果顯示高度滿意。,toeic_gold,4,Corporate,GeneralBusiness,"TOEIC,Reading,Part5,Part7",v.
inspect,/ɪnˈspekt/,檢查，視察,Inspectors will inspect the facility today.,檢查員今天將檢查設施。,toeic_gold,4,Manufacturing,QualityControl,"TOEIC,Reading,Part5,Part7",v.
instruct,/ɪnˈstrʌkt/,指示，指導,The trainer will instruct staff on security.,培訓師將指導員工安全規範。,toeic_gold,4,HumanResources,Compensation,"TOEIC,Reading,Part5,Part7",v.
interact,/ˌɪntərˈækt/,互動，交流,Staff interact with customers daily.,員工每天與客戶互動。,toeic_gold,4,HumanResources,Compensation,"TOEIC,Reading,Part5,Part7",v.
introduce,/ˌɪntrəˈduːs/,引進，介紹,We will introduce a new product line next week.,我們下週將推出新產品線。,toeic_gold,4,Corporate,GeneralBusiness,"TOEIC,Reading,Part5,Part7",v.
maintain,/meɪnˈteɪn/,維持，保養,Technicians maintain the servers regularly.,技術人員定期維護伺服器。,toeic_gold,4,Manufacturing,Production,"TOEIC,Reading,Part5,Part7",v.
minimize,/ˈmɪnɪmaɪz/,最小化,We must minimize overhead operational costs.,我們必須盡量減少日常營運成本。,toeic_gold,4,Corporate,GeneralBusiness,"TOEIC,Reading,Part5,Part7",v.
motivate,/ˈmoʊtɪveɪt/,激勵，激發,Bonuses motivate staff to meet sales quotas.,獎金激勵員工達到銷售配額。,toeic_gold,4,HumanResources,Compensation,"TOEIC,Reading,Part5,Part7",v.
proximity,/prɑːkˈsɪməti/,接近，鄰近,The hotel's proximity to the airport is ideal.,酒店鄰近機場的地理位置非常理想。,toeic_gold,4,Travel,Hospitality,"TOEIC,Reading,Part5,Part7",v.
unanimous,/juˈnænɪməs/,全體一致的，無異議的,The board cast a unanimous vote for approval.,董事會全體一致投票通過批准。,toeic_gold,4,CorporateGovernance,BoardOfDirectors,"TOEIC,Reading,Part5,Part7",adj.
covenant,/ˈkʌvənənt/,契約，承諾,The lease includes a restrictive environmental covenant.,該租約包含限制性的環保承諾條款。,toeic_gold,4,Corporate,GeneralBusiness,"TOEIC,Reading,Part5,Part7",n.
signatory,/ˈsɪɡnətɔːri/,簽署國，簽約人,Authorized signatories must sign each page.,授權簽署人必須在每頁上簽名。,toeic_gold,4,Corporate,GeneralBusiness,"TOEIC,Reading,Part5,Part7",n.
indemnify,/ɪnˈdemnɪfaɪ/,賠償，使免受損害,The vendor agreed to indemnify us against any loss.,供應商同意賠償我們遭受的任何損失。,toeic_gold,4,Legal,Compliance,"TOEIC,Reading,Part5,Part7",n.
reciprocal,/rɪˈsɪprəkl/,互惠的，相互的,The two nations signed a reciprocal trade agreement.,兩國簽署了一項互惠貿易協定。,toeic_gold,4,Corporate,GeneralBusiness,"TOEIC,Reading,Part5,Part7",n.
facsimile,/fækˈsɪməli/,傳真，摹本,Please send a facsimile of the signed letter.,請發送簽署信函的傳真件。,toeic_gold,4,Corporate,GeneralBusiness,"TOEIC,Reading,Part5,Part7",n.
reprimand,/ˈreprɪmænd/,訓誡，申誡,The supervisor issued a formal written reprimand.,主管發布了正式的書面申誡。,toeic_gold,4,Technical,ITSupport,"TOEIC,Reading,Part5,Part7",n.
insolvency,/ɪnˈsɑːlvənsi/,無力償付，破產,Poor cash flow forced the firm into corporate insolvency.,資金鏈斷裂迫使該公司陷入無力償債的困境。,toeic_gold,4,Corporate,GeneralBusiness,"TOEIC,Reading,Part5,Part7",n.
solvency,/ˈsɑːlvənsi/,償債能力,Auditors verified the long-term solvency of the bank.,審計師確認了該銀行的長期償付能力。,toeic_gold,4,Finance,Accounting,"TOEIC,Reading,Part5,Part7",n.
manifest,/ˈmænɪfest/,載貨清單，艙單,The captain submitted the shipping cargo manifest.,船長提交了航運載貨艙單。,toeic_gold,4,Logistics,Transit,"TOEIC,Reading,Part5,Part7",n.
throughput,/ˈθruːpʊt/,吞吐量，生產總量,Automation significantly increased factory throughput.,導入自動化顯著提升了工廠的生產吞吐量。,toeic_gold,4,Manufacturing,Production,"TOEIC,Reading,Part5,Part7",n.
consortium,/kənˈsɔːrtiəm/,財團，聯營組織,An international consortium funded the tunnel project.,一個國際財團為這項隧道工程提供了資金支持。,toeic_gold,4,Corporate,GeneralBusiness,"TOEIC,Reading,Part5,Part7",n.
subpoena,/səˈpiːnə/,傳票,The court issued a subpoena for financial records.,法院發出傳票要求提交相關財務檔案紀錄。,toeic_gold,4,Finance,Investment,"TOEIC,Reading,Part5,Part7",n.
plaintiff,/ˈpleɪntɪf/,原告，起訴人,The plaintiff demanded compensation for breach of contract.,原告要求就違約行為進行損害賠償。,toeic_gold,4,Legal,Contracts,"TOEIC,Reading,Part5,Part7",n.
affidavit,/ˌæfəˈdeɪvɪt/,宣誓書,Witnesses submitted a sworn affidavit to the judge.,證人向法官提交了具結宣誓證明書。,toeic_gold,4,Technical,ITSupport,"TOEIC,Reading,Part5,Part7",n.
approach,/əˈpɹoʊtʃ/,靠近,The team needs to approach the project with a new strategy to improve efficiency.,團隊需要以新的策略來處理這個專案，以提高效率。,toeic_gold,4,Technical,ITSupport,"TOEIC,Reading,Part5,Part7",n./v.
guidelines,/ˈɡaɪdˌɫaɪnz/,指導原則,Please adhere to the company's guidelines regarding expense reports.,請遵守公司關於費用報表的規定。,toeic_gold,4,Travel,Hospitality,"TOEIC,Reading,Part5,Part7",n.
remaining,/ɹiˈmeɪnɪŋ/,剩餘的,The remaining budget will be allocated to the marketing campaign.,剩餘的預算將會分配到行銷活動。,toeic_gold,4,Finance,Investment,"TOEIC,Reading,Part5,Part7",adj./n.
strategy,/ˈstɹætədʒi/,策略,The company's new marketing strategy focuses on reaching a younger demographic.,公司新的行銷策略著重於接觸年輕族群。,toeic_gold,4,Marketing,Sales,"TOEIC,Reading,Part5,Part7",n.
absence,/ˈæbsəns/,缺席,"Due to his absence from the meeting, Mr. Lee missed the crucial decision.",由於李先生缺席會議，他錯過了重要的決策。,toeic_gold,4,HumanResources,Recruitment,"TOEIC,Reading,Part5,Part7",n.
absolute,/ˈæbsəˌɫut/,絕對的,The company has an absolute commitment to providing high-quality products.,公司對提供高品質產品有絕對的承諾。,toeic_gold,4,Travel,Hospitality,"TOEIC,Reading,Part5,Part7",adj./adv.
academic,/ˌækəˈdɛmɪk/,與學術相關的,The conference focused on academic research in the field of artificial intelligence.,這次會議的重點是人工智慧領域的學術研究。,toeic_gold,4,Corporate,DailyWork,"TOEIC,Reading,Part5,Part7",adj.
accessory,/ækˈsɛsɝi/,配件,"The store offers a wide range of car accessories, from seat covers to navigation systems.",這家商店提供各種汽車配件，從座套到導航系統一應俱全。,toeic_gold,4,Technical,ITSupport,"TOEIC,Reading,Part5,Part7",n./adj.
accommodations,/əˌkɑməˈdeɪʃənz/,住宿設施或提供的住宿服務，常指旅館，酒店或其他供應客人暫住的場所。,The conference organizer arranged accommodations at a nearby hotel for all attendees.,會議主辦單位為所有與會者安排了附近飯店的住宿。,toeic_gold,4,Travel,Hospitality,"TOEIC,Reading,Part5,Part7",n.
accompany,/əˈkəmpəni/,陪伴,The marketing team will accompany the CEO on the business trip to Tokyo.,行銷團隊將陪同 CEO 前往東京進行商務旅行。,toeic_gold,4,Marketing,Sales,"TOEIC,Reading,Part5,Part7",v.
accomplish,/əˈkɑmpɫɪʃ/,完成,The project team managed to accomplish all the objectives within the deadline.,專案團隊成功在期限內完成了所有目標。,toeic_gold,4,Technical,ITSupport,"TOEIC,Reading,Part5,Part7",v.
accuracy,/ˈækjɝəsi/,精確度,The report needs to be checked for accuracy before it's submitted to the board.,報告在提交給董事會之前，需要檢查其準確性。,toeic_gold,4,CorporateGovernance,BoardOfDirectors,"TOEIC,Reading,Part5,Part7",n./adj.
accurately,/ˈækjɝətɫi/,精確地,The report needs to be updated to accurately reflect the current market trends.,報告需要更新，以準確反映目前的市場趨勢。,toeic_gold,4,Marketing,Sales,"TOEIC,Reading,Part5,Part7",adv.
acquired,/əˈkwaɪɝd/,獲得的,The company has acquired a reputation for excellent customer service.,該公司已獲得良好的客戶服務聲譽。,toeic_gold,4,Corporate,DailyWork,"TOEIC,Reading,Part5,Part7",adj.
adapting,/əˈdæptɪŋ/,適應,The company is adapting its marketing strategy to reach a younger demographic.,公司正在調整其行銷策略，以接觸年輕族群。,toeic_gold,4,Marketing,Sales,"TOEIC,Reading,Part5,Part7",v./adj.
addressed,/əˈdɹɛst/,處理,The manager addressed the team's concerns about the new project timeline.,經理解決了團隊對新項目時間表的擔憂。,toeic_gold,4,Corporate,Communication,"TOEIC,Reading,Part5,Part7",v.
addressing,/əˈdɹɛsɪŋ/,處理,The IT department is addressing the network outage as a top priority.,資訊部門正將網路中斷視為首要任務來處理。,toeic_gold,4,Technical,ITSupport,"TOEIC,Reading,Part5,Part7",v./adj.
adequate,/ˈædəˌkweɪt/,足夠的,The company's current resources are adequate to handle the project's initial phase.,目前公司的資源足以應付專案的初步階段。,toeic_gold,4,Technical,ITSupport,"TOEIC,Reading,Part5,Part7",adj.
adequately,/ˈædəkwətɫi/,充份地,The company ensured that all employees were adequately trained before taking on new responsibilities.,公司確保所有員工在承擔新職責之前都得到了充分的培訓。,toeic_gold,4,HumanResources,Compensation,"TOEIC,Reading,Part5,Part7",adv.
adjusted,/əˈdʒəstɪd/,調整,The project timeline was adjusted to accommodate the unexpected delay.,專案時程因突發延遲而被調整。,toeic_gold,4,Travel,Hospitality,"TOEIC,Reading,Part5,Part7",adj./v.
admitted,/ədˈmɪtɪd/,承認,The company admitted a mistake in the report and issued a public apology.,公司承認報告中存在錯誤，並發布了公開道歉。,toeic_gold,4,Technical,ITSupport,"TOEIC,Reading,Part5,Part7",v.
advanced,/ədˈvænst/,高級的,The company is looking for candidates with advanced Excel skills.,公司正在尋找具備進階 Excel 技能的候選人。,toeic_gold,4,Technical,ITSupport,"TOEIC,Reading,Part5,Part7",adj.
advertiser,/ˈædvɝˌtaɪzɝ/,廣告商,The advertiser launched a new campaign to reach a younger audience.,該廣告商推出了一項新活動，以接觸更年輕的受眾。,toeic_gold,4,Marketing,Advertising,"TOEIC,Reading,Part5,Part7",n.
affected,/əˈfɛktɪd/,受到…影響,The company's profits were significantly affected by the recent economic downturn.,近期經濟衰退對公司的利潤產生了顯著影響。,toeic_gold,4,Finance,Investment,"TOEIC,Reading,Part5,Part7",adj./v.
affecting,/əˈfɛktɪŋ/,影響,The recent economic downturn is significantly affecting the company's sales figures.,最近的經濟衰退正在顯著影響公司的銷售數據。,toeic_gold,4,Marketing,Sales,"TOEIC,Reading,Part5,Part7",adj./v.
afterward,/ˈæftɝwɝd/,其後,"Afterward, please submit your expense report to the accounting department.",事後，請將您的費用報表提交給會計部門。,toeic_gold,4,Finance,Investment,"TOEIC,Reading,Part5,Part7",adv.
aggressive,/əˈɡɹɛsɪv/,具有攻擊性或冒進的，通常指態度強硬，不顧及他人感受的行為或言辭。,The salesperson's aggressive sales tactics alienated several potential clients.,這位銷售人員的強硬銷售策略讓幾位潛在客戶感到疏遠。,toeic_gold,4,Marketing,Sales,"TOEIC,Reading,Part5,Part7",adj.
barrel,/barrel/,大型木桶或金屬桶，常用於儲存或運輸液體或大宗商品。,The shipping department needs to order more barrels to store the imported oil.,運輸部門需要訂購更多木桶來儲存進口石油。,toeic_gold,4,Logistics,SupplyChain,"TOEIC,Reading,Part5,Part7",n.
bidder,/bidder/,競標者；出價人；投標人,Several bidders showed interest in acquiring the company.,有幾位競標者表示對收購該公司感興趣。,toeic_gold,4,Finance,Investment,"TOEIC,Reading,Part5,Part7",n.
bundle,/bundle/,一包；一疊；大量（指捆綁在一起的物品）,The shipping department received a bundle of documents related to the new contract.,運輸部門收到一包與新合約相關的文件。,toeic_gold,4,Legal,Contracts,"TOEIC,Reading,Part5,Part7",n.
coating,/coating/,塗層；覆層，通常指用於保護或美化物體的薄層。,The manufacturer applied a protective coating to the metal components to prevent rust.,製造商在金屬零件上塗上保護性塗層以防止生鏽。,toeic_gold,4,Manufacturing,Production,"TOEIC,Reading,Part5,Part7",n.
costly,/costly/,昂貴的；花費許多的（指金錢、時間、精力等）,The company decided to postpone the project due to the costly materials.,由於材料昂貴，公司決定延遲該項目。,toeic_gold,4,Logistics,SupplyChain,"TOEIC,Reading,Part5,Part7",adj.
defect,/defect/,瑕疵；缺點；故障,The quality control department identified a defect in the latest batch of products.,品質控制部門在最新一批產品中發現了瑕疵。,toeic_gold,4,Manufacturing,QualityControl,"TOEIC,Reading,Part5,Part7",n.
defects,/defects/,瑕疵；缺點；缺陷（指產品或服務中存在的不足或錯誤）,The quality control department identified several defects in the latest batch of products.,品質控制部門在最新一批產品中發現了幾個瑕疵。,toeic_gold,4,Manufacturing,QualityControl,"TOEIC,Reading,Part5,Part7",n.
fabric,/fabric/,布料；織物；原物料（通常指用於製造產品的材料）,The supplier assured us that the fabric used in the upholstery is durable and fire-resistant.,供應商向我們保證，用於包覆的布料耐用且防火。,toeic_gold,4,Manufacturing,Production,"TOEIC,Reading,Part5,Part7",n.
fossil,/fossil/,化石；（地質學上）古代生物的遺骸或痕跡，常用於研究歷史和演化。,The company's geological survey team is analyzing the fossils found at the excavation site to determine the region's history.,該公司的地質勘測團隊正在分析在挖掘現場發現的化石，以確定該地區的歷史。,toeic_gold,4,Technical,ITSupport,"TOEIC,Reading,Part5,Part7",n.
fragile,/fragile/,易碎的；脆弱的，容易損壞的。,"The shipment included fragile items, so we used extra padding to prevent damage.",貨物中包含易碎品，因此我們使用了額外的填充物以防止損壞。,toeic_gold,4,Logistics,Transit,"TOEIC,Reading,Part5,Part7",adj.
intake,/intake/,（指）攝取量；（指）收入、進口量,The company is increasing its intake of raw materials to meet the rising demand.,為了滿足不斷上升的需求，公司正在增加原材料的採購量。,toeic_gold,4,Technical,ITSupport,"TOEIC,Reading,Part5,Part7",n.
lumber,/lumber/,木材；原木（通常指大宗運輸的木材）,The construction company ordered a large quantity of lumber for the new project.,該建築公司為新項目訂購了大量木材。,toeic_gold,4,Technical,ITSupport,"TOEIC,Reading,Part5,Part7",n.
metric,/metric/,指標,The company's new metric initiative exceeded expectations in the first quarter.,公司的新metric計畫在第一季度超出了預期。,toeic_gold,4,Technical,ITSupport,"TOEIC,Reading,Part5,Part7",adj.
mixture,/mixture/,混合物；配方；組合,The quality control department needs to ensure the correct mixture of ingredients is used in the production process.,品質控制部門需要確保生產過程中使用了正確的原料混合比例。,toeic_gold,4,Manufacturing,Production,"TOEIC,Reading,Part5,Part7",n.
organic,/organic/,天然的；有機的，指產品不使用化學肥料、農藥等人工物質，強調自然、健康。,The company is shifting its focus to sourcing organic produce for its restaurant chain.,該公司正將重心轉向為其餐廳連鎖店採購有機農產品。,toeic_gold,4,Travel,Transit,"TOEIC,Reading,Part5,Part7",adj.
pallets,/pallets/,棧板；托盤（通常指用於運輸貨物的扁平木質或塑膠平台）,The warehouse staff are responsible for stacking the pallets neatly and efficiently.,倉庫人員負責整潔且有效地堆疊棧板。,toeic_gold,4,Logistics,Transit,"TOEIC,Reading,Part5,Part7",n.
poultry,/poultry/,家禽（雞、鴨、鵝等），通常指供食用或商業用途的家禽。,The restaurant sources its poultry from local farms to ensure freshness and quality.,這家餐廳從當地農場採購家禽，以確保新鮮度和品質。,toeic_gold,4,Travel,Hospitality,"TOEIC,Reading,Part5,Part7",n.
priced,/priced/,以特定價格標示或定價。,The supplier priced the goods at a competitive rate to secure the contract.,供應商以具有競爭力的價格標價這些商品，以確保簽訂合約。,toeic_gold,4,Legal,Contracts,"TOEIC,Reading,Part5,Part7",v.
pricey,/pricey/,價格昂貴的；高價的,"The imported machinery is quite pricey, so we need to carefully evaluate its ROI.",這批進口機器價格相當昂貴，我們需要仔細評估它的投資回報率。,toeic_gold,4,Manufacturing,Production,"TOEIC,Reading,Part5,Part7",adj.
remains,/remains/,剩餘物；遺留物；殘留物,The warehouse manager instructed the team to dispose of the remains of the damaged goods.,倉庫經理指示團隊處理損壞商品的殘留物。,toeic_gold,4,Logistics,Transit,"TOEIC,Reading,Part5,Part7",n.
scarce,/scarce/,稀少、缺乏，指數量或資源有限，難以取得。,"Due to the recent drought, raw materials are scarce, impacting production schedules.",由於最近的乾旱，原材料稀缺，影響了生產排程。,toeic_gold,4,Manufacturing,Production,"TOEIC,Reading,Part5,Part7",adj.
sorter,/sorter/,分類者；分揀機（用於處理大量資料或物品）,The automated sorter efficiently directs packages to the correct delivery routes.,自動分類機有效地將包裹導向正確的配送路線。,toeic_gold,4,Manufacturing,Production,"TOEIC,Reading,Part5,Part7",n.
sorters,/sorters/,分類人員；分揀員（通常指在物流或郵件處理中使用於分類物品的人員）,The warehouse needs more sorters to handle the increased volume of packages.,倉庫需要更多分類人員來處理增加的包裹數量。,toeic_gold,4,Logistics,Transit,"TOEIC,Reading,Part5,Part7",n.
specify,/specify/,明確指出、詳細說明（要求或規格）,The contract specifies the delivery date as November 15th.,合約中明確規定交貨日期為 11 月 15 日。,toeic_gold,4,Manufacturing,Production,"TOEIC,Reading,Part5,Part7",v.
squeeze,/squeeze/,用力擠壓；壓縮；(時間)緊湊,We need to squeeze every last drop of efficiency out of our current processes.,我們需要盡可能提高我們目前流程的效率。,toeic_gold,4,Logistics,SupplyChain,"TOEIC,Reading,Part5,Part7",v.
textile,/textile/,紡織品；布料，尤指用於製造衣物或工業用途的織物。,The company sources high-quality textiles from overseas manufacturers.,該公司從海外製造商採購高品質的紡織品。,toeic_gold,4,Manufacturing,Production,"TOEIC,Reading,Part5,Part7",n.
texture,/texture/,觸感、質地；指物體的表面特性，例如粗糙度、光滑度等。,The supplier emphasized the importance of the fabric's texture for the new line of suits.,供應商強調了新系列西裝的布料質地的重要性。,toeic_gold,4,Technical,ITSupport,"TOEIC,Reading,Part5,Part7",n.
tobacco,/tobacco/,菸草；（尤指）雪茄、香菸等菸草製品,The import regulations for tobacco products are quite strict.,菸草產品的進口法規相當嚴格。,toeic_gold,4,Technical,ITSupport,"TOEIC,Reading,Part5,Part7",n.
unpack,/unpack/,卸貨；拆開行李箱,The shipping department will unpack the new inventory upon arrival.,新貨到貨後，運輸部門將會將其卸貨。,toeic_gold,4,Logistics,SupplyChain,"TOEIC,Reading,Part5,Part7",v.
vessel,/vessel/,容器；運輸船隻（通常指大型貨物運輸船隻）,The shipping company uses several vessels to transport goods across the ocean.,這家航運公司使用多艘船隻在全球海域運輸貨物。,toeic_gold,4,Logistics,SupplyChain,"TOEIC,Reading,Part5,Part7",n.
bond,/bond/,（金融）債券；（關係）聯繫、連結；（法律）保證、擔保,The company issued new bonds to finance its expansion plans.,該公司發行新的債券以資助其擴張計劃。,toeic_gold,4,Legal,Compliance,"TOEIC,Reading,Part5,Part7",n.
debit,/debit/,借款；從帳戶扣款,The bank will debit your account for the invoice amount.,銀行將從您的帳戶中扣除發票金額。,toeic_gold,4,Finance,Accounting,"TOEIC,Reading,Part5,Part7",v.
gains,/gains/,收益；利潤；增益,The company reported significant gains in revenue this quarter.,本季公司報告了顯著的營收增長。,toeic_gold,4,Finance,Investment,"TOEIC,Reading,Part5,Part7",n.
index,/index/,索引；指標；指數；將…編入索引；使…與指數掛鉤,The consumer price index is an important economic indicator.,消費者物價指數是重要的經濟指標。,toeic_gold,4,Finance,Accounting,"TOEIC,Reading,Part5,Part7",n.
owing,/owing/,欠款；負債；歸屬於…,The company is owing a significant amount to its suppliers.,公司欠供應商一大筆款項。,toeic_gold,4,Finance,Investment,"TOEIC,Reading,Part5,Part7",n.
ratio,/ratio/,比例；比率；關聯性,The company's debt-to-equity ratio is a key indicator of its financial stability.,公司的負債與股本比例是衡量其財務穩定的重要指標。,toeic_gold,4,Finance,Investment,"TOEIC,Reading,Part5,Part7",n.
repay,/repay/,償還；報答,You must repay the loan within six months.,你必須在六個月內償還這筆貸款。,toeic_gold,4,Technical,ITSupport,"TOEIC,Reading,Part5,Part7",v.
restructure,/ˌriːˈstrʌktʃər/,重整，改組,The executive committee plans to restructure the European division.,執行委員會計劃對歐洲分部進行組織架構重整。,toeic_gold,4,CorporateGovernance,CorporateStrategy,"TOEIC,Reading,Part5,Part7",v.
provision,/prəˈvɪʒn/,合約條款，規定，供應,The contract includes a special provision for early termination without penalty.,該合約包含一項免除罰金的提前終止特別條款規定。,toeic_gold,4,Legal,Contracts,"TOEIC,Reading,Part5,Part7",n.
dangers,/dangers/,潛在的危險或威脅；風險,The company conducted a risk assessment to identify potential dangers in the manufacturing process.,公司進行了風險評估，以識別製造過程中潛在的危險。,toeic_gold,4,Manufacturing,Production,"TOEIC,Reading,Part5,Part7",n.
harmful,/harmful/,有害的；造成損害的,The company is taking steps to eliminate any harmful chemicals from the manufacturing process.,公司正在採取措施，從製造過程中消除任何有害化學物質。,toeic_gold,4,Manufacturing,Production,"TOEIC,Reading,Part5,Part7",adj.
illegal,/illegal/,違反法律或規章的；非法的,The company ceased operations due to several illegal business practices.,由於存在多種非法商業行為，該公司停止了運營。,toeic_gold,4,Legal,Compliance,"TOEIC,Reading,Part5,Part7",adj.
lawyers,/lawyers/,律師；法律顧問,The company retained lawyers to review the contract and ensure compliance with all applicable laws.,公司聘請律師審閱合約，以確保符合所有相關法律。,toeic_gold,4,Legal,Contracts,"TOEIC,Reading,Part5,Part7",n.
locking,/locking/,鎖定；將...鎖上,The security team is locking down the building after the suspicious package was found.,在發現可疑包裹後，安全團隊正在鎖定大樓。,toeic_gold,4,Travel,Hospitality,"TOEIC,Reading,Part5,Part7",v.
poison,/poison/,毒物；有毒物質，可能對健康造成危害。,The company is recalling the product due to concerns about potential poison contamination.,由於對潛在毒物污染的擔憂，公司正在召回該產品。,toeic_gold,4,Legal,Compliance,"TOEIC,Reading,Part5,Part7",n.
stolen,/stolen/,被盜用的；被盜取的,The company is investigating the stolen data to determine the extent of the security breach.,公司正在調查被盜用的數據，以確定安全漏洞的程度。,toeic_gold,4,Legal,Compliance,"TOEIC,Reading,Part5,Part7",adj.
unsafe,/unsafe/,不安全；危險的；缺乏保障的,The company halted production due to unsafe working conditions.,由於工作環境不安全，公司暫停了生產。,toeic_gold,4,Manufacturing,Production,"TOEIC,Reading,Part5,Part7",adj.
warning,/warning/,警告；警示，通常指潛在的危險或問題。,The safety regulations include a warning about the potential hazards of operating heavy machinery.,安全規定包含關於操作重型機械潛在危險的警告。,toeic_gold,4,Manufacturing,Production,"TOEIC,Reading,Part5,Part7",n.
legislate,/ˈledʒɪsleɪt/,立法,Lawmakers will legislate on consumer protection.,立法者將就消費者保護進行立法。,toeic_gold,4,Legal,Compliance,"TOEIC,Reading,Part6,Part7",v.
liability,/ˌlaɪəˈbɪləti/,負債，法律責任,The firm accepted full liability for damages.,該公司承擔了全部損害賠償責任。,toeic_gold,4,Legal,Compliance,"TOEIC,Reading,Part6,Part7",n.
validity,/vəˈlɪdəti/,有效性，效力,Check the legal validity of your passport.,請確認您護照的法定有效期限。,toeic_gold,4,Legal,Compliance,"TOEIC,Reading,Part6,Part7",n.
barge,/barge/,大型貨船；（尤指）載運貨物的平底船,The company is shipping the raw materials by barge to reduce transportation costs.,為了降低運輸成本，公司正用貨船將原材料運送過去。,toeic_gold,4,Logistics,SupplyChain,"TOEIC,Reading,Part5,Part7",n.
beef,/beef/,牛肉；（商業情境下）指牛肉供應或牛肉相關產品。,"The restaurant's menu features a variety of beef dishes, including steak and burgers.",這家餐廳的菜單提供多種牛肉料理，包括牛排和漢堡。,toeic_gold,4,Travel,Hospitality,"TOEIC,Reading,Part5,Part7",n.
coil,/coil/,線圈；繞組；捲繞物,The warehouse manager requested a detailed inventory of all copper coils.,倉庫經理要求詳細清點所有銅線圈的庫存。,toeic_gold,4,Logistics,SupplyChain,"TOEIC,Reading,Part5,Part7",n.
cory,/cory/,玉米；玉米粒（通常指乾燥或罐裝的玉米，在食品或農業情境中使用）,The supplier confirmed that the shipment of corn arrived on schedule.,供應商確認玉米的貨物已按時到貨。,toeic_gold,4,Logistics,Transit,"TOEIC,Reading,Part5,Part7",n.
ebay,/ebay/,一個線上拍賣和購物網站，允許個人和企業買賣商品。,The company decided to list its surplus inventory on eBay to reduce storage costs.,公司決定將其多餘的庫存放在 eBay 上銷售，以減少儲存成本。,toeic_gold,4,Logistics,SupplyChain,"TOEIC,Reading,Part5,Part7",n.
float,/float/,漂浮；浮於表面；（股票）在交易所交易。,"The shipping company is tracking the container, which is currently floating in the port.",運輸公司正在追蹤貨櫃，目前該貨櫃正停泊在港口。,toeic_gold,4,Logistics,SupplyChain,"TOEIC,Reading,Part5,Part7",v.
foil,/foil/,（包裝）錫箔紙；（比喻）挫敗、阻礙,The supplier delivered the electronic components wrapped in foil to protect them during shipping.,供應商用錫箔紙包裹電子元件，以確保運輸過程中的保護。,toeic_gold,4,Manufacturing,Production,"TOEIC,Reading,Part5,Part7",n.
haul,/haul/,拖曳；拉動（重物）；運輸（貨物）,The logistics company will haul the shipment to the warehouse by tomorrow morning.,物流公司將在明天早上將貨物拖運到倉庫。,toeic_gold,4,Logistics,Transit,"TOEIC,Reading,Part5,Part7",v.
heave,/heave/,（用很大的力氣）舉起、抬起；搬運；（船隻）啟航,The crane operator had to heave the heavy container onto the truck.,起重機的操作員不得不費力地將沉重的集裝箱吊到卡車上。,toeic_gold,4,Logistics,SupplyChain,"TOEIC,Reading,Part5,Part7",v.
ingredients,/ingredients/,原料；成分（尤指食物或產品的組成部分）,The supplier needs to provide a complete list of ingredients for the new product.,供應商需要為新產品提供完整的原料清單。,toeic_gold,4,Manufacturing,Production,"TOEIC,Reading,Part5,Part7",n.
kitchenware,/kitchenware/,廚房用具，泛指廚房所需的各種器具和器皿。,The company is sourcing high-quality kitchenware from overseas suppliers.,公司正在從海外供應商採購高品質的廚房用具。,toeic_gold,4,Technical,ITSupport,"TOEIC,Reading,Part5,Part7",n.
matte,/matte/,霧面、不反光的表面,The marketing team requested a matte finish for the brochures to give a more sophisticated look.,行銷團隊要求小冊子的表面採用霧面處理，以營造更精緻的外觀。,toeic_gold,4,Marketing,Sales,"TOEIC,Reading,Part5,Part7",adj.
recyclable,/recyclable/,可回收的；能被重新利用的，符合環保標準的。,Our company is committed to using recyclable packaging materials to reduce environmental impact.,我們公司致力於使用可回收的包裝材料，以減少環境影響。,toeic_gold,4,Technical,ITSupport,"TOEIC,Reading,Part5,Part7",adj.
selection,/selection/,選擇；挑選；選項,The procurement department is reviewing several vendor selections for the new office supplies.,採購部門正在審查幾個供應商選擇，以供應新的辦公用品。,toeic_gold,4,Logistics,SupplyChain,"TOEIC,Reading,Part5,Part7",n.
sift,/sift/,篩選；仔細檢查以找出特定項目,The quality control department will sift through the returned products to identify defective items.,品質控制部門將篩選退回的產品，以找出有缺陷的項目。,toeic_gold,4,Manufacturing,QualityControl,"TOEIC,Reading,Part5,Part7",v.
thaw,/thaw/,融化；解凍,The shipment of frozen goods will thaw during transit if the temperature control system fails.,如果溫度控制系統故障，這批冷凍貨物在運輸途中將會解凍。,toeic_gold,4,Logistics,Transit,"TOEIC,Reading,Part5,Part7",v.
trans,/trans/,傳輸；跨越；超過,The logistics company specializes in transferring goods across international borders.,這家物流公司專注於跨國際邊境傳輸貨物。,toeic_gold,4,Logistics,SupplyChain,"TOEIC,Reading,Part5,Part7",v.
transporting,/transporting/,運輸；運送（貨物、人員等）,The logistics company is responsible for transporting goods from the factory to the distribution center.,物流公司負責將貨物從工廠運輸到配送中心。,toeic_gold,4,Manufacturing,Production,"TOEIC,Reading,Part5,Part7",v.
wagon,/wagon/,一輛拉貨或運輸物品的馬車或手推車，通常用於運輸貨物或農產品。,The logistics team is responsible for loading the wagons with the finished products.,物流團隊負責將成品的裝載到馬車上。,toeic_gold,4,Travel,Hospitality,"TOEIC,Reading,Part5,Part7",n.
wheelbarrow,/wheelbarrow/,一輪手推車；用於搬運貨物的工具車,The warehouse staff used wheelbarrows to move the heavy boxes.,倉庫人員使用一輪手推車來搬運沉重的箱子。,toeic_gold,4,Logistics,Transit,"TOEIC,Reading,Part5,Part7",n.
yield,/yield/,（生產、農作物等）產出；屈服；讓步,The factory's annual yield of widgets increased by 15% this year.,今年工廠的零件產量增加了 15%。,toeic_gold,4,Manufacturing,Production,"TOEIC,Reading,Part5,Part7",n.
annually,/annually/,每年；一年一次,The company reports its financial results annually.,公司每年報告其財務業績。,toeic_gold,4,Finance,Investment,"TOEIC,Reading,Part5,Part7",v.
donations,/donations/,捐款；捐贈（通常指金錢或物品）,The company made significant donations to support the local charity.,該公司捐贈了大量資金以支持當地慈善機構。,toeic_gold,4,Technical,ITSupport,"TOEIC,Reading,Part5,Part7",n.
estimates,/estimates/,估計值；預估數量或金額,The company's sales estimates for next quarter are slightly lower than expected.,公司下季的銷售預估值略低於預期。,toeic_gold,4,Marketing,Sales,"TOEIC,Reading,Part5,Part7",n.
paycheck,/paycheck/,薪資清單；工資支票,The employee received his paycheck on Friday.,這位員工在星期五領到了薪資清單。,toeic_gold,4,HumanResources,Compensation,"TOEIC,Reading,Part5,Part7",n.
compensation,/ˌkɑːmpenˈseɪʃn/,薪酬，補償金,The compensation package includes stock options.,薪酬待遇包括股票選擇權。,toeic_gold,4,HumanResources,Payroll,"TOEIC,Listening,Reading,Part3,Part7",n.
correspondence,/ˌkɔːrəˈspɑːndəns/,通信，信件,Please file all business correspondence neatly.,請將所有商業信件整齊歸檔。,toeic_gold,4,Corporate,GeneralBusiness,"TOEIC,Reading,Part5,Part7",v.
expenditure,/ɪkˈspendɪtʃər/,支出，花費,Capital expenditure increased by fifteen percent.,資本支出增長了百分之十五。,toeic_gold,4,Technical,ITSupport,"TOEIC,Reading,Part6,Part7",n.
fluctuation,/ˌflʌktʃuˈeɪʃn/,波動，起伏,Currency fluctuation affects our export profits.,匯率波動影響我們的出口利潤。,toeic_gold,4,Finance,Investment,"TOEIC,Reading,Part5,Part7",v.
installment,/ɪnˈstɔːlmənt/,分期付款，分期,Pay for the appliance in twelve installments.,該家電可分十二期付款。,toeic_gold,4,Corporate,GeneralBusiness,"TOEIC,Reading,Part5,Part7",n.
manufacture,/ˌmænjuˈfæktʃər/,製造，生產,The company manufactures medical devices.,該公司製造醫療設備。,toeic_gold,4,Manufacturing,Production,"TOEIC,Reading,Part5,Part7",v.
negotiation,/nɪˌɡoʊʃiˈeɪʃn/,談判，協商,Labor negotiations lasted until midnight.,勞資談判持續到了午夜。,toeic_gold,4,Corporate,GeneralBusiness,"TOEIC,Reading,Part5,Part7",n.
resignation,/ˌrezɪɡˈneɪʃn/,辭職，辭呈,The vice president announced her resignation.,副總裁宣布了她的辭職。,toeic_gold,4,HumanResources,Turnover,"TOEIC,Listening,Reading,Part3,Part7",n.
specification,/ˌspesɪfɪˈkeɪʃn/,規格，規範,The product meets all engineering specifications.,該產品符合所有工程規格。,toeic_gold,4,Manufacturing,Production,"TOEIC,Reading,Part5,Part7",v.
enforceable,/ɪnˈfɔːrsəbl/,可強制執行的,The non-disclosure agreement is legally enforceable.,該保密協議具有法律強制執行力。,toeic_gold,4,Legal,Compliance,"TOEIC,Reading,Part5,Part7",n.
endorsement,/ɪnˈdɔːrsmənt/,代言，認可,The athlete signed an exclusive brand endorsement.,該運動員簽署了一項獨家品牌代言合約。,toeic_gold,4,Marketing,Sales,"TOEIC,Reading,Part5,Part7",n.
penetration,/ˌpenəˈtreɪʃn/,滲透，市場佔有率,The brand achieved high market penetration in Asia.,該品牌在亞洲市場取得了極高的市佔率。,toeic_gold,4,Marketing,Sales,"TOEIC,Reading,Part5,Part7",n.
depreciation,/dɪˌpriːʃiˈeɪʃn/,折舊，貶值,Calculate annual depreciation on manufacturing tools.,計算製造工具的年度折舊額。,toeic_gold,4,Manufacturing,Production,"TOEIC,Reading,Part5,Part7",n.
reconciliation,/ˌrekənsɪliˈeɪʃn/,對帳，調和,Perform monthly bank reconciliation to catch errors.,每月執行銀行對帳以即時發現錯誤。,toeic_gold,4,Corporate,GeneralBusiness,"TOEIC,Reading,Part5,Part7",n.
malfunction,/mælˈfʌŋkʃn/,故障，機能失常,A machine malfunction delayed our production quota.,機器故障導致我們的生產配額進度延誤。,toeic_gold,4,Manufacturing,Production,"TOEIC,Reading,Part5,Part7",n.
procurement,/prəˈkjʊrmənt/,採購，取得,The procurement department manages raw material buying.,採購部門負責統籌原材料的購買作業。,toeic_gold,4,Logistics,SupplyChain,"TOEIC,Reading,Part5,Part7",n.
configuration,/kənˌfɪɡjəˈreɪʃn/,配置，設定,The IT team updated the server network configuration.,資訊科技團隊更新了伺服器網路配置設定。,toeic_gold,4,Technical,ITSupport,"TOEIC,Reading,Part5,Part7",n.
acquisition,/ˌækwɪˈzɪʃn/,收購，取得物,The latest acquisition expanded our overseas operations.,最新這起企業收購案擴大了我們的海外營運版圖。,toeic_gold,4,CorporateGovernance,CorporateStrategy,"TOEIC,Reading,Part5,Part7",n.
diversification,/daɪˌvɜːrsɪfɪˈkeɪʃn/,多元化，多樣化經營,Product diversification reduces dependency on a single market.,產品多元化可降低對單一市場的過度依賴。,toeic_gold,4,Marketing,Sales,"TOEIC,Reading,Part5,Part7",n.
infringement,/ɪnˈfrɪndʒmənt/,侵權，違規,They faced charges of copyright infringement.,他們面臨了侵犯著作版權的指控。,toeic_gold,4,Corporate,GeneralBusiness,"TOEIC,Reading,Part5,Part7",n.
ventilation,/ˌventɪˈleɪʃn/,通風，換氣設備,Good office ventilation prevents airborne illnesses.,良好的辦公室通風設備可有效預防空氣傳播疾病。,toeic_gold,4,Manufacturing,Production,"TOEIC,Reading,Part5,Part7",n.
contamination,/kənˌtæmɪˈneɪʃn/,污染，弄髒,Water filtration units prevent biological contamination.,水質過濾設備能有效防止生物性雜質污染。,toeic_gold,4,Technical,ITSupport,"TOEIC,Reading,Part5,Part7",n.
court,/court/,法院；法庭；(體育)球場,The company is facing a lawsuit and will need to appear in court next month.,該公司正面臨訴訟，下個月需要出庭。,toeic_gold,4,Legal,Compliance,"TOEIC,Reading,Part5,Part7",n.
fined,/fined/,罰款；被處以罰金,The company was fined for violating environmental regulations.,該公司因違反環境法規而被處以罰款。,toeic_gold,4,Legal,Compliance,"TOEIC,Reading,Part5,Part7",v.
germ,/germ/,微生物；病原體，通常指會引起疾病的細菌、病毒等。,The company implemented strict hygiene protocols to prevent the spread of germs in the office.,公司實施了嚴格的衛生協議，以防止辦公室內病原體的傳播。,toeic_gold,4,Legal,Compliance,"TOEIC,Reading,Part5,Part7",n.
jail,/jail/,監獄；拘留所（通常指因犯罪而關押人員的地方）,"The company is cooperating fully with the investigation to avoid any legal repercussions, including potential jail time for executives.",公司正在全力配合調查，以避免任何法律後果，包括高管可能面臨的監禁。,toeic_gold,4,CorporateGovernance,CorporateStrategy,"TOEIC,Reading,Part5,Part7",n.
theft,/theft/,盜竊；竊盜行為,The company is investigating the theft of confidential documents.,公司正在調查機密文件被盜竊的事件。,toeic_gold,4,Finance,Investment,"TOEIC,Reading,Part5,Part7",n.
discretion,/dɪˈskreʃn/,裁量權，謹慎,The manager has discretion to approve expenses.,經理擁有批准支出的裁量權。,toeic_gold,4,Corporate,GeneralBusiness,"TOEIC,Reading,Part5,Part7",v.
grievance,/ˈɡriːvəns/,不滿，申訴,Union reps filed a formal workplace grievance.,工會代表提出了正式的工作場所申訴。,toeic_gold,4,Corporate,GeneralBusiness,"TOEIC,Reading,Part5,Part7",v.
prerequisite,/ˌpriːˈrekwəzɪt/,先決條件，必修前提,Experience is a prerequisite for this role.,相關經驗是擔任此職位的先決條件。,toeic_gold,4,Technical,ITSupport,"TOEIC,Reading,Part5,Part7",v.
traction,/ˈtrækʃn/,市場吸引力，抓地力,The new software application gained rapid traction.,這款新軟體應用迅速獲得了市場的青睞。,toeic_gold,4,Marketing,Sales,"TOEIC,Reading,Part5,Part7",n.
marketability,/ˌmɑːrkɪtəˈbɪləti/,可銷售性，適銷性,Testing confirmed the high marketability of the device.,測試證實了該設備具有高度的市場適銷性。,toeic_gold,4,Marketing,Sales,"TOEIC,Reading,Part5,Part7",n.
superintendent,/ˌsuːpərɪnˈtendənt/,主管，負責人,The building superintendent manages all repairs.,大樓主管負責管理所有維修事務。,toeic_gold,4,Travel,Hospitality,"TOEIC,Reading,Part5,Part7",n.
absenteeism,/ˌæbsənˈtiːɪzəm/,曠職，曠工率,The wellness program helped reduce employee absenteeism.,健康促進計劃有助於降低員工曠工率。,toeic_gold,4,HumanResources,Compensation,"TOEIC,Reading,Part5,Part7",n.
traceability,/ˌtreɪsəˈbɪləti/,可追溯性,Barcode scanning ensures full supply chain traceability.,條碼掃描確保了整個供應鏈的完全可追溯性。,toeic_gold,4,Logistics,Transit,"TOEIC,Reading,Part5,Part7",n.
conglomerate,/kənˈɡlɑːmərət/,跨國大企業，企業集團,The multinational conglomerate owns media and energy firms.,這家跨國大企業集團旗下擁有媒體與能源公司。,toeic_gold,4,Corporate,GeneralBusiness,"TOEIC,Reading,Part5,Part7",n.
benchmarking,/ˈbentʃmɑːrkɪŋ/,基準測試，標竿學習,Use industry benchmarking to measure departmental success.,利用業界標竿學習來衡量各部門的成功績效。,toeic_gold,4,Corporate,GeneralBusiness,"TOEIC,Reading,Part5,Part7",n.
litigation,/ˌlɪtɪˈɡeɪʃn/,訴訟，法律對抗,The company settled the patent litigation out of court.,該公司在庭外和解了專利侵權訴訟案。,toeic_gold,4,Legal,Compliance,"TOEIC,Reading,Part5,Part7",n.
injunction,/ɪnˈdʒʌŋkʃn/,禁制令,The judge granted a preliminary injunction against the sale.,法官頒布了禁止該項銷售的初步禁制令。,toeic_gold,4,Corporate,GeneralBusiness,"TOEIC,Reading,Part5,Part7",n.
competitors,/kəmˈpɛtətɝz/,競爭對手,Our company needs to analyze its competitors' strategies to stay ahead in the market.,我們公司需要分析競爭對手的策略，以在市場中保持領先。,toeic_gold,4,Marketing,Sales,"TOEIC,Reading,Part5,Part7",n.
economic,/ˌɛkəˈnɑmɪk/,經濟的,The company is focusing on cost-effective solutions to improve its economic performance.,該公司正專注於具成本效益的解決方案，以提升其經濟績效。,toeic_gold,4,Technical,ITSupport,"TOEIC,Reading,Part5,Part7",adj.
percentage,/pɝˈsɛnədʒ/,百分比，比例，數百分之,The company's profit margin increased by 5% last quarter.,上個季度，該公司的利潤率提高了 5%。,toeic_gold,4,Finance,Investment,"TOEIC,Reading,Part5,Part7",n.
property,/ˈpɹɑpɝti/,資產,The company's property portfolio includes several commercial buildings and residential units.,該公司的資產組合包括多棟商業大樓和住宅單位。,toeic_gold,4,Finance,Investment,"TOEIC,Reading,Part5,Part7",n.
significant,/səɡˈnɪfɪkənt/,重要的,The company's sales increased significantly this quarter.,本季公司銷售額顯著增加。,toeic_gold,4,Marketing,Sales,"TOEIC,Reading,Part5,Part7",adj.
acceptance,/ækˈsɛptəns/,接受,We are awaiting formal acceptance of the contract from the vendor.,我們正在等待供應商正式接受合約。,toeic_gold,4,Legal,Contracts,"TOEIC,Reading,Part5,Part7",n.
accessible,/ækˈsɛsəbəɫ/,易於取得或使用的,The company website is designed to be accessible to users with disabilities.,該公司網站的設計旨在方便身心障礙人士使用。,toeic_gold,4,Technical,ITSupport,"TOEIC,Reading,Part5,Part7",adj.
accessories,/ækˈsɛsɝiz/,配飾,"The boutique offers a wide range of accessories, including scarves, belts, and jewelry.",這家精品店提供各式各樣的配飾，包括圍巾、皮帶和珠寶。,toeic_gold,4,Travel,Hospitality,"TOEIC,Reading,Part5,Part7",n.
accommodate,/əˈkɑməˌdeɪt/,容納，適應，滿足,The hotel can accommodate up to 200 guests for the conference.,這家飯店可以容納最多 200 位嘉賓參加會議。,toeic_gold,4,Travel,Hospitality,"TOEIC,Reading,Part5,Part7",v.
accommodation,/əˌkɑməˈdeɪʃən/,住宿,The company provides accommodation and meals for all overseas employees.,公司為所有海外員工提供住宿和膳食。,toeic_gold,4,HumanResources,Compensation,"TOEIC,Reading,Part5,Part7",n.
accompanied,/əˈkəmpənid/,伴隨,The sales representative was accompanied by a technical expert during the client meeting.,銷售代表在客戶會議期間與一位技術專家一同出席。,toeic_gold,4,Marketing,Sales,"TOEIC,Reading,Part5,Part7",v.
accordingly,/əˈkɔɹdɪŋɫi/,相應地,"The meeting was postponed until next week, and the project timeline was adjusted accordingly.",會議延遲至下週舉行，專案時程也相應地調整。,toeic_gold,4,Travel,Hospitality,"TOEIC,Reading,Part5,Part7",adv.
achievable,/əˈtʃivəbəɫ/,可實現的,The company set an achievable sales target for the new quarter.,公司為新季度設定了一個可實現的銷售目標。,toeic_gold,4,Marketing,Sales,"TOEIC,Reading,Part5,Part7",adj.
acknowledge,/ækˈnɑɫɪdʒ/,承認,The manager acknowledged the team's hard work and dedication to the project.,經理肯定了團隊為專案付出的辛勤工作和奉獻精神。,toeic_gold,4,Corporate,Communication,"TOEIC,Reading,Part5,Part7",v.
acknowledging,/ækˈnɑɫɪdʒɪŋ/,表示理解，同意或接受某事,The company acknowledged the customer's complaint and offered a full refund.,公司已承認客戶的投訴，並提供全額退款。,toeic_gold,4,Corporate,Communication,"TOEIC,Reading,Part5,Part7",v.
activation,/ˌæktəˈveɪʃən/,啟動,Please follow the instructions for product activation after installation.,請按照說明在安裝後完成產品啟動。,toeic_gold,4,Technical,ITSupport,"TOEIC,Reading,Part5,Part7",n.
adaptability,/əˌdæptəˈbɪɫəti/,適應性,The company values employees with a high degree of adaptability to handle unexpected changes in the market.,公司重視具備高度適應性的員工，以應對市場上突發的變化。,toeic_gold,4,HumanResources,Compensation,"TOEIC,Reading,Part5,Part7",n.
adaptable,/əˈdæptəbəɫ/,適應性強的,The company needs employees who are adaptable to changing market conditions.,公司需要能夠適應市場變化的人才。,toeic_gold,4,HumanResources,Compensation,"TOEIC,Reading,Part5,Part7",adj.
additionally,/əˈdɪʃəˌnəɫi/,此外,"The project budget has increased; additionally, the deadline has been extended.",專案預算已增加；此外，截止日期也已延長。,toeic_gold,4,Finance,Investment,"TOEIC,Reading,Part5,Part7",adv.
adjustments,/əˈdʒəstmənts/,調整,The company is making adjustments to its marketing strategy to better reach its target audience.,公司正在調整其營銷策略，以更好地接觸目標受眾。,toeic_gold,4,Marketing,Sales,"TOEIC,Reading,Part5,Part7",n.
administrative,/ədˈmɪnəˌstɹeɪtɪv/,與行政管理相關的,The administrative assistant is responsible for scheduling meetings and managing correspondence.,行政助理負責安排會議和管理郵件。,toeic_gold,4,Corporate,DailyWork,"TOEIC,Reading,Part5,Part7",adj.
administrator,/ədˈmɪnəˌstɹeɪtɝ/,管理者,The administrator is responsible for managing the company's IT infrastructure.,行政人員負責管理公司的 IT 基礎設施。,toeic_gold,4,Technical,ITSupport,"TOEIC,Reading,Part5,Part7",n.
adoption,/əˈdɑpʃən/,領養,The company announced the adoption of a new privacy policy.,公司宣布採用新的隱私政策。,toeic_gold,4,Corporate,GeneralBusiness,"TOEIC,Reading,Part5,Part7",n.
assembled,/assembled/,組裝完成的；已組裝好的,"The furniture was delivered unassembled, so we had to assemble it ourselves.",家具是未組裝的狀態送達，所以我們必須自行組裝。,toeic_gold,4,Manufacturing,Production,"TOEIC,Reading,Part5,Part7",adj.
assorted,/assorted/,各式各樣的；多樣化的,The store offers an assorted selection of teas from around the world.,這家商店提供來自世界各地的各式各樣的茶品。,toeic_gold,4,Logistics,SupplyChain,"TOEIC,Reading,Part5,Part7",adj.
auction,/auction/,拍賣；以競價方式出售,The company decided to auction off the surplus inventory to reduce storage costs.,公司決定將多餘的庫存以拍賣的方式出售，以減少倉儲成本。,toeic_gold,4,Logistics,SupplyChain,"TOEIC,Reading,Part5,Part7",n.
bargaining,/bargaining/,議價；協商價格,The company is currently bargaining with the supplier to secure a better price for the raw materials.,公司目前正在與供應商協商，以獲得更優惠的原材料價格。,toeic_gold,4,Technical,ITSupport,"TOEIC,Reading,Part5,Part7",n.
commerce,/commerce/,商業；貿易；商務活動,The company's primary focus is international commerce.,該公司的主要重點是國際貿易。,toeic_gold,4,Logistics,SupplyChain,"TOEIC,Reading,Part5,Part7",n.
components,/components/,組件；構成要素（指構成某物或系統的各個部分）,"The new computer system requires several key components, including a high-performance processor and ample RAM.",新電腦系統需要幾個關鍵組件，包括高性能處理器和充足的 RAM。,toeic_gold,4,Manufacturing,Production,"TOEIC,Reading,Part5,Part7",n.
couriers,/couriers/,快遞公司或快遞員，負責快速遞送文件或包裹的專業服務。,The company relies on reliable couriers to ensure timely delivery of important documents.,公司依靠可靠的快遞公司，以確保重要文件能準時送達。,toeic_gold,4,Logistics,Transit,"TOEIC,Reading,Part5,Part7",n.
coverings,/coverings/,覆蓋物；外殼；包覆層,The shipment requires protective coverings to prevent damage during transit.,貨物運輸需要保護性覆蓋物以防止在運輸過程中損壞。,toeic_gold,4,Logistics,Transit,"TOEIC,Reading,Part5,Part7",n.
dispatched,/dispatched/,派遣；調派；發送（通常指人員或物品）,The company dispatched a team of engineers to address the technical issue at the client's site.,公司派遣了一組工程師前往客戶現場處理技術問題。,toeic_gold,4,Logistics,Transit,"TOEIC,Reading,Part5,Part7",v.
disposal,/disposal/,處理、處置（廢棄物、資源等）；廢棄物處理,The company is committed to environmentally responsible disposal of electronic waste.,公司致力於電子廢棄物的環境責任處理。,toeic_gold,4,Technical,ITSupport,"TOEIC,Reading,Part5,Part7",n.
durable,/durable/,耐用的；堅固的；能長時間使用的,The company is looking for durable packaging materials to ensure products arrive safely.,公司正在尋找耐用的包裝材料，以確保產品安全送達。,toeic_gold,4,Logistics,SupplyChain,"TOEIC,Reading,Part5,Part7",adj.
exporter,/exporter/,出口商；將商品出口到其他國家或地區的公司或個人。,Our company is a leading exporter of agricultural products to Southeast Asia.,我們公司是向東南亞出口農產品的主要出口商。,toeic_gold,4,Travel,Hospitality,"TOEIC,Reading,Part5,Part7",n.
exporting,/exporting/,將商品或服務銷售到國外；出口,Our company is expanding its operations by exporting electronics to Southeast Asia.,我們公司正透過將電子產品出口到東南亞來擴展業務。,toeic_gold,4,Marketing,Sales,"TOEIC,Reading,Part5,Part7",v.
freighter,/freighter/,貨輪; 貨船; 運輸機,The freighter was loaded with thousands of containers destined for various ports around the world.,這艘貨輪裝載了數千個貨櫃，目的地是世界各地不同的港口。,toeic_gold,4,Logistics,Transit,"TOEIC,Reading,Part5,Part7",n.
garment,/garment/,服裝；衣物（通常指製成的、而非天然的衣物）,The company is sourcing high-quality garments from overseas factories.,公司正在從海外工廠採購高品質的服裝。,toeic_gold,4,Manufacturing,Production,"TOEIC,Reading,Part5,Part7",n.
housewares,/housewares/,家用用品，指廚房、餐廳及其他居家環境中使用的器具、容器及裝飾品。,The company is expanding its product line to include a wider range of housewares.,該公司正在擴展其產品線，以包含更廣泛的家用用品。,toeic_gold,4,Travel,Hospitality,"TOEIC,Reading,Part5,Part7",n.
importer,/importer/,進口商；進口公司,The company is a major importer of electronics from Asia.,這家公司是亞洲電子產品的主要進口商。,toeic_gold,4,Logistics,SupplyChain,"TOEIC,Reading,Part5,Part7",n.
merchant,/merchant/,商人；貿易商，通常指從事零售或批發業務的人。,The company is seeking a reliable merchant to supply raw materials.,該公司正在尋找一位可靠的商人來供應原材料。,toeic_gold,4,Marketing,Sales,"TOEIC,Reading,Part5,Part7",n.
overprice,/overprice/,定價過高；以過高的價格出售,We believe the supplier is overpricing their products compared to the market average.,我們認為供應商的產品定價高於市場平均價格。,toeic_gold,5,Marketing,Sales,"TOEIC,Reading,Part5,Part7",adj.
packaging,/packaging/,包裝；包裝材料；（產品）包裝,The company is looking for a supplier of eco-friendly packaging.,公司正在尋找環保包裝供應商。,toeic_gold,5,Logistics,Transit,"TOEIC,Reading,Part5,Part7",n.
proposals,/proposals/,提案；建議方案（通常為書面形式，用於正式提交給主管或客戶）,The marketing team submitted several proposals for the new advertising campaign.,行銷團隊提交了幾個關於新廣告活動的提案。,toeic_gold,5,Marketing,Advertising,"TOEIC,Reading,Part5,Part7",n.
purchaser,/purchaser/,採購者；買方；購買人,The purchaser is responsible for inspecting the goods upon delivery.,採購者有責任在貨物交付時進行檢查。,toeic_gold,5,Manufacturing,QualityControl,"TOEIC,Reading,Part5,Part7",n.
ready-made,/ready-made/,現成的；預製的；無需額外加工或修改即可使用的,"To expedite the project, we opted for ready-made components instead of custom-built ones.",為了加快項目進度，我們選擇了現成的組件，而不是客製化的。,toeic_gold,5,Manufacturing,Production,"TOEIC,Reading,Part5,Part7",adj.
reassemble,/reassemble/,重新組裝；將零件重新組合,"After the shipment arrived damaged, the technicians were assigned to reassemble the equipment.",貨物損壞後，技術人員被指派重新組裝設備。,toeic_gold,5,Manufacturing,Production,"TOEIC,Reading,Part5,Part7",v.
secondhand,/secondhand/,二手貨；曾被使用過的物品,The company is considering purchasing secondhand office furniture to reduce costs.,公司正在考慮購買二手辦公室家具以降低成本。,toeic_gold,5,Technical,ITSupport,"TOEIC,Reading,Part5,Part7",adj.
waterway,/waterway/,水道；航道，水路運輸路線,The company is exploring alternative waterways to reduce shipping costs and avoid potential port congestion.,公司正在探索替代水道，以降低運輸成本並避免潛在的港口擁堵。,toeic_gold,5,Logistics,SupplyChain,"TOEIC,Reading,Part5,Part7",n.
analyst,/analyst/,分析師，通常指在商業、金融或數據領域進行分析和評估的專業人員。,The financial analyst presented a comprehensive report on the company's performance.,財務分析師提交了一份關於公司表現的全面報告。,toeic_gold,5,Finance,Investment,"TOEIC,Reading,Part5,Part7",n.
assets,/assets/,資產；公司擁有的有價物或資源，可產生未來經濟效益。,"The company's assets include buildings, equipment, and cash reserves.",該公司的資產包括建築物、設備和現金儲備。,toeic_gold,5,Finance,Investment,"TOEIC,Reading,Part5,Part7",n.
broker,/broker/,經紀人；仲介人，通常指在金融或房地產市場中促成交易的人。,Our company uses a reputable broker to manage its investment portfolio.,我們公司使用一位信譽良好的經紀人來管理其投資組合。,toeic_gold,5,Finance,Investment,"TOEIC,Reading,Part5,Part7",n.
earning,/earning/,收入；工資；利潤（通常指透過工作或投資所獲得的）,The company's earnings for the quarter exceeded expectations.,該公司的本季度收入超出預期。,toeic_gold,5,Finance,Investment,"TOEIC,Reading,Part5,Part7",n.
fiscal,/fiscal/,與政府或企業的財政相關的；財務的。,The company is facing a challenging fiscal year due to the economic downturn.,由於經濟衰退，公司面臨一個充滿挑戰的財政年度。,toeic_gold,5,Finance,Investment,"TOEIC,Reading,Part5,Part7",adj.
fortune,/fortune/,財運；幸運；財產；資產,The company's fortune improved significantly after the successful product launch.,產品成功上市後，公司的財運有了顯著提升。,toeic_gold,5,Finance,Investment,"TOEIC,Reading,Part5,Part7",n.
funding,/funding/,資金來源；融資,The project received significant funding from several investors.,這個專案獲得了來自多位投資者的顯著資金來源。,toeic_gold,5,Finance,Investment,"TOEIC,Reading,Part5,Part7",n.
gamble,/gamble/,冒險投資；賭博（通常指高風險的商業投資或行為）,The company decided to gamble on a new marketing strategy to boost sales.,為了提升銷售額，公司決定冒險採用新的行銷策略。,toeic_gold,5,Finance,Investment,"TOEIC,Reading,Part5,Part7",v.
grants,/grants/,補助金；經費補助,The company received a significant grant from the government to fund its research and development.,該公司獲得政府的一筆顯著補助金，以資助其研發。,toeic_gold,5,Technical,ITSupport,"TOEIC,Reading,Part5,Part7",n.
inflow,/inflow/,(資金、貨物等的) 流入；流入量,The country is experiencing a huge inflow of foreign capital.,該國正經歷大量外國資本的流入。,toeic_gold,5,Finance,Investment,"TOEIC,Reading,Part5,Part7",n.
insurer,/insurer/,保險公司；承保人,The insurer will cover the damages to your car.,保險公司將賠償您汽車的損壞。,toeic_gold,5,Finance,Accounting,"TOEIC,Reading,Part5,Part7",n.
lender,/lender/,借貸者; 貸款人; 出借人,The bank acts as a lender for home mortgages.,這家銀行是房屋抵押貸款的出借人。,toeic_gold,5,Finance,Accounting,"TOEIC,Reading,Part5,Part7",n.
losses,/losses/,損失；虧損（指財產、收入或機會的減少）,The company reported significant losses due to the economic downturn.,由於經濟衰退，該公司報告了顯著的損失。,toeic_gold,5,Finance,Investment,"TOEIC,Reading,Part5,Part7",n.
overpay,/overpay/,支付過多；多付（款項）,Make sure you don't overpay for the new equipment.,確保你不要為新設備支付過多的費用。,toeic_gold,5,Finance,Accounting,"TOEIC,Reading,Part5,Part7",v.
plunge,/plunge/,驟然下降；大幅度下跌（價格、數量等）,The company's stock price plunged after the release of the disappointing quarterly report.,在發布令人失望的季度報告後，該公司的股價大幅下跌。,toeic_gold,5,Finance,Accounting,"TOEIC,Reading,Part5,Part7",v.
premium,/premium/,高級的；優質的；（保險、投資等的）保費、溢價,Our company offers a premium subscription that includes additional support and analytics.,本公司提供的高級訂閱方案包含額外的支援與分析服務。,toeic_gold,5,Finance,Investment,"TOEIC,Reading,Part5,Part7",n.
prepaid,/prepaid/,預先支付；預付,The company offers a prepaid phone card for international calls.,公司提供預付電話卡以供國際電話使用。,toeic_gold,5,Finance,Accounting,"TOEIC,Reading,Part5,Part7",adj.
renewal,/renewal/,續訂；更新（契約、會員資格等）,The company offers a discount for early renewal of your membership.,公司為會員提早續訂提供折扣。,toeic_gold,5,Marketing,Sales,"TOEIC,Reading,Part5,Part7",n.
emergency,/emergency/,突發狀況；緊急情況，通常需要立即採取行動。,"In case of an emergency, please contact security immediately.",若發生緊急狀況，請立即聯繫保全人員。,toeic_gold,5,Technical,ITSupport,"TOEIC,Reading,Part5,Part7",n.
preventing,/preventing/,阻止、預防（某事發生）,The company is implementing new security measures to prevent data breaches.,公司正在實施新的安全措施，以防止數據洩露。,toeic_gold,5,Legal,Compliance,"TOEIC,Reading,Part5,Part7",v.
protecting,/protecting/,保護；防護,The company is investing in new security measures to protect its intellectual property.,公司正在投資新的安全措施，以保護其知識產權。,toeic_gold,5,Finance,Investment,"TOEIC,Reading,Part5,Part7",v.
stealing,/stealing/,盜竊；偷竊；非法佔有,The company is investigating reports of employees stealing office supplies.,公司正在調查員工盜竊辦公用品的報告。,toeic_gold,5,Finance,Investment,"TOEIC,Reading,Part5,Part7",v.
warnings,/warnings/,警示；警告（通常指正式或書面的提醒，以避免潛在的風險或問題）,The safety manual includes warnings about operating heavy machinery.,安全手冊包含關於操作重型機械的警告。,toeic_gold,5,Manufacturing,Production,"TOEIC,Reading,Part5,Part7",n.
compliance,/kəmˈplaɪəns/,合規，順從,All operations must ensure safety compliance.,所有營運必須確保符合安全規範。,toeic_gold,5,Legal,Compliance,"TOEIC,Reading,Part6,Part7",n.
confidential,/ˌkɑːnfɪˈdenʃl/,機密的，保密的,Keep this proprietary information confidential.,請對這份專有資訊嚴加保密。,toeic_gold,5,Legal,Privacy,"TOEIC,Reading,Part6,Part7",adj.
obligation,/ˌɑːblɪˈɡeɪʃn/,義務，責任,We have a contractual obligation to deliver.,我們有合約義務按時交貨。,toeic_gold,5,Logistics,Transit,"TOEIC,Reading,Part6,Part7",n.
violation,/ˌvaɪəˈleɪʃn/,違規，侵犯,Safety violations lead to strict work stops.,違反安全規定會導致嚴格停工。,toeic_gold,5,Legal,Regulations,"TOEIC,Reading,Part6,Part7",n.
barter,/barter/,以物易物；交換（通常指沒有金錢交易的交換行為）,"In some developing countries, companies still barter goods and services instead of using currency.",在一些發展中國家，公司仍然以物易物來交換商品和服務，而不是使用貨幣。,toeic_gold,5,Logistics,SupplyChain,"TOEIC,Reading,Part5,Part7",v.
carrot,/carrot/,胡蘿蔔；（比喻）簡單的、不深入的答案或解決方案,The company is sourcing carrots from local farms to ensure freshness for our restaurant chain.,公司正在從當地農場採購胡蘿蔔，以確保我們餐廳連鎖店的食材新鮮度。,toeic_gold,5,Travel,Hospitality,"TOEIC,Reading,Part5,Part7",n.
carter,/carter/,搬運工；運輸工（通常指負責搬運穀物或其他農產品的人）,The logistics manager hired several carters to transport the grain to the warehouse.,物流經理僱用了幾位搬運工將穀物運送到倉庫。,toeic_gold,5,Logistics,Transit,"TOEIC,Reading,Part5,Part7",n.
dumping,/dumping/,傾銷（指將商品以低於成本或市場價格大量銷售到其他國家或地區）,The company is accused of dumping outdated inventory on the overseas market.,該公司被指控將過時的庫存傾銷到海外市場。,toeic_gold,5,Logistics,SupplyChain,"TOEIC,Reading,Part5,Part7",v.
flatten,/flatten/,使變平；壓平；攤平,The packaging department needs to flatten the cardboard boxes to save storage space.,包裝部門需要將紙箱攤平以節省儲存空間。,toeic_gold,5,CorporateGovernance,BoardOfDirectors,"TOEIC,Reading,Part5,Part7",v.
grease,/grease/,油脂；潤滑脂（通常指工業用途的潤滑劑）,The maintenance team needs to order more grease for the machinery.,維護團隊需要訂購更多潤滑脂用於機器。,toeic_gold,5,Manufacturing,Production,"TOEIC,Reading,Part5,Part7",n.
karosas,/karosas/,卡羅斯（Karos），通常指一家總部位於德國的物流公司，專注於歐洲範圍內的貨物運輸和供應鏈管理。,Our company is considering partnering with Karos to streamline our European distribution network.,我們公司正在考慮與卡羅斯合作，以簡化我們在歐洲的配送網絡。,toeic_gold,5,Logistics,SupplyChain,"TOEIC,Reading,Part5,Part7",n.
measurement,/measurement/,測量,The company's new measurement initiative exceeded expectations in the first quarter.,公司的新measurement計畫在第一季度超出了預期。,toeic_gold,5,Technical,ITSupport,"TOEIC,Reading,Part5,Part7",n.
memphis,/memphis/,孟菲斯（美國田納西州西部城市），通常指位於密西西比河畔的城市，在商務情境中可能指該地的公司、工廠或物流中心。,Our logistics team is coordinating shipments from the Memphis distribution center.,我們的物流團隊正在協調從孟菲斯配送中心發出的貨物。,toeic_gold,5,Manufacturing,Production,"TOEIC,Reading,Part5,Part7",n.
peters,/peters/,彼得斯（Peters）是一家專注於供應鏈管理軟體的公司，提供解決方案以優化庫存、預測需求和提升整體效率。,Our company is considering implementing Peters' inventory management system to reduce warehousing costs.,我們公司正在考慮導入 Peters 的庫存管理系統以降低倉儲成本。,toeic_gold,5,Logistics,SupplyChain,"TOEIC,Reading,Part5,Part7",n.
procure,/procure/,取得；採購；獲得（通常指透過購買或訂購）,The purchasing department needs to procure office supplies before the end of the month.,採購部門需要在月底前採購辦公用品。,toeic_gold,5,Logistics,SupplyChain,"TOEIC,Reading,Part5,Part7",v.
propane,/propane/,丙烷，一種用於烹飪、加熱和工業用途的氣體燃料。,Our company is seeking a reliable supplier of propane for our industrial generators.,我們公司正在尋找丙烷的可靠供應商，用於我們的工業發電機。,toeic_gold,5,Logistics,SupplyChain,"TOEIC,Reading,Part5,Part7",n.
remnant,/remnant/,殘餘物；遺留物；少量剩餘物,The warehouse manager instructed the staff to dispose of the remnants of the outdated inventory.,倉庫經理指示員工處理過期庫存的殘餘物。,toeic_gold,5,Logistics,SupplyChain,"TOEIC,Reading,Part5,Part7",n.
replica,/replica/,仿製品；複製品（通常指高品質的複製品，用於商業用途）,The company ordered a replica of the antique vase for display in the showroom.,公司點購了一件仿古花瓶的複製品，以便在展廳中展示。,toeic_gold,5,Logistics,SupplyChain,"TOEIC,Reading,Part5,Part7",n.
residue,/residue/,殘留物；剩餘物（通常指在某種過程中留下的不純物或未反應的物質）,"The quality control department found traces of residue in the finished product, requiring further investigation.",品質控制部門在成品中發現殘留物，需要進一步調查。,toeic_gold,5,Finance,Investment,"TOEIC,Reading,Part5,Part7",n.
sanders,/sanders/,研磨機；砂輪機（通常指用於加工材料的機械設備）,The maintenance team needs to order new sanders for the workshop.,維護團隊需要為工作室訂購新的砂輪機。,toeic_gold,5,Manufacturing,Production,"TOEIC,Reading,Part5,Part7",n.
scrape,/scrape/,刮擦；刮掉；（車輛）刮到,The forklift operator needs to be careful not to scrape the warehouse walls.,叉車操作員需要小心，不要刮傷倉庫的牆壁。,toeic_gold,5,Logistics,Transit,"TOEIC,Reading,Part5,Part7",v.
timber,/timber/,木材；木料（通常指用於建築或製造業的木材）,The construction company ordered a large shipment of timber for the new project.,該建築公司為新項目訂購了大量木材。,toeic_gold,5,Manufacturing,Production,"TOEIC,Reading,Part5,Part7",n.
annum,/annum/,年，一年（常用於片語per annum，意為「每年」）,"The company offers an attractive salary of $60,000 per annum.",公司提供每年六萬美元的優渥薪資。,toeic_gold,5,HumanResources,Compensation,"TOEIC,Reading,Part5,Part7",n.
bull,/bull/,公牛；（股市）多頭，看漲者；（俚語）胡說八道，廢話；（動詞）推動，猛衝；（股市）推高股價,The analyst predicted a bull market for the next quarter due to strong economic indicators.,由於經濟指標強勁，分析師預測下個季度將是牛市。,toeic_gold,5,Marketing,Sales,"TOEIC,Reading,Part5,Part7",n.
coin,/coin/,硬幣；（尤指）流通貨幣,"The vending machine only accepts coins, so please have some ready.",自動販賣機僅接受硬幣，請準備好一些。,toeic_gold,5,Manufacturing,Production,"TOEIC,Reading,Part5,Part7",n.
donation,/donation/,捐贈；贈款（通常指金錢或物品，用於慈善或公益目的）,The company made a significant donation to the local charity.,該公司向當地慈善機構捐贈了一筆可觀的款項。,toeic_gold,5,Technical,ITSupport,"TOEIC,Reading,Part5,Part7",n.
franc,/franc/,法郎 (曾為法國、比利時、盧森堡及其他國家的貨幣單位),Switzerland still uses the Swiss franc as its official currency.,瑞士仍使用瑞士法郎作為其官方貨幣。,toeic_gold,5,Technical,ITSupport,"TOEIC,Reading,Part5,Part7",n.
fraud,/fraud/,欺詐行為；詐欺，通常涉及欺騙以獲取金錢或利益。,The company is investigating allegations of widespread fraud within the accounting department.,公司正在調查會計部門內普遍存在的欺詐指控。,toeic_gold,5,Finance,Investment,"TOEIC,Reading,Part5,Part7",n.
incur,/incur/,招致（負擔、費用、損失等）；產生（義務、責任等）,The company incurred significant losses due to the unexpected market downturn.,由於意料之外的市場低迷，公司產生了可觀的損失。,toeic_gold,5,Legal,Compliance,"TOEIC,Reading,Part5,Part7",v.
levy,/levy/,（徵收）稅收、關稅；（實施）施加、徵用,The government decided to levy a new tax on imported goods to protect domestic industries.,為了保護國內產業，政府決定對進口商品徵收新的稅收。,toeic_gold,5,Logistics,Transit,"TOEIC,Reading,Part5,Part7",v.
lloyd,/lloyd/,洛伊德銀行（Lloyds Bank）：英國一家大型零售銀行，提供商業和個人金融服務。,Our company maintains a business account with Lloyds Bank for international transactions.,我們公司在洛伊德銀行開設了商業帳戶，用於處理國際交易。,toeic_gold,5,Finance,Investment,"TOEIC,Reading,Part5,Part7",n.
lump,/lump/,塊；腫塊；團；（一筆）總數；將…歸併在一起；笨重地移動,The insurance company offered a lump sum settlement.,保險公司提供了一筆總付的和解金。,toeic_gold,5,Finance,Accounting,"TOEIC,Reading,Part5,Part7",n.
nils,/nils/,零；無（指數量或金額）,The report indicated a nil profit for the quarter due to unforeseen expenses.,報告顯示，由於 непредвиденные 費用，本季利潤為零。,toeic_gold,5,Finance,Investment,"TOEIC,Reading,Part5,Part7",n.
penny,/penny/,一分錢（美國貨幣單位）；微不足道的金額,The company is offering a small discount of just a few pennies on each item.,公司在每個商品上僅提供少數一分錢的折扣。,toeic_gold,5,Marketing,Sales,"TOEIC,Reading,Part5,Part7",n.
peso,/peso/,比索（某些拉丁美洲國家和菲律賓的貨幣單位）,The exchange rate for the Argentine peso has been fluctuating significantly.,阿根廷比索的匯率波動劇烈。,toeic_gold,5,Finance,Accounting,"TOEIC,Reading,Part5,Part7",n.
ponzi,/ponzi/,龐氏騙局；一種以新投資者資金支付舊投資者回報的投資詐騙模式，實際上沒有產生任何利潤。,The company was shut down after it was discovered to be operating a Ponzi scheme.,在被發現經營龐氏騙局後，該公司被關閉。,toeic_gold,5,Finance,Investment,"TOEIC,Reading,Part5,Part7",n.
remit,/remit/,匯款；寄送（款項或文件）,The company regularly remits funds to its overseas branch.,公司定期將款項匯往海外分行。,toeic_gold,5,Technical,ITSupport,"TOEIC,Reading,Part5,Part7",v.
ross,/ross/,（銷售額、利潤等）收入，收益,"The company's sales increased significantly, resulting in a substantial gross.",該公司的銷售額大幅增加，導致了可觀的總收入。,toeic_gold,5,Finance,Investment,"TOEIC,Reading,Part5,Part7",n.
reimbursement,/ˌriːɪmˈbɜːrsmənt/,報銷，償還,Submit travel receipts for speedy reimbursement.,請提交差旅收據以便快速報銷。,toeic_gold,5,Travel,Hospitality,"TOEIC,Reading,Part6,Part7",n.
accused,/accused/,被指控；被控告,The former employee was accused of leaking confidential company data.,這位前員工被指控洩漏了公司的機密數據。,toeic_gold,5,HumanResources,Compensation,"TOEIC,Reading,Part5,Part7",adj.
appeal,/appeal/,訴願；上訴；吸引力；吸引,The company decided to appeal the court's decision.,公司決定對法院的決定提出上訴。,toeic_gold,5,Legal,Compliance,"TOEIC,Reading,Part5,Part7",n.
arrest,/arrest/,逮捕；拘捕；阻止；抑制；吸引（注意力）；（心跳、呼吸等）停止,The police made an arrest in connection with the robbery.,警方因搶劫案逮捕了一名嫌犯。,toeic_gold,5,Technical,ITSupport,"TOEIC,Reading,Part5,Part7",v.
banned,/banned/,禁止；嚴禁（某物或某行為）,The use of mobile phones is banned during the board meeting.,董事會會議期間禁止使用手機。,toeic_gold,5,CorporateGovernance,BoardOfDirectors,"TOEIC,Reading,Part5,Part7",v.
banning,/banning/,禁止；嚴禁（某事物）,The company is banning the use of personal devices on the factory floor for safety reasons.,由於安全考量，公司禁止在工廠地板上使用個人設備。,toeic_gold,5,Manufacturing,Production,"TOEIC,Reading,Part5,Part7",v.
beware,/beware/,提防；當心；注意（潛在的危險或問題）,Beware of phishing emails attempting to steal your company's confidential data.,請注意釣魚郵件，這些郵件試圖竊取貴公司的機密數據。,toeic_gold,5,Legal,Compliance,"TOEIC,Reading,Part5,Part7",v.
defend,/defend/,捍衛；為…辯護；保護,The company's legal team will defend its intellectual property rights.,公司法律團隊將捍衛其智慧財產權。,toeic_gold,5,Legal,Compliance,"TOEIC,Reading,Part5,Part7",v.
defense,/defense/,防禦；保護；辯護,The company's legal team is preparing a strong defense against the lawsuit.,公司的法律團隊正在準備強有力的辯護，以應對這項訴訟。,toeic_gold,5,Legal,Compliance,"TOEIC,Reading,Part5,Part7",n.
forbid,/forbid/,禁止；不允許,Company policy forbids employees from using personal devices for work purposes.,公司政策禁止員工將個人設備用於工作目的。,toeic_gold,5,HumanResources,Compensation,"TOEIC,Reading,Part5,Part7",v.
justice,/justice/,公正；公平；正義；法律,The company is committed to upholding justice and ensuring fair treatment for all employees.,公司致力於維護公正，並確保所有員工得到公平的待遇。,toeic_gold,5,Legal,Compliance,"TOEIC,Reading,Part5,Part7",n.
lawsuit,/lawsuit/,訴訟,The company's new lawsuit initiative exceeded expectations in the first quarter.,公司的新lawsuit計畫在第一季度超出了預期。,toeic_gold,5,Legal,Compliance,"TOEIC,Reading,Part5,Part7",n.
legally,/legally/,合法地；法律上,The company must ensure all its operations are conducted legally.,公司必須確保其所有營運都合法進行。,toeic_gold,5,Legal,Compliance,"TOEIC,Reading,Part5,Part7",v.
prison,/prison/,監獄，牢房；拘禁,The criminal was sentenced to five years in prison.,這名罪犯被判處五年徒刑。,toeic_gold,5,Legal,Compliance,"TOEIC,Reading,Part5,Part7",n.
secured,/secured/,已確保；已保護；已鎖定,The company's data is secured with advanced encryption technology.,該公司的數據已使用先進的加密技術保護。,toeic_gold,5,Technical,ITSupport,"TOEIC,Reading,Part5,Part7",adj.
suspect,/suspect/,懷疑；嫌疑犯；認為…可能,The security team is investigating a suspect in connection with the data breach.,安全團隊正在調查與資料外洩有關的嫌疑人。,toeic_gold,5,Legal,Compliance,"TOEIC,Reading,Part5,Part7",n.
threat,/threat/,潛在的危險或威脅，可能導致損害或不利後果。,The company is taking steps to mitigate the threat of cyberattacks.,公司正在採取措施來降低網路攻擊的威脅。,toeic_gold,5,Technical,ITSupport,"TOEIC,Reading,Part5,Part7",n.
victims,/victims/,受害者；因事故、犯罪或不幸事件而遭受損害或損失的人。,The company is providing support to the victims of the data breach.,公司正在為資料外洩的受害者提供支援。,toeic_gold,5,Legal,Compliance,"TOEIC,Reading,Part5,Part7",n.
violate,/violate/,違反（規定、法律、協議等）；侵犯,The company must not violate any data privacy regulations.,公司必須遵守所有數據隱私法規，不得違反。,toeic_gold,5,Legal,Compliance,"TOEIC,Reading,Part5,Part7",v.
violent,/violent/,暴力的；猛烈的；強烈的；極端的,"The storm brought violent winds and heavy rain, causing widespread damage.",這場暴風帶來了猛烈的風和大雨，造成了廣泛的損害。,toeic_gold,5,Legal,Compliance,"TOEIC,Reading,Part5,Part7",adj.
witness,/witness/,目擊者；證明人；見證,The company requires all employees to witness the signing of the contract to ensure its legality.,為了確保合約的合法性，公司要求所有員工見證簽署過程。,toeic_gold,5,Legal,Contracts,"TOEIC,Reading,Part5,Part7",n.
consignment,/kənˈsaɪnmənt/,託運，委託寄售,The goods were shipped on consignment.,這批貨物是寄售方式運送的。,toeic_gold,5,Logistics,Freight,"TOEIC,Reading,Part5,Part7",n.
arbitration,/ˌɑːrbɪˈtreɪʃn/,仲裁，公斷,The contract mandates arbitration for any dispute.,該合同規定任何爭議均須透過仲裁解決。,toeic_gold,5,Legal,Contracts,"TOEIC,Reading,Part5,Part7",n.
stipulation,/ˌstɪpjuˈleɪʃn/,規定，約定條件,The client added a strict delivery stipulation.,客戶增加了一項嚴格的交貨約定條件。,toeic_gold,5,Logistics,Transit,"TOEIC,Reading,Part5,Part7",n.
segmentation,/ˌseɡmenˈteɪʃn/,細分，分割,Market segmentation helps tailor marketing messages.,市場細分有助於量身打造行銷訊息。,toeic_gold,5,Marketing,Sales,"TOEIC,Reading,Part5,Part7",n.
remuneration,/rɪˌmjuːnəˈreɪʃn/,報酬，薪酬,The job offers competitive remuneration and health perks.,該職缺提供具有競爭力的薪酬與健康福利。,toeic_gold,5,Technical,ITSupport,"TOEIC,Reading,Part5,Part7",n.
amortization,/ˌæmərtəˈzeɪʃn/,分期償還，攤銷,The accountant prepared the loan amortization schedule.,會計師編製了貸款分期償還進度表。,toeic_gold,5,Finance,Investment,"TOEIC,Reading,Part5,Part7",n.
calibration,/ˌkælɪˈbreɪʃn/,校準，刻度測定,Instruments require regular laboratory calibration.,測量儀器需要定期送至實驗室進行校準。,toeic_gold,5,Corporate,GeneralBusiness,"TOEIC,Reading,Part5,Part7",n.
privatization,/ˌpraɪvətəˈzeɪʃn/,民營化，私有化,Government privatization of railways took several years.,政府將鐵路民營化的進程歷時了數年之久。,toeic_gold,5,Corporate,GeneralBusiness,"TOEIC,Reading,Part5,Part7",n.
accomplishment,/əˈkɑmpɫɪʃmənt/,成就,The department implemented innovative accomplishment procedures to improve operational efficiency.,部門實施創新的accomplishment程序以提高營運效率。,toeic_gold,5,Corporate,GeneralBusiness,"TOEIC,Reading,Part5,Part7",n.
achievement,/əˈtʃivmənt/,成就,The company's new achievement initiative exceeded expectations in the first quarter.,公司的新achievement計畫在第一季度超出了預期。,toeic_gold,5,Technical,ITSupport,"TOEIC,Reading,Part5,Part7",n.
administration,/ædˌmɪnɪˈstɹeɪʃən/,行政管理,The company's administration is responsible for handling employee benefits and payroll.,公司的行政部門負責處理員工福利和薪資。,toeic_gold,5,HumanResources,Compensation,"TOEIC,Reading,Part5,Part7",n.
advancement,/ədˈvænsmənt/,進步,The department implemented innovative advancement procedures to improve operational efficiency.,部門實施創新的advancement程序以提高營運效率。,toeic_gold,5,Corporate,GeneralBusiness,"TOEIC,Reading,Part5,Part7",n.
contracting,/contracting/,簽訂合約；縮減（規模、成本等）,The company is currently contracting with a new supplier to reduce costs.,公司目前正在與新的供應商簽訂合約，以降低成本。,toeic_gold,5,Legal,Contracts,"TOEIC,Reading,Part5,Part7",v.
contractors,/contractors/,承包商；簽約人員（通常指為公司或組織提供服務或完成專案的獨立人士或公司）,The company hired several contractors to renovate the office building.,公司聘請了幾位承包商來翻新辦公大樓。,toeic_gold,5,Legal,Contracts,"TOEIC,Reading,Part5,Part7",n.
cost-effective,/cost-effective/,成本效益高，在投入成本後能產生相對較高的價值或回報。,We need to find a cost-effective solution to reduce shipping expenses.,我們需要找到一種成本效益高的解決方案來減少運輸費用。,toeic_gold,5,Logistics,SupplyChain,"TOEIC,Reading,Part5,Part7",adj.
custom-made,/custom-made/,客製化訂做的；依照個人需求設計製作的,The company offers custom-made furniture to meet the specific needs of each client.,該公司提供客製化家具，以滿足每位客戶的特定需求。,toeic_gold,5,Manufacturing,Production,"TOEIC,Reading,Part5,Part7",adj.
distributor,/distributor/,供應商；經銷商（指負責銷售和分銷產品或服務的公司）,Our company is seeking a reliable distributor for our new line of eco-friendly products.,我們公司正在尋找一位可靠的經銷商來分銷我們新的環保產品線。,toeic_gold,5,Marketing,Sales,"TOEIC,Reading,Part5,Part7",n.
eco-friendly,/eco-friendly/,對環境友善的；符合環保標準的,Our company is committed to sourcing eco-friendly packaging materials to reduce our environmental impact.,我們公司致力於採購對環境友善的包裝材料，以減少我們的環境影響。,toeic_gold,5,Technical,ITSupport,"TOEIC,Reading,Part5,Part7",adj.
flammable,/flammable/,易燃的；容易燃燒的，指物質或物品容易被火點燃。,The warehouse manager emphasized that all flammable materials must be stored in designated fire-resistant cabinets.,倉庫經理強調，所有易燃材料必須儲存在指定的防火櫃中。,toeic_gold,5,Logistics,Transit,"TOEIC,Reading,Part5,Part7",adj.
lightweight,/lightweight/,輕便的；重量輕的，通常指易於攜帶或搬運的物品。,The company is looking for lightweight packaging materials to reduce shipping costs.,公司正在尋找輕便的包裝材料以降低運輸成本。,toeic_gold,5,Logistics,SupplyChain,"TOEIC,Reading,Part5,Part7",adj.
marketplace,/marketplace/,市場（指供需交易的場所，尤其指線上交易平台或商業聚集地）,Our company is expanding its presence in the online marketplace to reach a wider customer base.,我們公司正在擴展在線上市場的影響力，以接觸更廣泛的客戶群。,toeic_gold,5,Marketing,Sales,"TOEIC,Reading,Part5,Part7",n.
negotiating,/negotiating/,協商；談判（通常指商業或合同條款）,The purchasing manager is negotiating a lower price with the supplier.,採購經理正在與供應商協商更低的價格。,toeic_gold,5,Legal,Contracts,"TOEIC,Reading,Part5,Part7",v.
quotation,/quotation/,報價；引述語句；引用,We are awaiting the quotation for the new office furniture.,我們正在等待關於新辦公室家具的報價。,toeic_gold,5,Technical,ITSupport,"TOEIC,Reading,Part5,Part7",n.
replacements,/replacements/,替換品；替代品；更換品,"Due to a manufacturing defect, we're offering free replacements for all affected units.",由於製造缺陷，我們為所有受影響的單元提供免費更換。,toeic_gold,5,Manufacturing,QualityControl,"TOEIC,Reading,Part5,Part7",n.
specifications,/specifications/,規格；規格說明；技術規範,The supplier must adhere to all the product specifications outlined in the contract.,供應商必須遵守合約中規定的所有產品規格。,toeic_gold,5,Manufacturing,Production,"TOEIC,Reading,Part5,Part7",n.
substance,/substance/,物質；成分；內容；主題,The lab technician analyzed the substance to determine its chemical composition.,實驗室技術人員分析該物質以確定其化學成分。,toeic_gold,5,Technical,ITSupport,"TOEIC,Reading,Part5,Part7",n.
top-of-the-line,/top-of-the-line/,頂級的；最優質的；高品質的（通常指產品或服務）,Our company only purchases top-of-the-line equipment to ensure the highest quality of our products.,我們公司只購買頂級設備，以確保我們產品的最高品質。,toeic_gold,5,Technical,ITSupport,"TOEIC,Reading,Part5,Part7",adj.
water-resistant,/water-resistant/,具防水性能的；能抵抗水的侵蝕的,The company requires all shipping containers to be water-resistant to protect the goods during transit.,公司要求所有運輸貨櫃具備防水性能，以保護貨物在運輸過程中的安全。,toeic_gold,5,Logistics,Transit,"TOEIC,Reading,Part5,Part7",adj.
analysts,/analysts/,分析師；分析人員，通常指在金融、市場或數據分析領域的專業人士。,The company hired several analysts to evaluate the potential risks of the merger.,該公司聘請了幾位分析師來評估併購的潛在風險。,toeic_gold,5,CorporateGovernance,CorporateStrategy,"TOEIC,Reading,Part5,Part7",n.
bankrupt,/bankrupt/,破產；（公司或個人）財務無力，無力償還債務,The company declared bankruptcy after failing to secure a crucial loan.,由於未能獲得一項關鍵貸款，該公司宣布破產。,toeic_gold,5,Finance,Investment,"TOEIC,Reading,Part5,Part7",adj.
bookkeeper,/bookkeeper/,專職會計人員；簿記員，負責記錄和管理公司的財務帳簿。,The company hired a skilled bookkeeper to manage their daily financial transactions.,公司聘請了一位熟練的簿記員來管理他們日常的財務交易。,toeic_gold,5,Finance,Accounting,"TOEIC,Reading,Part5,Part7",n.
borrower,/borrower/,借款人；借方,The borrower must repay the loan by the agreed-upon date.,借款人必須在約定日期前償還貸款。,toeic_gold,5,Finance,Accounting,"TOEIC,Reading,Part5,Part7",n.
collector,/collector/,收藏家；收集者；催收員（款項）,She is a passionate collector of antique stamps.,她是一位熱衷於收集古董郵票的收藏家。,toeic_gold,5,Finance,Accounting,"TOEIC,Reading,Part5,Part7",n.
credited,/credited/,歸功於；將功勞/責任歸給；（帳戶）記入,The company credited the error to a system malfunction.,公司將這個錯誤歸咎於系統故障。,toeic_gold,5,Legal,Compliance,"TOEIC,Reading,Part5,Part7",v.
currency,/currency/,貨幣；流通的錢幣或紙幣，通常指一個國家或地區所使用的法定貨幣。,The company needs to convert the payment from Japanese Yen to US dollars.,公司需要將來自日圓的付款轉換成美元。,toeic_gold,5,Finance,Accounting,"TOEIC,Reading,Part5,Part7",n.
depositor,/depositor/,存款人,The bank guarantees the funds of all its depositors up to a certain amount.,銀行會對所有存款人的資金在一定金額內提供保障。,toeic_gold,5,Technical,ITSupport,"TOEIC,Reading,Part5,Part7",n.
downturn,/downturn/,經濟下行；衰退期,The company is bracing for a potential downturn in the market due to rising inflation.,由於通貨膨脹上升，公司正為市場可能出現的經濟下行做準備。,toeic_gold,5,Marketing,Sales,"TOEIC,Reading,Part5,Part7",n.
economics,/economics/,經濟學，研究資源的分配和使用，以及如何滿足人類的需求。,The company's strategic decisions are heavily influenced by current economic trends.,公司的策略性決策深受當前經濟趨勢的影響。,toeic_gold,5,Finance,Accounting,"TOEIC,Reading,Part5,Part7",n.
economist,/economist/,經濟學家，研究經濟現象和趨勢的專家。,The company hired an economist to analyze the potential impact of the new trade agreement.,公司聘請了一位經濟學家來分析新的貿易協定可能產生的影響。,toeic_gold,5,HumanResources,Compensation,"TOEIC,Reading,Part5,Part7",n.
finances,/finances/,財務；資金管理,The company's finances are currently under review by the auditors.,公司的財務狀況目前正在由審計師審查。,toeic_gold,5,Finance,Accounting,"TOEIC,Reading,Part5,Part7",n.
financials,/financials/,財務報表、財務狀況；財務資料,The board of directors will review the company's financials before making any investment decisions.,董事會將在做出任何投資決策之前審閱公司的財務報表。,toeic_gold,5,CorporateGovernance,BoardOfDirectors,"TOEIC,Reading,Part5,Part7",n.
financing,/financing/,融資；資金籌措,The company is seeking additional financing to expand its operations.,該公司正在尋求額外的融資以擴展其業務。,toeic_gold,5,Finance,Investment,"TOEIC,Reading,Part5,Part7",n.
fundraise,/fundraise/,募款；籌集資金,The non-profit organization will fundraise for disaster relief efforts.,該非營利組織將為災害救援工作募款。,toeic_gold,5,Finance,Investment,"TOEIC,Reading,Part5,Part7",v.
invested,/invested/,投入（資金、時間、精力等）；投資,The company invested heavily in research and development to stay competitive.,為了保持競爭力，該公司大量投資於研發。,toeic_gold,5,Finance,Investment,"TOEIC,Reading,Part5,Part7",v.
investing,/investing/,將資金投入於資產以期望獲得未來收益的行為，通常涉及股票、債券、房地產等。,The company is investing heavily in research and development to stay competitive.,為了保持競爭力，該公司正在大力投資於研發。,toeic_gold,5,Finance,Investment,"TOEIC,Reading,Part5,Part7",v.
investor,/investor/,投資者，指投入資金以期望獲得回報的人或組織。,The company is seeking new investors to fund its expansion plans.,該公司正在尋找新的投資者來資助其擴張計劃。,toeic_gold,5,Finance,Investment,"TOEIC,Reading,Part5,Part7",n.
multiply,/multiply/,將數字或量乘以另一數字或量，以得到乘積。,The finance department needs to multiply the sales figures by 1.1 to account for inflation.,財務部門需要將銷售數字乘以 1.1，以考慮通貨膨脹。,toeic_gold,5,Finance,Investment,"TOEIC,Reading,Part5,Part7",v.
overcharge,/overcharge/,收取過高的費用；超收費用,The taxi driver was accused of overcharging tourists.,計程車司機被指控對遊客超收費用。,toeic_gold,5,Finance,Accounting,"TOEIC,Reading,Part5,Part7",v.
payable,/payable/,應付的；可支付的；到期付款的,The invoice is payable within 30 days of the delivery date.,該發票在交貨日期的 30 天內到期付款。,toeic_gold,5,Logistics,Transit,"TOEIC,Reading,Part5,Part7",adj.
pensioner,/pensioner/,退休金領取者；領養老金者,The government announced a new scheme to support elderly pensioners.,政府宣布了一項新計畫以支持年長的退休金領取者。,toeic_gold,5,HumanResources,Compensation,"TOEIC,Reading,Part5,Part7",n.
platinum,/platinum/,鉑金，一種珍貴的金屬，常用於製造高品質的珠寶、工業用途，以及作為投資工具。,The company's investment portfolio includes a significant allocation to platinum futures.,該公司的投資組合包含大量投資於鉑金期貨。,toeic_gold,5,Manufacturing,Production,"TOEIC,Reading,Part5,Part7",n.
profited,/profited/,從...中獲利；從...中得到收益,The company profited significantly from the new product launch.,公司從新產品的推出中獲得了顯著的利潤。,toeic_gold,5,Finance,Investment,"TOEIC,Reading,Part5,Part7",v.
prosperity,/prosperity/,繁榮；成功；富裕，通常指經濟或商業上的成功和發展。,The company's prosperity is directly linked to its ability to innovate and adapt to market changes.,公司的繁榮與其創新和適應市場變化的能力直接相關。,toeic_gold,5,Marketing,Sales,"TOEIC,Reading,Part5,Part7",n.
quarterly,/quarterly/,每季；每四分之一年度（通常指財務報告或計畫），指每季一次的。,The company releases its quarterly earnings report every three months.,該公司每三個月發布一次季度盈利報告。,toeic_gold,5,Finance,Investment,"TOEIC,Reading,Part5,Part7",adj.
reimburse,/reimburse/,（因故）補償；退款；償還（費用）,The company will reimburse employees for travel expenses incurred during the conference.,公司將會退償員工在會議期間產生的差旅費用。,toeic_gold,5,HumanResources,Compensation,"TOEIC,Reading,Part5,Part7",v.
reimbursed,/reimbursed/,（費用、損失等）被償還；獲得報銷,Employees can submit expense reports to be reimbursed for travel costs.,員工可以提交費用報告，以獲得差旅費用的報銷。,toeic_gold,5,HumanResources,Compensation,"TOEIC,Reading,Part5,Part7",v.
repurchase,/repurchase/,再次購買；回購（商品、股票等）；買回,The company announced a stock repurchase program to return value to its shareholders.,該公司宣布了一項股票回購計畫，以將價值回饋給股東。,toeic_gold,5,CorporateGovernance,BoardOfDirectors,"TOEIC,Reading,Part5,Part7",v.
revenues,/revenues/,收入；營收（指企業透過銷售商品或提供服務所獲得的總金額）,The company reported a significant increase in revenues this quarter.,本季公司報告營收大幅增加。,toeic_gold,5,Finance,Investment,"TOEIC,Reading,Part5,Part7",n.
abide,/abide/,忍受；遵守（規則、協議等）,All employees must abide by the company's code of conduct.,所有員工都必須遵守公司的行為準則。,toeic_gold,5,HumanResources,Compensation,"TOEIC,Reading,Part5,Part7",v.
bail,/bail/,保釋；保釋金；取保；幫助(某人)脫離困境；將水舀出,"The judge set bail at $50,000 for the defendant.",法官為被告設定了五萬美元的保釋金。,toeic_gold,5,Legal,Compliance,"TOEIC,Reading,Part5,Part7",n.
bates,/bates/,（尤指法律、商業等領域的）批註；附註；（通常是法律文件中的）說明,The legal team is applying Bates numbers to all documents for easy identification and tracking.,法律團隊正在為所有文件添加批註編號，以便輕鬆識別和追蹤。,toeic_gold,5,Legal,Compliance,"TOEIC,Reading,Part5,Part7",n.
bribe,/bribe/,(n.) 賄賂；賄款；(v.) 賄賂；行賄,The politician was accused of taking bribes from a construction company.,這名政治家被指控收受一家建築公司的賄賂。,toeic_gold,5,Technical,ITSupport,"TOEIC,Reading,Part5,Part7",n.
deed,/deed/,行為；行動；契約；房契,Performing a good deed can bring a sense of satisfaction.,做一件善事能帶來滿足感。,toeic_gold,5,Legal,Compliance,"TOEIC,Reading,Part5,Part7",n.
enact,/enact/,（立法機關）制定、通過（法律、政策等）,The government is expected to enact new regulations regarding data privacy.,政府預計將制定新的關於資料隱私的法規。,toeic_gold,5,Legal,Compliance,"TOEIC,Reading,Part5,Part7",v.
exile,/exile/,放逐; 流放; 流亡者; 被放逐者,The political leader lived in exile for many years before returning to his home country.,這位政治領袖在流亡多年後才返回家鄉。,toeic_gold,5,Technical,ITSupport,"TOEIC,Reading,Part5,Part7",n.
heir,/heir/,繼承人；嗣子,She was named the sole heir to the vast estate.,她被指定為這筆龐大遺產的唯一繼承人。,toeic_gold,5,Legal,Compliance,"TOEIC,Reading,Part5,Part7",n.
jury,/jury/,陪審團；（競賽的）評判委員會,The jury delivered its verdict after a long trial.,經過漫長的審判，陪審團宣讀了判決。,toeic_gold,5,Logistics,Transit,"TOEIC,Reading,Part5,Part7",n.
pact,/pact/,契約；協議；盟約,The two companies signed a pact to collaborate on the new project.,兩家公司簽署了一項協議，在新專案上進行合作。,toeic_gold,5,Legal,Compliance,"TOEIC,Reading,Part5,Part7",n.
plead,/plead/,懇求；請求；辯護；答辯,The lawyer will plead the case before the jury.,律師將在陪審團面前為此案辯護。,toeic_gold,5,Legal,Compliance,"TOEIC,Reading,Part5,Part7",v.
protection,/protection/,保護；防護措施,The company is investing in cybersecurity protection to safeguard sensitive data.,公司正在投資網路安全防護，以保護敏感數據。,toeic_gold,5,Finance,Investment,"TOEIC,Reading,Part5,Part7",n.
raid,/raid/,突擊檢查；搜查（通常指未經通知或突然進行的檢查或搜查，用於發現違規行為或非法物品）,Customs officials conducted a surprise raid on the warehouse to check for smuggled goods.,海關人員突擊搜查了倉庫，以檢查是否有走私貨物。,toeic_gold,5,Logistics,Transit,"TOEIC,Reading,Part5,Part7",v.
rape,/rape/,強姦；性侵犯；強姦罪,The suspect was charged with rape.,該嫌犯被控強姦罪。,toeic_gold,5,Technical,ITSupport,"TOEIC,Reading,Part5,Part7",n.
rider,/rider/,1. 騎手；騎馬（或騎自行車、摩托車）的人；乘客。2. （文件、法案或協議的）附加條款，附帶條件；附加險。,The contract included a rider specifying the terms for early termination.,該合約包含一項附加條款，詳細說明了提前終止的條件。,toeic_gold,5,Manufacturing,Production,"TOEIC,Reading,Part5,Part7",n.
riot,/riot/,暴動，騷亂；(色彩、聲音等的) 極度豐富、奔放,The local authorities struggled to contain the riot that erupted after the protest.,地方當局努力控制在抗議後爆發的暴動。,toeic_gold,5,Technical,ITSupport,"TOEIC,Reading,Part5,Part7",n.
tort,/tort/,侵權行為；民事侵權行為,The company was sued for tort after their product caused harm to consumers.,該公司因其產品對消費者造成損害而被控侵權。,toeic_gold,5,Legal,Compliance,"TOEIC,Reading,Part5,Part7",n.
legislation,/ˌledʒɪsˈleɪʃn/,法規，立法,New safety legislation takes effect in July.,新的安全法規將於七月生效。,toeic_gold,5,Legal,Compliance,"TOEIC,Reading,Part6,Part7",n.
aldritch,/aldritch/,阿爾德里奇（Aldrich）是一家全球知名的化工試劑和精細化學品供應商，主要為科研、製藥、以及其他工業應用提供產品。,Our lab ordered several reagents from Aldrich for the ongoing research project.,我們的實驗室為正在進行的研究項目從阿爾德里奇訂購了幾種試劑。,toeic_gold,5,Technical,ITSupport,"TOEIC,Reading,Part5,Part7",n.
breakage,/breakage/,損壞、破壞；（物品的）破損,The shipping department is responsible for minimizing breakage during transit.,運輸部門有責任在運輸過程中將破損降至最低。,toeic_gold,5,Logistics,Transit,"TOEIC,Reading,Part5,Part7",n.
clearing,/clearing/,清理；空出；（債務、庫存等）清償,The warehouse is undergoing a clearing process to make room for new inventory.,倉庫正在進行清理程序，以便為新的庫存騰出空間。,toeic_gold,5,Logistics,SupplyChain,"TOEIC,Reading,Part5,Part7",n.
commodity,/commodity/,商品；（可交易的）原料或農產品,The company specializes in the trading of agricultural commodities such as wheat and corn.,這家公司專注於小麥和玉米等農產品的交易。,toeic_gold,5,Manufacturing,Production,"TOEIC,Reading,Part5,Part7",n.
compresses,/compresses/,壓縮；將…壓緊,The packaging department compresses the boxes to save space during shipping.,包裝部門為了在運輸過程中節省空間，會將箱子壓縮。,toeic_gold,5,Logistics,SupplyChain,"TOEIC,Reading,Part5,Part7",v.
coolstore,/coolstore/,冷藏倉庫；冷儲設施，用於儲存需要低溫環境的商品。,The perishable goods were transported directly to the coolstore to maintain their freshness.,為了保持新鮮度，易腐爛的商品被直接運送到冷藏倉庫。,toeic_gold,5,Logistics,Transit,"TOEIC,Reading,Part5,Part7",n.
dynamite,/dynamite/,強力炸藥，通常指硝化甘油炸藥，用於爆破或拆除工程。,The construction company used dynamite to clear the rocky terrain for the new highway.,該建築公司使用炸藥清理了新公路的崎嶇地形。,toeic_gold,5,Technical,ITSupport,"TOEIC,Reading,Part5,Part7",n.
informant,/informant/,情報提供者；線人（通常指向警方或調查機構提供資訊的人）,The company hired an informant to gather intelligence on its competitors.,該公司聘用了一名情報提供者，以收集有關競爭對手的情報。,toeic_gold,5,HumanResources,Compensation,"TOEIC,Reading,Part5,Part7",n.
kenderton,/kenderton/,肯德頓 (Kenderton) 是指一家虛構的國際貿易公司，通常用於商業模擬和案例研究中，代表著一家在供應鏈管理和全球貿易領域的參與者。,Our logistics team is working to optimize the delivery schedule for Kenderton's latest order.,我們的物流團隊正在努力優化肯德頓最新訂單的交貨時間表。,toeic_gold,5,Logistics,SupplyChain,"TOEIC,Reading,Part5,Part7",n.
michaels,/michaels/,邁克爾商店（Michael's），一家主要銷售手工藝品、藝術用品和花卉材料的大型零售連鎖店。,Our marketing department is sourcing promotional materials from Michaels for the upcoming trade show.,我們的行銷部門正在從邁克爾商店採購促銷材料，以用於即將到來的貿易展覽。,toeic_gold,5,HumanResources,Compensation,"TOEIC,Reading,Part5,Part7",n.
potholder,/potholder/,隔熱墊；鍋墊,The kitchen staff were instructed to use potholders when handling hot pans to prevent burns.,廚房人員被指示在處理熱鍋時使用鍋墊，以防止燙傷。,toeic_gold,5,HumanResources,Compensation,"TOEIC,Reading,Part5,Part7",n.
shondaroth,/shondaroth/,供應商；提供者（通常指提供商品或服務的對象）,Our company is seeking reliable shondaroths for raw materials.,我們公司正在尋找可靠的原材料供應商。,toeic_gold,5,Logistics,SupplyChain,"TOEIC,Reading,Part5,Part7",n.
softwood,/softwood/,軟木材，通常指容易加工的木材，如松木、杉木等，廣泛應用於建築、家具等產業。,The construction company prefers to use softwood for the interior framing due to its lower cost and ease of installation.,該建築公司由於其成本較低且易於安裝，更喜歡將軟木材用於室內框架。,toeic_gold,5,Manufacturing,Production,"TOEIC,Reading,Part5,Part7",n.
specimen,/specimen/,樣本；標本（通常用於科學、醫療或檢驗目的）,The quality control department requires a specimen from each batch of products for testing.,品質控制部門需要從每批產品中抽取樣本進行測試。,toeic_gold,5,Manufacturing,QualityControl,"TOEIC,Reading,Part5,Part7",n.
synthetic,/synthetic/,人造的；合成的（通常指非天然材料製成，用於替代天然材料）,The company is switching to synthetic fabrics to reduce costs and improve durability.,公司正在轉用合成纖維以降低成本並提高耐用性。,toeic_gold,5,Technical,ITSupport,"TOEIC,Reading,Part5,Part7",adj.
turmeric,/turmeric/,薑黃，一種常用的香料，因其獨特的色澤和健康益處，常被用於食品和保健產品。,Our supplier is exploring sustainable sourcing options for turmeric to meet increasing customer demand.,我們的供應商正在探索可持續的薑黃採購方案，以滿足不斷增長的客戶需求。,toeic_gold,5,Logistics,SupplyChain,"TOEIC,Reading,Part5,Part7",n.
wheelers,/wheelers/,輪胎供應商；輪胎銷售商（通常指大型或知名企業）,Our company is seeking reliable wheelers to supply tires for our fleet vehicles.,我們公司正在尋找可靠的輪胎供應商，為我們的車隊車輛提供輪胎。,toeic_gold,5,Marketing,Sales,"TOEIC,Reading,Part5,Part7",n.
accrual,/accrual/,應計；應計項目；權責發生制,The company reported a significant accrual for future warranty claims.,該公司報告了一筆用於未來保固索賠的巨額應計款項。,toeic_gold,5,Finance,Accounting,"TOEIC,Reading,Part5,Part7",n.
annuity,/annuity/,年金；養老金,She bought an annuity to ensure a steady income in retirement.,她購買了一份年金，以確保退休後有穩定的收入。,toeic_gold,5,Technical,ITSupport,"TOEIC,Reading,Part5,Part7",n.
bracket,/bracket/,括號；等級；範圍；組別；支架；(v.)將...歸入同一類；用括號括起來,Many people fall into a higher tax bracket after receiving a promotion.,許多人在升職後會進入更高的稅率等級。,toeic_gold,5,Finance,Accounting,"TOEIC,Reading,Part5,Part7",n.
buyout,/buyout/,企業收購；買斷（指買下公司、企業或組織的全部或大部分股份，從而取得控制權；或指付錢讓人放棄工作或合約）,The private equity firm announced a leveraged buyout of the struggling retail chain.,該私募股權公司宣布對這家陷入困境的零售連鎖店進行槓桿收購。,toeic_gold,5,Legal,Contracts,"TOEIC,Reading,Part5,Part7",n.
capita,/capita/,人均；每人。(源自拉丁文 'caput' 的複數形式，用於表示總數除以人數時),The country's GDP per capita has increased steadily over the past decade.,該國的人均國內生產總值(GDP)在過去十年中穩步增長。,toeic_gold,5,Technical,ITSupport,"TOEIC,Reading,Part5,Part7",n.
debtor,/debtor/,債務人；欠債人,The company is trying to collect payments from its debtors.,這家公司正在努力向其債務人收取款項。,toeic_gold,5,Technical,ITSupport,"TOEIC,Reading,Part5,Part7",n.
decimal,/decimal/,小數; 十進位的,Please round the figure to two decimal places.,請將該數字四捨五入到小數點後兩位。,toeic_gold,5,Finance,Accounting,"TOEIC,Reading,Part5,Part7",n.
inherit,/inherit/,繼承（財產、職位、責任等）；承受,"After his father's passing, Mr. Lee inherited the family business.",在他父親過世後，李先生繼承了家裡的公司。,toeic_gold,5,Legal,Compliance,"TOEIC,Reading,Part5,Part7",v.
issuer,/issuer/,發行者；發行人,The bond issuer is responsible for making timely interest payments.,債券發行人負責按時支付利息。,toeic_gold,5,Finance,Investment,"TOEIC,Reading,Part5,Part7",n.
launder,/launder/,洗錢；洗滌，清洗,The criminal organization used shell companies to launder the illicit proceeds.,該犯罪組織利用空殼公司洗錢非法所得。,toeic_gold,5,Technical,ITSupport,"TOEIC,Reading,Part5,Part7",v.
morgan,/morgan/,摩根銀行（Morgan Bank），通常指摩根大通銀行（JPMorgan Chase & Co.），是全球知名的投資銀行和金融服務公司。,The company's financial advisor recommended diversifying investments through Morgan Stanley.,公司的財務顧問建議透過摩根史丹利分散投資。,toeic_gold,5,Finance,Investment,"TOEIC,Reading,Part5,Part7",n.
nominal,/nominal/,名義上的；微不足道的；（價格、費用等）極少的；名義利率的,The company only charges a nominal fee for the software upgrade.,公司對於軟體升級僅收取象徵性的費用。,toeic_gold,5,Technical,ITSupport,"TOEIC,Reading,Part5,Part7",adj.
outflow,/outflow/,流出；外流；流出量；外流量,The company reported a significant outflow of cash in the last quarter.,該公司報告上個季度有大量的現金流出。,toeic_gold,5,Finance,Accounting,"TOEIC,Reading,Part5,Part7",n.
outlay,/outlay/,支出；開銷（尤指預先規劃或估算的）,"The company's marketing outlay for the new product launch is estimated at $50,000.",新產品上市的行銷開銷預估為 5 萬美元。,toeic_gold,5,Marketing,Sales,"TOEIC,Reading,Part5,Part7",n.
parity,/parity/,平等；同等；相同；（貨幣的）等價；平價,The company aims to achieve wage parity between male and female employees.,該公司旨在實現男女員工的工資平等。,toeic_gold,5,HumanResources,Compensation,"TOEIC,Reading,Part5,Part7",n.
payback,/payback/,回報；投資回收；償還；報復,The company expects a quick payback on its investment in new technology.,公司預計在新技術上的投資能快速回收。,toeic_gold,5,Finance,Investment,"TOEIC,Reading,Part5,Part7",n.
payout,/payout/,支付；付款；（尤指一大筆）支出；賠款；發放的金額,The insurance company made a significant payout after the car accident.,汽車事故後，保險公司支付了一大筆賠款。,toeic_gold,5,Finance,Accounting,"TOEIC,Reading,Part5,Part7",n.
paypal,/paypal/,支付寶 (PayPal)：一種線上支付平台，允許用戶安全地進行線上交易，付款和收款。,Our company accepts PayPal as a convenient payment option for online orders.,我們公司接受 PayPal 作為線上訂單的便捷付款方式。,toeic_gold,5,Finance,Accounting,"TOEIC,Reading,Part5,Part7",n.
pretax,/pretax/,扣除前；未扣除稅款前,"The employee's pretax income was $60,000.",這位員工的扣除稅款前的收入為 6 萬美元。,toeic_gold,5,Finance,Accounting,"TOEIC,Reading,Part5,Part7",adj.
ordinance,/ˈɔːrdɪnəns/,法令，條例,The city council passed a zoning ordinance.,市議會通過了一項分區條例。,toeic_gold,5,Legal,Compliance,"TOEIC,Reading,Part6,Part7",n.
sanction,/ˈsæŋkʃn/,制裁，批准,International trade sanctions restrict shipping.,國際貿易制裁限制了貨運航運。,toeic_gold,5,Legal,InternationalTrade,"TOEIC,Reading,Part6,Part7",n./v.
stipulate,/ˈstɪpjuleɪt/,規定，明確要求,The contract stipulates delivery terms in detail.,合同詳細規定了交貨條件。,toeic_gold,5,Logistics,Transit,"TOEIC,Reading,Part6,Part7",v.
authorized,/authorized/,授權的；被批准的；正式允許的,Only authorized personnel are allowed to access the company's confidential data.,只有授權人員才能存取公司的機密資料。,toeic_gold,5,Legal,Compliance,"TOEIC,Reading,Part5,Part7",adj.
caution,/caution/,謹慎；警告；注意,The safety manual issues a caution regarding the use of heavy machinery.,安全手冊對重型機械的使用發布了警告。,toeic_gold,5,Manufacturing,Production,"TOEIC,Reading,Part5,Part7",n.
copyright,/copyright/,版權,The company's new copyright initiative exceeded expectations in the first quarter.,公司的新copyright計畫在第一季度超出了預期。,toeic_gold,5,Technical,ITSupport,"TOEIC,Reading,Part5,Part7",n.
courthouse,/courthouse/,法院；法院大樓,The company's legal team will be attending a hearing at the courthouse next Tuesday.,公司的法律團隊下週二將前往法院參加聽證會。,toeic_gold,5,Legal,Compliance,"TOEIC,Reading,Part5,Part7",n.
criminal,/criminal/,"罪犯 (n.); 犯罪的, 刑事的 (adj.)",The police apprehended the criminal after a long pursuit.,警方經過長時間追捕後逮捕了這名罪犯。,toeic_gold,5,Technical,ITSupport,"TOEIC,Reading,Part5,Part7",n.
evacuate,/evacuate/,疏散；撤離（通常指因安全原因將人員從危險區域移至安全地點）,"Due to the fire alarm, all employees were instructed to evacuate the building immediately.",由於火災警報，所有員工被指示立即疏散大樓。,toeic_gold,5,HumanResources,Compensation,"TOEIC,Reading,Part5,Part7",v.
incident,/incident/,突發事件；事故,The company is investigating the recent incident to prevent similar occurrences in the future.,公司正在調查最近的事件，以防止未來再次發生類似情況。,toeic_gold,5,Finance,Investment,"TOEIC,Reading,Part5,Part7",n.
incidents,/incidents/,事件；事故（通常指不預期的或負面的事件）,The company is investigating the recent security incidents to prevent future breaches.,公司正在調查最近的安全事件，以防止未來入侵。,toeic_gold,5,Legal,Compliance,"TOEIC,Reading,Part5,Part7",n.
innocent,/innocent/,無辜的；清白的；天真的；無害的,The jury found the defendant innocent after reviewing all the evidence.,陪審團在審閱所有證據後，裁定被告無罪。,toeic_gold,5,Legal,Compliance,"TOEIC,Reading,Part5,Part7",adj.
obligate,/obligate/,使負義務；強制,The contract will obligate the company to pay the full amount.,這份合約將使公司有義務支付全額費用。,toeic_gold,5,Legal,Contracts,"TOEIC,Reading,Part5,Part7",v.
outbreak,/outbreak/,（疾病、暴力等的）爆發，突然發生,The sudden outbreak of the disease caused widespread panic in the city.,這種疾病的突然爆發在城市中引起了廣泛的恐慌。,toeic_gold,5,Technical,ITSupport,"TOEIC,Reading,Part5,Part7",n.
poisoning,/poisoning/,中毒；毒害行為,The company is conducting a thorough investigation into the food poisoning incident at the conference.,公司正在對會議上發生的食物中毒事件進行全面調查。,toeic_gold,5,Finance,Investment,"TOEIC,Reading,Part5,Part7",n.
prisoner,/prisoner/,囚犯；犯人,The prisoner was granted parole after serving five years of his sentence.,這名囚犯在服刑五年後獲得了假釋。,toeic_gold,5,Legal,Compliance,"TOEIC,Reading,Part5,Part7",n.
prohibit,/prohibit/,禁止；阻止；嚴禁（某事發生）,Company policy prohibits the use of personal devices during confidential meetings.,公司政策禁止在機密會議期間使用個人設備。,toeic_gold,5,Technical,ITSupport,"TOEIC,Reading,Part5,Part7",v.
securing,/securing/,確保；固定；保護（某物）免受威脅或損害,The company is securing its network against cyber threats.,公司正在確保其網路免受網路威脅。,toeic_gold,5,Technical,ITSupport,"TOEIC,Reading,Part5,Part7",v.
valuables,/valuables/,貴重物品，指具有高經濟或情感價值的物品。,Please ensure all valuables are stored in the hotel safe during your stay.,請在您入住期間，確保所有貴重物品都保存在飯店的保險箱內。,toeic_gold,5,Travel,Hospitality,"TOEIC,Reading,Part5,Part7",n.
distribution,/distribution/,（產品、資源等）分配；傳播；發放,The company is reviewing its distribution channels to reach a wider customer base.,該公司正在審查其分銷管道，以接觸更廣泛的客戶群。,toeic_gold,5,Technical,ITSupport,"TOEIC,Reading,Part5,Part7",n.
replacement,/replacement/,替換品；替代品；更換,The defective parts need to be replaced with new ones immediately.,這些有缺陷的零件需要立即更換成新的。,toeic_gold,5,Manufacturing,QualityControl,"TOEIC,Reading,Part5,Part7",n.
transportable,/transportable/,可攜帶的；易於搬運的,The company is looking for transportable storage units to accommodate fluctuating inventory levels.,公司正在尋找可攜帶的儲存單元，以應付不斷變動的庫存水平。,toeic_gold,5,Logistics,SupplyChain,"TOEIC,Reading,Part5,Part7",adj.
accumulated,/accumulated/,累積的；積累的；(費用、債務等) 累積的,The company has accumulated a significant amount of debt over the past year.,過去一年，該公司累積了相當多的債務。,toeic_gold,5,Finance,Accounting,"TOEIC,Reading,Part5,Part7",adj.
affordability,/affordability/,可負擔性；價格合理性，指某物或服務的價格在經濟上是可以接受的。,The company is focusing on developing more affordable housing options for its employees.,公司正致力於為員工開發更多可負擔的住房選項。,toeic_gold,5,HumanResources,Compensation,"TOEIC,Reading,Part5,Part7",n.
bookkeeping,/bookkeeping/,記帳；會計工作,Our company is looking for a skilled bookkeeper to manage our financial records.,我們公司正在尋找一位熟練的記帳員來管理我們的財務記錄。,toeic_gold,5,Finance,Accounting,"TOEIC,Reading,Part5,Part7",n.
conversion,/conversion/,轉換,The company's new conversion initiative exceeded expectations in the first quarter.,公司的新conversion計畫在第一季度超出了預期。,toeic_gold,5,Technical,ITSupport,"TOEIC,Reading,Part5,Part7",n.
deduction,/deduction/,扣除；減免；推論,The company made a significant deduction from my salary for taxes.,公司從我的薪水中扣除了相當多的稅款。,toeic_gold,5,Finance,Accounting,"TOEIC,Reading,Part5,Part7",n.
economically,/economically/,在經濟上；節約地,The company needs to operate more economically to increase profits.,公司需要更經濟地營運以增加利潤。,toeic_gold,5,Finance,Investment,"TOEIC,Reading,Part5,Part7",v.
financially,/financially/,財務上地；關於財務狀況的,The company is financially stable and expected to report record profits this quarter.,該公司財務狀況穩健，預計本季將報告創紀錄的利潤。,toeic_gold,5,Finance,Investment,"TOEIC,Reading,Part5,Part7",v.
fraction,/fraction/,一部分；比例；分數,The company's profit margin decreased by a small fraction this quarter.,本季公司利潤率下降了一小部分。,toeic_gold,5,Finance,Investment,"TOEIC,Reading,Part5,Part7",n.
investments,/investments/,投資；資本投入,The company is seeking new investments to expand its operations.,公司正在尋求新的投資以擴展其業務。,toeic_gold,5,Finance,Investment,"TOEIC,Reading,Part5,Part7",n.
overestimate,/overestimate/,高估；過度評估（價值、數量、時間等）,The marketing team overestimated the potential market size for the new product.,行銷團隊高估了新產品的潛在市場規模。,toeic_gold,5,Marketing,Sales,"TOEIC,Reading,Part5,Part7",v.
prepayment,/prepayment/,預付款；預付費,The tenant made a prepayment of three months' rent.,承租人預付了三個月的租金。,toeic_gold,5,Finance,Accounting,"TOEIC,Reading,Part5,Part7",n.
profitable,/profitable/,有利可圖的；能帶來利潤的,The company's new marketing strategy has proven to be highly profitable.,該公司的全新行銷策略已證明非常有利可圖。,toeic_gold,5,Finance,Investment,"TOEIC,Reading,Part5,Part7",adj.
proportion,/proportion/,比例；比率；部分,The company's profit margin decreased due to a shift in the proportion of high-value to low-value sales.,由於高價值銷售與低價值銷售的比例轉變，公司的利潤率有所下降。,toeic_gold,5,Finance,Investment,"TOEIC,Reading,Part5,Part7",n.
reduction,/reduction/,減少、降低（成本、價格、數量等）,The company announced a price reduction of 10% to boost sales.,為了提高銷售額，公司宣布降低 10% 的價格。,toeic_gold,5,Marketing,Sales,"TOEIC,Reading,Part5,Part7",n.
repayment,/repayment/,償還；還款,The company is offering a flexible repayment plan to help customers manage their debt.,公司提供彈性的還款計畫，以幫助客戶管理他們的債務。,toeic_gold,5,Finance,Accounting,"TOEIC,Reading,Part5,Part7",n.
allege,/allege/,（未經證實地）聲稱；指控；斷言,The company is alleged to have violated environmental regulations.,該公司被指控違反了環境法規。,toeic_gold,5,Legal,Compliance,"TOEIC,Reading,Part5,Part7",v.
alleged,/alleged/,據稱的；被指控的（通常指尚未被證實的說法）,The company is facing an alleged breach of contract.,該公司正面臨據稱違反合約的情況。,toeic_gold,5,Legal,Contracts,"TOEIC,Reading,Part5,Part7",adj.
assault,/assault/,攻擊；襲擊；毆打；（法律上的）攻擊罪,He was charged with assault after the bar fight.,他在酒吧鬥毆後被控攻擊罪。,toeic_gold,5,Legal,Compliance,"TOEIC,Reading,Part5,Part7",n.
asylum,/asylum/,庇護; 政治庇護; 避難所,Many refugees sought political asylum in neighboring countries.,許多難民在鄰國尋求政治庇護。,toeic_gold,5,Technical,ITSupport,"TOEIC,Reading,Part5,Part7",n.
barring,/barring/,除非…情況下；在…前提下,"Barring any unforeseen circumstances, the project should be completed by the end of the month.",除非出現任何不可預見的情況，否則專案應在本月底前完成。,toeic_gold,5,Legal,Compliance,"TOEIC,Reading,Part5,Part7",n.
bribes,/bribes/,行賄；賄賂（通常指給予金錢或禮物以影響決策）,The company has a strict policy against offering or accepting bribes.,公司嚴禁提供或接受行賄。,toeic_gold,5,Legal,Compliance,"TOEIC,Reading,Part5,Part7",n.
by-law,/by-law/,附則；規章；地方法規；（公司、社團等的）章程,The company's by-laws outline the rules for shareholder meetings.,公司的章程規定了股東大會的規則。,toeic_gold,5,CorporateGovernance,BoardOfDirectors,"TOEIC,Reading,Part5,Part7",n.
censor,/censor/,審查；檢查；審查員；檢查員,The government decided to censor the news report to prevent public panic.,政府決定審查該新聞報導以防止民眾恐慌。,toeic_gold,5,Legal,Compliance,"TOEIC,Reading,Part5,Part7",n.
convict,/convict/,動詞：判有罪；名詞：罪犯、囚犯,The jury took only an hour to convict him of the crime.,陪審團只花了一小時就判定他有罪。,toeic_gold,5,Legal,Compliance,"TOEIC,Reading,Part5,Part7",v.
corrupt,/corrupt/,腐敗的；貪污的；墮落的 (adj.)；使腐敗；使墮落；破壞 (v.),The company was investigated for corrupt business practices.,該公司因涉嫌腐敗的商業行為而受到調查。,toeic_gold,5,Finance,Investment,"TOEIC,Reading,Part5,Part7",adj.
decree,/decree/,法令；判決；命令 (n.)；頒布法令；下令 (v.),The court issued a decree prohibiting the company from selling the product.,法院頒布了一項法令，禁止該公司銷售該產品。,toeic_gold,5,Legal,Compliance,"TOEIC,Reading,Part5,Part7",n.
denning,/denning/,（法律）巢穴，避難所；（比喻）隱蔽的場所,The company is seeking legal counsel to ensure its operations are within the denning of current regulations.,公司正在尋求法律諮詢，以確保其運營符合現行法規的規範範圍。,toeic_gold,5,Legal,Compliance,"TOEIC,Reading,Part5,Part7",n.
federal,/federal/,聯邦的；屬於聯邦政府的；全國性的,The company is complying with all federal regulations regarding data privacy.,公司正在遵守所有關於數據隱私的聯邦法規。,toeic_gold,5,Travel,Hospitality,"TOEIC,Reading,Part5,Part7",adj.
forgery,/forgery/,偽造品；偽造行為，尤其指文件、簽名或貨幣的偽造。,The company immediately launched an investigation after discovering a forgery of a purchase order.,公司在發現購買訂單被偽造後，立即啟動調查。,toeic_gold,5,Finance,Investment,"TOEIC,Reading,Part5,Part7",n.
hereby,/hereby/,特此；茲。用於正式文件或聲明中，表示「透過此方式」、「依此」或「在此文件中」。,We hereby confirm your booking for the conference.,我們特此確認您參加會議的預訂。,toeic_gold,5,Legal,Compliance,"TOEIC,Reading,Part5,Part7",v.
impound,/impound/,（通常指政府部門）扣押、查封（財物或車輛），以待處理或解決法律問題。,The city impounded the vehicle due to unpaid parking tickets.,由於未繳清停車費，市政府扣押了該車輛。,toeic_gold,5,Legal,Compliance,"TOEIC,Reading,Part5,Part7",v.
kidnap,/kidnap/,綁架；劫持,The terrorists attempted to kidnap the ambassador.,恐怖分子試圖綁架大使。,toeic_gold,5,Legal,Compliance,"TOEIC,Reading,Part5,Part7",v.
menace,/menace/,威脅；潛在的危險或傷害,The company is taking steps to eliminate any potential menace to its employees' safety.,公司正採取措施消除對員工安全構成的任何潛在威脅。,toeic_gold,5,HumanResources,Compensation,"TOEIC,Reading,Part5,Part7",n.
miranda,/miranda/,米蘭達法則，指美國司法部於 2000 年制定的一項政策，規範政府部門如何處理與調查相關的電子郵件和數位文件。,The legal team is reviewing the company's data retention policies to ensure compliance with the Miranda rule.,法律團隊正在審查公司的數據保留政策，以確保符合米蘭達法則。,toeic_gold,5,Legal,Compliance,"TOEIC,Reading,Part5,Part7",n.
murder,/murder/,謀殺；兇殺案（名詞）；謀殺；殺害（動詞）,The police are investigating a brutal murder that occurred last night.,警方正在調查昨晚發生的一起殘酷謀殺案。,toeic_gold,5,Finance,Investment,"TOEIC,Reading,Part5,Part7",n.
outlaw,/outlaw/,（法律上）被禁止的；（非法）的；（通常指）被法律宣告為不合法的人或行為。,The company ceased all operations in the region after the government outlawed their product.,在政府禁止該產品後，公司停止了該地區的所有營運。,toeic_gold,5,Legal,Compliance,"TOEIC,Reading,Part5,Part7",adj.
ratify,/ratify/,正式批准；確認（協議、條款等）,The board of directors will ratify the merger agreement next week.,董事會將會在下週正式批准這項合併協議。,toeic_gold,5,CorporateGovernance,BoardOfDirectors,"TOEIC,Reading,Part5,Part7",v.
smuggle,/smuggle/,走私；偷運,They were arrested for trying to smuggle drugs across the border.,他們因試圖將毒品走私過境而被捕。,toeic_gold,5,Legal,Compliance,"TOEIC,Reading,Part5,Part7",v.
testify,/testify/,作證；證明；證詞,The witness was called to testify about the events leading up to the contract dispute.,證人被傳喚來作證關於合約爭議發生的事件。,toeic_gold,5,Legal,Contracts,"TOEIC,Reading,Part5,Part7",v.
torture,/torture/,名詞: 酷刑; 折磨; 拷問。動詞: 施加酷刑; 折磨; 嚴刑拷打。,The human rights organization documented several cases of torture against political prisoners.,該人權組織記錄了數起針對政治犯施加酷刑的案件。,toeic_gold,5,Technical,ITSupport,"TOEIC,Reading,Part5,Part7",n.
treaty,/treaty/,條約，協定（尤指兩國或多國之間簽訂並經各自政府正式批准的協議）,The two countries signed a peace treaty after years of conflict.,兩國在多年衝突後簽署了一項和平條約。,toeic_gold,5,Legal,Compliance,"TOEIC,Reading,Part5,Part7",n.
uphold,/uphold/,維護；堅持；遵守（原則、法律、協議等）,The company is committed to upholding the highest ethical standards in all its operations.,公司致力於在其所有營運中堅持最高的道德標準。,toeic_gold,5,Manufacturing,Production,"TOEIC,Reading,Part5,Part7",v.
warrant,/warrant/,授權；保證；（法律）搜查令,The company needs a warrant to search the suspect's office.,公司需要搜查令才能搜查嫌疑人的辦公室。,toeic_gold,5,Legal,Compliance,"TOEIC,Reading,Part5,Part7",n.
weapon,/weapon/,武器；工具（通常指用於攻擊或防禦的物品）,The company implemented strict security measures to prevent unauthorized weapons from entering the premises.,公司實施了嚴格的安全措施，以防止未經授權的武器進入辦公場所。,toeic_gold,5,Technical,ITSupport,"TOEIC,Reading,Part5,Part7",n.
commissioning,/commissioning/,（正式地）委託、授權；（工程項目）啟用、投產,The company is commissioning a new warehouse to handle the increased volume of orders.,公司正在啟用一個新的倉庫以處理增加的訂單數量。,toeic_gold,5,Logistics,Transit,"TOEIC,Reading,Part5,Part7",v.
commodities,/commodities/,商品；（可交易的）農產品、礦產或其他原材料。,The company's profits were significantly impacted by the fluctuating prices of agricultural commodities.,農業商品價格的波動對公司的利潤產生了顯著影響。,toeic_gold,5,Finance,Investment,"TOEIC,Reading,Part5,Part7",n.
custom-built,/custom-built/,客製化訂做的；根據特定需求設計或製造的,The company decided to order custom-built shelving units to maximize storage space in the warehouse.,公司決定訂購客製化訂做的置物架，以最大限度地利用倉庫的儲存空間。,toeic_gold,5,Manufacturing,Production,"TOEIC,Reading,Part5,Part7",adj.
globalexpress,/globalexpress/,全球快遞，指提供國際貨運服務的公司或系統。,Our company relies on Globalexpress for timely delivery of critical components.,我們公司依靠全球快遞來準時交付關鍵組件。,toeic_gold,5,Manufacturing,Production,"TOEIC,Reading,Part5,Part7",n.
milliliters,/milliliters/,毫升，容量單位，常用於液體測量，尤其在食品、飲料、醫藥等行業。,The supplier confirmed that each bottle contains 500 milliliters of olive oil.,供應商確認每個瓶子裝有 500 毫升的橄欖油。,toeic_gold,5,Technical,ITSupport,"TOEIC,Reading,Part5,Part7",n.
perishable,/perishable/,易腐爛的；容易變質的（通常指食品或貨物，需要特殊的儲存或運輸條件以保持新鮮度）,The company needs to invest in refrigerated trucks to transport perishable goods efficiently.,公司需要投資冷藏車，以有效運輸易腐爛的貨物。,toeic_gold,5,Finance,Investment,"TOEIC,Reading,Part5,Part7",adj.
renegotiated,/renegotiated/,重新協商；再度談判（合約、條款等）,"Due to the fluctuating market prices, we had to renegotiate the contract with our supplier.",由於市場價格波動，我們不得不與供應商重新協商合約。,toeic_gold,5,Legal,Contracts,"TOEIC,Reading,Part5,Part7",v.
sediment,/sediment/,沉積物；（通常指河流、湖泊或海洋中）沉積的物質,"The geological survey revealed a thick layer of sediment along the riverbed, indicating past flooding events.",地質調查顯示河床上有厚厚的沉積物層，表明過去曾發生過洪水。,toeic_gold,5,Travel,Hospitality,"TOEIC,Reading,Part5,Part7",n.
stockpiling,/stockpiling/,大量積存；囤積（通常指為了應對未來需求或價格波動）,The company is stockpiling raw materials in anticipation of a supply chain disruption.,由於預期供應鏈中斷，該公司正在大量積存原材料。,toeic_gold,5,Logistics,Transit,"TOEIC,Reading,Part5,Part7",v.
subcontract,/subcontract/,將部分工作或任務外包給其他公司或個人。,"To meet the project deadline, we decided to subcontract the manufacturing process to a specialized firm.",為了趕上專案期限，我們決定將製造流程外包給一家專業公司。,toeic_gold,5,Manufacturing,Production,"TOEIC,Reading,Part5,Part7",v.
amortize,/amortize/,分期償還；攤銷（債務或資產）,The company decided to amortize the cost of the new machinery over ten years.,公司決定將新機器的成本分十年攤銷。,toeic_gold,5,Manufacturing,Production,"TOEIC,Reading,Part5,Part7",v.
annualize,/annualize/,將（數據或比率）按年計算；年率化,The company decided to annualize the quarterly sales figures to project the full year's revenue.,該公司決定將季度銷售數據年率化，以預測全年的收入。,toeic_gold,5,Finance,Investment,"TOEIC,Reading,Part5,Part7",v.
arbitrage,/arbitrage/,套利；套匯 (利用不同市場的價格差異進行買賣以賺取利潤),The trader made a quick profit through currency arbitrage.,這位交易員透過貨幣套利迅速獲利。,toeic_gold,5,Finance,Investment,"TOEIC,Reading,Part5,Part7",n.
auditing,/auditing/,審計,The company's new auditing initiative exceeded expectations in the first quarter.,公司的新auditing計畫在第一季度超出了預期。,toeic_gold,5,Finance,Accounting,"TOEIC,Reading,Part5,Part7",adj.
bankruptcy,/bankruptcy/,破產；（公司或個人）無力償還債務的狀態,The company filed for bankruptcy after suffering significant financial losses.,該公司在遭受重大財務損失後申請破產。,toeic_gold,5,Finance,Investment,"TOEIC,Reading,Part5,Part7",n.
bondholder,/bondholder/,債券持有人；債權人,The company assured its bondholders that the interest payments would be made on time.,該公司向其債券持有人保證，利息支付將按時進行。,toeic_gold,5,Finance,Investment,"TOEIC,Reading,Part5,Part7",n.
capitalism,/capitalism/,一種經濟和政治制度，在這種制度下，一個國家的貿易和工業由私人而非國家擁有和控制，以獲取利潤。,Many economists debate the pros and cons of capitalism versus socialism.,許多經濟學家都在爭論資本主義與社會主義的優缺點。,toeic_gold,5,Finance,Investment,"TOEIC,Reading,Part5,Part7",n.
capitalist,/capitalist/,資本家；資本主義者；資本主義的,"The capitalist invested a large sum in the new startup, hoping for significant returns.",這位資本家在新創公司投入巨額資金，希望能獲得可觀的回報。,toeic_gold,5,Finance,Investment,"TOEIC,Reading,Part5,Part7",n.
creditor,/creditor/,債權人；放款人,The company is working to improve its relationship with its creditors after facing financial difficulties.,在面臨財務困難後，該公司正在努力改善與債權人的關係。,toeic_gold,5,Finance,Investment,"TOEIC,Reading,Part5,Part7",n.
cyclical,/cyclical/,循環的；週期性的,The global economy is currently experiencing a cyclical downturn.,全球經濟目前正在經歷週期性衰退。,toeic_gold,5,Finance,Accounting,"TOEIC,Reading,Part5,Part7",adj.
debenture,/debenture/,公司債券；無擔保公司債,The company issued new debentures to raise capital for its expansion project.,該公司發行了新的無擔保公司債，為其擴張計畫籌集資金。,toeic_gold,5,Technical,ITSupport,"TOEIC,Reading,Part5,Part7",n.
delinquent,/delinquent/,未償還的；拖欠的（通常指債務、帳單等）,The company is facing legal action due to a significant number of delinquent accounts.,由於大量未償還帳戶，該公司正面臨法律訴訟。,toeic_gold,5,Legal,Compliance,"TOEIC,Reading,Part5,Part7",adj.
deloitte,/deloitte/,德勤（Deloitte）是一家全球性的專業服務公司，提供審計、諮詢、稅務和顧問等服務。,Our company has engaged Deloitte to conduct a comprehensive financial audit.,我們已聘請德勤進行全面的財務審計。,toeic_gold,5,Finance,Accounting,"TOEIC,Reading,Part5,Part7",n.
denominate,/denominate/,以…計價；命名；稱呼,Most international transactions are denominated in US dollars.,大多數國際交易都以美元計價。,toeic_gold,5,Finance,Accounting,"TOEIC,Reading,Part5,Part7",v.
derivative,/derivative/,衍生性商品；衍生物；派生的；非原創的,Many financial institutions use derivatives to manage risk and speculate on market movements.,許多金融機構使用衍生性商品來管理風險並預測市場波動。,toeic_gold,5,Finance,Investment,"TOEIC,Reading,Part5,Part7",n.
devalued,/devalued/,貶值；價值降低,The company's stock price was devalued due to the negative press coverage.,由於負面的新聞報導，該公司的股票價格被貶值。,toeic_gold,5,Finance,Accounting,"TOEIC,Reading,Part5,Part7",v.
elasticity,/elasticity/,彈性；彈力；（經濟學）彈性,The elasticity of the rubber band allows it to stretch considerably without breaking.,橡皮筋的彈性使其能夠大幅度拉伸而不斷裂。,toeic_gold,5,Technical,ITSupport,"TOEIC,Reading,Part5,Part7",n.
fiduciary,/fiduciary/,信託的；受託人；受託的,The lawyer has a fiduciary duty to act in the best interests of her client.,律師對其客戶負有信託義務，必須以客戶的最佳利益行事。,toeic_gold,5,Legal,Compliance,"TOEIC,Reading,Part5,Part7",adj.
goodwill,/goodwill/,商譽；公司因其聲譽、品牌價值而產生的無形資產，通常在企業併購時作為資產負債表外的一項價值。,The acquisition price included a significant amount of goodwill reflecting the target company's strong brand recognition.,收購價格包含了一大筆商譽，反映了目標公司強大的品牌知名度。,toeic_gold,5,CorporateGovernance,CorporateStrategy,"TOEIC,Reading,Part5,Part7",n.
incurred,/incurred/,產生（費用、損失、責任等），招致,The company incurred significant losses due to the unexpected market downturn.,由於意料之外的市場低迷，公司產生了相當大的損失。,toeic_gold,5,Legal,Compliance,"TOEIC,Reading,Part5,Part7",v.
insolvent,/insolvent/,無力清償債務的；資不抵債的,The company declared bankruptcy after becoming insolvent due to declining sales.,由於銷售額下降，該公司無力清償債務，最終宣布破產。,toeic_gold,5,Marketing,Sales,"TOEIC,Reading,Part5,Part7",adj.
liquidate,/liquidate/,清算資產；將公司資產變現以償還債務，通常在公司倒閉或重組時使用。,The company decided to liquidate its assets to pay off its mounting debts.,該公司決定清算其資產以償還其不斷增加的債務。,toeic_gold,5,Finance,Investment,"TOEIC,Reading,Part5,Part7",v.
liquidity,/liquidity/,流動性，指資產能夠迅速且以合理價格轉換為現金的能力，或企業滿足短期負債的能力。,The company's high liquidity ratio indicates a strong ability to meet its short-term financial obligations.,該公司的流動性比率很高，表明其有很強的能力來履行其短期財務義務。,toeic_gold,5,Manufacturing,Production,"TOEIC,Reading,Part5,Part7",n.
marginal,/marginal/,邊際的；微不足道的；（成本、利潤等）額外的,The company's profit margin has decreased slightly due to rising material costs.,由於原材料成本上升，該公司的利潤率略有下降。,toeic_gold,5,Finance,Investment,"TOEIC,Reading,Part5,Part7",adj.
maturity,/maturity/,成熟；成熟期；（債券等的）到期日,The bond will reach its maturity next year.,這批債券將在明年到期。,toeic_gold,5,Technical,ITSupport,"TOEIC,Reading,Part5,Part7",n.
monetary,/monetary/,與金錢或貨幣相關的；財務的,The company's monetary policy aims to control inflation and stabilize the economy.,該公司的貨幣政策旨在控制通貨膨脹並穩定經濟。,toeic_gold,5,Finance,Investment,"TOEIC,Reading,Part5,Part7",adj.
monopolist,/monopolist/,壟斷者；獨佔者,The government aims to prevent any single company from becoming a monopolist in the essential services sector.,政府旨在防止任何一家公司在基本服務部門成為壟斷者。,toeic_gold,5,Finance,Accounting,"TOEIC,Reading,Part5,Part7",n.
multiplier,/multiplier/,乘數;倍數;倍增器;增加因素,The economic multiplier effect suggests that an initial injection of spending can lead to a larger increase in national income.,經濟乘數效應表明，最初的支出投入可以導致國民收入大幅增長。,toeic_gold,5,Travel,Hospitality,"TOEIC,Reading,Part5,Part7",n.
overdrawn,/overdrawn/,透支（銀行帳戶）,The company's checking account was overdrawn due to an unexpected expense.,由於一筆預料之外的支出，公司的支票帳戶出現透支。,toeic_gold,5,Finance,Accounting,"TOEIC,Reading,Part5,Part7",adj.
premiums,/premiums/,附加費用；保險附加金；溢價,The company offers health insurance with low premiums for its employees.,該公司為員工提供保險附加金較低的健康保險。,toeic_gold,5,HumanResources,Compensation,"TOEIC,Reading,Part5,Part7",n.
proceeds,/proceeds/,收益、收入（尤指從銷售或活動中獲得的）,The company will donate the proceeds from the charity event to local schools.,公司將從慈善活動中所得的收益捐給當地學校。,toeic_gold,5,Marketing,Sales,"TOEIC,Reading,Part5,Part7",n.
prospectus,/prospectus/,招股說明書；內容說明書；簡章,Investors should carefully read the prospectus before making an investment decision.,投資者在做出投資決策前應仔細閱讀招股說明書。,toeic_gold,5,Finance,Investment,"TOEIC,Reading,Part5,Part7",n.
quantify,/quantify/,衡量、估算（某事物的大小、數量或程度），通常涉及使用數字或數據。,The marketing team needs to quantify the impact of the new advertising campaign.,行銷團隊需要衡量新廣告活動的影響。,toeic_gold,5,Marketing,Advertising,"TOEIC,Reading,Part5,Part7",v.
quarters,/quarters/,四分之一；（硬幣）四分之一美元,The company's profits increased by a quarter this fiscal year.,本財年，公司的利潤增加了四分之一。,toeic_gold,5,Finance,Investment,"TOEIC,Reading,Part5,Part7",n.
reconcile,/reconcile/,調和；和解；使相符；對帳,The accountant needs to reconcile the bank statement with the company's records.,會計師需要將銀行對帳單與公司記錄進行對帳。,toeic_gold,5,Finance,Accounting,"TOEIC,Reading,Part5,Part7",v.
reinvest,/reinvest/,再投資；將（利潤或收益）再投資於,The company decided to reinvest its profits back into research and development.,該公司決定將其利潤再投資於研發。,toeic_gold,5,Finance,Investment,"TOEIC,Reading,Part5,Part7",v.
residual,/residual/,剩餘的；殘留的；殘餘部分；餘額,The residual value of the car after depreciation was much lower than expected.,汽車折舊後的殘餘價值遠低於預期。,toeic_gold,5,Finance,Accounting,"TOEIC,Reading,Part5,Part7",adj.
jurisdiction,/ˌdʒʊrɪsˈdɪkʃn/,管轄權，司法權,This court has legal jurisdiction over disputes.,該法院對商業爭端具有管轄權。,toeic_gold,5,Legal,Compliance,"TOEIC,Reading,Part6,Part7",n.
authorities,/authorities/,主管機關；權威機構（通常指政府部門或具有法律授權的組織）,The company is cooperating fully with the authorities regarding the investigation.,公司正在全力配合主管機關進行調查。,toeic_gold,5,Legal,Compliance,"TOEIC,Reading,Part5,Part7",n.
extinguisher,/extinguisher/,滅火器；熄滅者,Every office building is required to have fire extinguishers on each floor.,每棟辦公大樓都要求在每層樓配備滅火器。,toeic_gold,5,Travel,Hospitality,"TOEIC,Reading,Part5,Part7",n.
investigator,/investigator/,調查員；偵查員；研究員,The independent investigator was appointed to look into the allegations of fraud.,獨立調查員被指派調查詐欺指控。,toeic_gold,5,Finance,Investment,"TOEIC,Reading,Part5,Part7",n.
regulations,/regulations/,規章制度；規定,The company must adhere to all local regulations regarding waste disposal.,公司必須遵守所有關於廢棄物處理的當地規章制度。,toeic_gold,5,Travel,Hospitality,"TOEIC,Reading,Part5,Part7",n.
settlement,/settlement/,和解,The company's new settlement initiative exceeded expectations in the first quarter.,公司的新settlement計畫在第一季度超出了預期。,toeic_gold,5,Technical,ITSupport,"TOEIC,Reading,Part5,Part7",n.
unauthorize,/unauthorize/,未經授權；撤銷授權；不予授權。,The system will automatically unauthorize any user attempting to access restricted data without proper credentials.,系統將自動撤銷任何試圖在沒有正確憑證下存取受限資料的使用者的權限。,toeic_gold,5,Manufacturing,Production,"TOEIC,Reading,Part5,Part7",v.
unauthorized,/unauthorized/,未經授權的；未經批准的,The employee was reprimanded for accessing unauthorized files on the company network.,該員工因存取公司網路上的未經授權檔案而被訓誡。,toeic_gold,5,HumanResources,Compensation,"TOEIC,Reading,Part5,Part7",adj.
violence,/violence/,暴力行為；武力衝突，通常指對人或財產造成傷害的行為。,The company has a strict zero-tolerance policy regarding workplace violence.,公司對於職場暴力採取嚴格的零容忍政策。,toeic_gold,5,Travel,Hospitality,"TOEIC,Reading,Part5,Part7",n.
calculation,/calculation/,計算；估算；計算過程,The finance department needs to verify the accuracy of the sales calculation before finalizing the budget.,財務部門需要在確認預算之前，驗證銷售額計算的準確性。,toeic_gold,5,Finance,Investment,"TOEIC,Reading,Part5,Part7",n.
declaration,/declaration/,宣告；聲明；申報,She signed the customs declaration form before boarding the plane.,她在登機前簽署了海關申報單。,toeic_gold,5,CorporateGovernance,BoardOfDirectors,"TOEIC,Reading,Part5,Part7",n.
abductor,/abductor/,綁架者；誘拐者,Police are searching for the abductor of the missing child.,警方正在搜尋失蹤兒童的綁架者。,toeic_gold,5,Legal,Compliance,"TOEIC,Reading,Part5,Part7",n.
abramson,/abramson/,艾布拉姆森 (Abramson) 通常指一家律師事務所或其合夥人，在商務情境中，可能涉及法律諮詢、合同審閱等服務。,Our company retained Abramson & Associates to review the merger agreement.,我們聘請了艾布拉姆森律師事務所來審閱併購協議。,toeic_gold,5,CorporateGovernance,CorporateStrategy,"TOEIC,Reading,Part5,Part7",n.
antitrust,/antitrust/,反壟斷的；反托拉斯的；反壟斷法,The company is facing an antitrust investigation over its market practices.,該公司正因其市場行為而面臨反壟斷調查。,toeic_gold,5,Finance,Investment,"TOEIC,Reading,Part5,Part7",adj.
censorship,/censorship/,審查制度；檢查制度（尤指政府對媒體、出版物等的限制）,The company is concerned about potential censorship of its marketing materials in certain countries.,公司擔心其行銷素材在某些國家可能會受到審查。,toeic_gold,5,Marketing,Sales,"TOEIC,Reading,Part5,Part7",n.
compliant,/compliant/,符合規範的；遵從的；順從的（通常指遵守規則、標準或要求）,The company must ensure all products are compliant with safety regulations.,公司必須確保所有產品都符合安全法規。,toeic_gold,5,Legal,Compliance,"TOEIC,Reading,Part5,Part7",adj.
confiscate,/confiscate/,沒收；扣押（通常指政府或官方機構因違規行為而沒收物品）,Customs officials confiscated the undeclared goods at the border.,海關人員在邊境扣押了未申報的商品。,toeic_gold,5,Logistics,Transit,"TOEIC,Reading,Part5,Part7",v.
conspiracy,/conspiracy/,陰謀；勾結行為，通常指秘密進行的非法或不道德計畫。,The company is denying any involvement in the alleged price-fixing conspiracy.,公司否認參與任何被指控的價格操縱陰謀。,toeic_gold,5,Legal,Compliance,"TOEIC,Reading,Part5,Part7",n.
deterrent,/deterrent/,阻礙物；威懾物，用以阻止或減少特定行為的因素。,The company installed security cameras as a deterrent against theft.,公司安裝了安全攝影機，以防止盜竊。,toeic_gold,5,Technical,ITSupport,"TOEIC,Reading,Part5,Part7",n.
disclosure,/disclosure/,揭露；公開；披露；公布,The company made a full disclosure of its financial records.,該公司完全公開了其財務紀錄。,toeic_gold,5,Finance,Investment,"TOEIC,Reading,Part5,Part7",n.
electoral,/electoral/,選舉的；與選舉相關的；選舉人的,The country is preparing for a crucial electoral process next month.,該國正為下個月關鍵的選舉程序做準備。,toeic_gold,5,Legal,Compliance,"TOEIC,Reading,Part5,Part7",adj.
fraudulent,/fraudulent/,欺詐的；虛假的；詐騙的，意圖欺騙的。,The company is investigating a fraudulent transaction that occurred on our online platform.,公司正在調查我們線上平台發生的欺詐交易。,toeic_gold,5,Finance,Investment,"TOEIC,Reading,Part5,Part7",adj.
genocide,/genocide/,種族滅絕；大屠殺,The international community condemned the act of genocide.,國際社會譴責了種族滅絕的行為。,toeic_gold,5,Technical,ITSupport,"TOEIC,Reading,Part5,Part7",n.
insurgent,/insurgent/,叛亂分子；起義者；暴動者 (n.)；叛亂的；起義的 (adj.),The government launched a major operation to suppress the insurgent groups in the region.,政府發動了一項大規模行動，以鎮壓該地區的叛亂團體。,toeic_gold,5,Legal,Compliance,"TOEIC,Reading,Part5,Part7",n.
judicial,/judicial/,與司法、法院或法律相關的；屬於司法系統的。,The company is seeking legal counsel to ensure compliance with all judicial rulings.,公司正在尋求法律顧問，以確保遵守所有司法裁決。,toeic_gold,5,Legal,Compliance,"TOEIC,Reading,Part5,Part7",adj.
legitimate,/legitimate/,合法的；正當的；符合規章的,The company ensured all contracts were legitimate and compliant with local laws.,公司確保所有合約都是合法的，並符合當地法律。,toeic_gold,5,Legal,Contracts,"TOEIC,Reading,Part5,Part7",adj.
liable,/liable/,負法律責任的；需負責的,The company is liable for any damages caused by its defective product.,該公司對其有缺陷產品造成的任何損害負法律責任。,toeic_gold,5,Manufacturing,QualityControl,"TOEIC,Reading,Part5,Part7",adj.
licensing,/licensing/,許可證發放；授權,The company is currently undergoing the licensing process for its new software.,該公司目前正在進行其新軟體的許可證發放流程。,toeic_gold,5,Technical,ITSupport,"TOEIC,Reading,Part5,Part7",n.
paralegal,/paralegal/,律師助理；法律助理,The law firm hired a new paralegal to assist with legal research and document preparation.,這家律師事務所僱用了一位新的律師助理，協助法律研究和文件準備。,toeic_gold,5,Legal,Compliance,"TOEIC,Reading,Part5,Part7",n.
penalize,/penalize/,對…處以罰款或懲罰；對…施以懲罰,The company will penalize employees who violate the safety regulations.,公司將對違反安全規定員工處以罰款。,toeic_gold,5,HumanResources,Compensation,"TOEIC,Reading,Part5,Part7",v.
prosecute,/prosecute/,起訴；對...提出訴訟（通常指政府或機構對個人或公司）,The company was prosecuted for violating environmental regulations.,該公司因違反環境法規而被起訴。,toeic_gold,5,Legal,Compliance,"TOEIC,Reading,Part5,Part7",v.
prosecutor,/prosecutor/,檢察官,The prosecutor presented strong evidence against the defendant.,檢察官提出了對被告不利的有力證據。,toeic_gold,5,Legal,Compliance,"TOEIC,Reading,Part5,Part7",n.
pursuant,/pursuant/,依照；根據；按照（尤指法律、協議或計劃）,"Pursuant to the contract, payment is due within 30 days of invoice.",根據合約，款項應在發票開立後30天內支付。,toeic_gold,5,Legal,Contracts,"TOEIC,Reading,Part5,Part7",adj.
regulator,/regulator/,管理者；監管機構；調節器；穩壓器,The financial regulators introduced stricter rules for banks.,金融監管機構對銀行實施了更嚴格的規定。,toeic_gold,5,Finance,Investment,"TOEIC,Reading,Part5,Part7",n.
regulatory,/regulatory/,監管的；管理性的；規定性的；有管制權的,The company needs to ensure full compliance with new regulatory standards.,公司需要確保完全符合新的監管標準。,toeic_gold,5,Legal,Compliance,"TOEIC,Reading,Part5,Part7",adj.
sovereign,/sovereign/,擁有最高權力的；獨立自主的；主權的 (形容詞)；君主；最高統治者 (名詞),Each sovereign state has the right to govern itself without external interference.,每個主權國家都有權利在沒有外部干涉的情況下自治。,toeic_gold,5,Technical,ITSupport,"TOEIC,Reading,Part5,Part7",adj.
statutory,/statutory/,法定的；受法令限制的；依章程的,The company must comply with all statutory requirements regarding environmental protection.,公司必須遵守所有關於環境保護的法規要求。,toeic_gold,5,CorporateGovernance,CorporateStrategy,"TOEIC,Reading,Part5,Part7",adj.
terrorism,/terrorism/,恐怖主義；恐怖活動。指為達到政治、宗教或意識形態目的，而對平民或非戰鬥人員施加暴力或威脅，以製造恐懼和混亂的行為。,The government has implemented strict measures to combat terrorism.,政府已實施嚴格措施打擊恐怖主義。,toeic_gold,5,Manufacturing,Production,"TOEIC,Reading,Part5,Part7",n.
terrorist,/terrorist/,恐怖份子；恐怖主義者,The government is committed to combating terrorist activities.,政府致力於打擊恐怖主義活動。,toeic_gold,5,Technical,ITSupport,"TOEIC,Reading,Part5,Part7",n.
trespass,/trespass/,非法侵入；擅自進入（他人土地或財產）,The security team warned the delivery driver for trespassing on company property.,安全團隊警告這位送貨司機擅自進入公司財產。,toeic_gold,5,Logistics,Transit,"TOEIC,Reading,Part5,Part7",v.
tribunal,/tribunal/,法庭；特別法庭；仲裁庭；審裁處,The case was heard by an independent tribunal.,此案件由一個獨立的審裁處審理。,toeic_gold,5,Legal,Compliance,"TOEIC,Reading,Part5,Part7",n.
vigilant,/vigilant/,警戒的；警惕的；持續注意以防止問題或危險發生。,The security personnel were vigilant in monitoring the warehouse for any signs of unauthorized access.,保全人員在監控倉庫，以防任何未經授權的進入，表現得非常警戒。,toeic_gold,5,Logistics,Transit,"TOEIC,Reading,Part5,Part7",adj.
weaponry,/weaponry/,軍備；武器裝備,The company is investing heavily in advanced weaponries to enhance national security.,該公司正在大量投資先進的軍備，以增強國家安全。,toeic_gold,5,Finance,Investment,"TOEIC,Reading,Part5,Part7",n.
combustible,/combustible/,易燃的；可燃的，指容易被火焰點燃的物質。,The warehouse manager emphasized the need to store combustible materials away from heat sources.,倉庫經理強調需要將易燃材料遠離熱源存放。,toeic_gold,5,Logistics,Transit,"TOEIC,Reading,Part5,Part7",adj.
reproduction,/reproduction/,複製；重製；繁殖（尤指商業產品或文件）,The company is seeking a reliable vendor for the reproduction of marketing materials.,公司正在尋找一位可靠的供應商來重製行銷材料。,toeic_gold,5,Manufacturing,Production,"TOEIC,Reading,Part5,Part7",n.
requisition,/requisition/,正式申請或要求（通常指書面文件，用於購買物品或服務）,The department submitted a requisition for new office supplies.,部門提交了一份購買新辦公用品的申請。,toeic_gold,5,Technical,ITSupport,"TOEIC,Reading,Part5,Part7",n.
absorption,/absorption/,吸收；全神貫注；併購,The absorption of the smaller company into the large corporation boosted their market share.,較小的公司被大企業併購後，提升了他們的市場佔有率。,toeic_gold,5,CorporateGovernance,CorporateStrategy,"TOEIC,Reading,Part5,Part7",n.
beneficiary,/beneficiary/,受益人；受惠者,She was named as the sole beneficiary in her uncle's will.,她被指定為她叔叔遺囑中的唯一受益人。,toeic_gold,5,Finance,Accounting,"TOEIC,Reading,Part5,Part7",n.
coefficient,/coefficient/,係數；率,The thermal expansion coefficient of the material needs to be considered in the design.,在設計中需要考慮材料的熱膨脹係數。,toeic_gold,5,Finance,Accounting,"TOEIC,Reading,Part5,Part7",n.
counterparty,/counterparty/,交易對方；對手方；契約當事人,The bank needs to assess the creditworthiness of its counterparty before approving the loan.,銀行在批准貸款前需要評估其交易對方的信用狀況。,toeic_gold,5,Technical,ITSupport,"TOEIC,Reading,Part5,Part7",n.
countervailing,/countervailing/,抵銷的；對抗的；平衡的,The company implemented countervailing measures to offset the impact of the new tariffs.,該公司實施了抵銷措施，以抵消新關稅的影響。,toeic_gold,5,Logistics,Transit,"TOEIC,Reading,Part5,Part7",adj.
deductible,/deductible/,（應稅所得的）扣除額；（保險的）自付額，免賠額,Business expenses are usually deductible from taxable income.,商業費用通常可以從應稅所得中扣除。,toeic_gold,5,Finance,Accounting,"TOEIC,Reading,Part5,Part7",adj.
deflation,/deflation/,通貨緊縮；通貨收縮,The central bank is concerned about the risk of deflation in the economy.,中央銀行擔憂經濟出現通貨緊縮的風險。,toeic_gold,5,Finance,Accounting,"TOEIC,Reading,Part5,Part7",n.
differential,/differential/,差別的；差動的 (adj.)；差別；差額；差動裝置 (n.),The company decided to implement a differential pricing strategy for its premium and standard services.,公司決定對其高階和標準服務實施差別定價策略。,toeic_gold,5,Technical,ITSupport,"TOEIC,Reading,Part5,Part7",adj.
endowment,/endowment/,捐贈基金；天賦，才能,The university's large endowment supports various academic programs and scholarships.,該大學龐大的捐贈基金支持多種學術課程和獎學金。,toeic_gold,5,Technical,ITSupport,"TOEIC,Reading,Part5,Part7",n.
externality,/externality/,外部性；指經濟活動中，某個個體或群體的行為對其他個體或群體造成影響，但這些影響並沒有透過市場價格機制反映出來。,Pollution from a factory is a negative externality affecting the local community.,工廠造成的污染是一種影響當地社區的負面外部性。,toeic_gold,5,Manufacturing,Production,"TOEIC,Reading,Part5,Part7",n.
flotation,/flotation/,漂浮；（公司股票的）發行，上市,The company is planning its flotation on the stock market next year.,該公司計劃明年在股票市場上市。,toeic_gold,5,Marketing,Sales,"TOEIC,Reading,Part5,Part7",n.
impoverished,/impoverished/,貧困的；經濟狀況差的,The company is committed to providing job training for impoverished communities.,該公司致力於為經濟狀況差的社區提供就業培訓。,toeic_gold,5,Travel,Hospitality,"TOEIC,Reading,Part5,Part7",adj.
inflationary,/inflationary/,通貨膨脹的；引起通貨膨脹的,The central bank is taking measures to curb inflationary pressures.,中央銀行正在採取措施以抑制通貨膨脹壓力。,toeic_gold,5,Finance,Accounting,"TOEIC,Reading,Part5,Part7",adj.
intermediary,/intermediary/,仲介；中間人；調解人,The bank acts as an intermediary between the buyer and the seller.,銀行充當買方與賣方之間的仲介。,toeic_gold,5,Finance,Accounting,"TOEIC,Reading,Part5,Part7",n.
issuance,/issuance/,發行；頒布；發出,The company announced the issuance of new shares to raise capital.,該公司宣布發行新股以籌集資金。,toeic_gold,5,Technical,ITSupport,"TOEIC,Reading,Part5,Part7",n.
macroeconomic,/macroeconomic/,巨觀經濟的,"The government is trying to address various macroeconomic challenges, such as inflation and unemployment.",政府正試圖解決各種巨觀經濟挑戰，例如通貨膨脹和失業。,toeic_gold,5,HumanResources,Compensation,"TOEIC,Reading,Part5,Part7",adj.
macroeconomics,/macroeconomics/,巨觀經濟學；研究整體經濟表現的學科，包括通貨膨脹、失業、經濟成長等。,"Macroeconomics deals with the performance, structure, behavior, and decision-making of an economy as a whole.",巨觀經濟學處理的是整體經濟的表現、結構、行為和決策。,toeic_gold,5,Technical,ITSupport,"TOEIC,Reading,Part5,Part7",n.
policyholder,/policyholder/,保單持有人；投保人,The insurance company notified all policyholders about the upcoming changes to their premiums.,保險公司通知所有保單持有人，他們的保費即將調整。,toeic_gold,5,Finance,Accounting,"TOEIC,Reading,Part5,Part7",n.
profitability,/profitability/,盈利能力；獲利能力，指企業產生利潤的能力。,The company's profitability has increased significantly due to the new marketing strategy.,由於新的行銷策略，該公司的盈利能力顯著提高。,toeic_gold,5,Finance,Investment,"TOEIC,Reading,Part5,Part7",n.
proportionate,/proportionate/,成比例的；與...成比例的,The company's expenses must be proportionate to its revenue to ensure profitability.,為了確保盈利能力，公司的支出必須與收入成比例。,toeic_gold,5,Finance,Investment,"TOEIC,Reading,Part5,Part7",adj.
receivable,/receivable/,應收帳款；可收回的,The company needs to manage its accounts receivable carefully to maintain cash flow.,公司需要仔細管理其應收帳款以維持現金流。,toeic_gold,5,Finance,Accounting,"TOEIC,Reading,Part5,Part7",adj.
refinance,/refinance/,再融資；為...再融資；為...辦理新的抵押借款,Many homeowners are looking to refinance their mortgages to take advantage of lower interest rates.,許多屋主正尋求再融資他們的抵押貸款，以利用較低的利率。,toeic_gold,5,Finance,Investment,"TOEIC,Reading,Part5,Part7",v.
disagreement,/disagreement/,分歧；爭論,The department implemented innovative disagreement procedures to improve operational efficiency.,部門實施創新的disagreement程序以提高營運效率。,toeic_gold,5,Legal,Compliance,"TOEIC,Reading,Part5,Part7",n.
restriction,/restriction/,限制；約束；規定,"Due to current travel restrictions, employees are advised to postpone non-essential business trips.",由於目前的旅行限制，員工建議延遲不必要的商務旅行。,toeic_gold,5,HumanResources,Compensation,"TOEIC,Reading,Part5,Part7",n.
abortion,/abortion/,墮胎；中止；流產,The debate over abortion rights is a complex social and ethical issue.,關於墮胎權的辯論是一個複雜的社會與倫理議題。,toeic_gold,5,Legal,Compliance,"TOEIC,Reading,Part5,Part7",n.
allegation,/allegation/,（未經證實的）指控；說法；斷言,The company denied the allegations of financial misconduct.,該公司否認了財務不當行為的指控。,toeic_gold,5,Finance,Investment,"TOEIC,Reading,Part5,Part7",n.
allegations,/allegations/,指控；聲稱（通常指未經證實的指控）,The company is facing serious allegations of financial misconduct.,該公司正面臨嚴重的財務違規指控。,toeic_gold,5,Finance,Investment,"TOEIC,Reading,Part5,Part7",n.
amendment,/amendment/,修正案,The company's new amendment initiative exceeded expectations in the first quarter.,公司的新amendment計畫在第一季度超出了預期。,toeic_gold,5,Technical,ITSupport,"TOEIC,Reading,Part5,Part7",n.
congressional,/congressional/,國會的,The bill passed both chambers of the congressional body.,該法案通過了國會兩院。,toeic_gold,5,Legal,Compliance,"TOEIC,Reading,Part5,Part7",adj.
constitutional,/constitutional/,憲法的；符合憲法的；體質的；素質的,The Supreme Court ruled that the new law was unconstitutional.,最高法院裁定這項新法律違憲。,toeic_gold,5,Legal,Compliance,"TOEIC,Reading,Part5,Part7",adj.
contractual,/contractual/,合約的；契約上的,The company has a contractual obligation to deliver the goods by the end of the month.,公司有合約義務在月底前交貨。,toeic_gold,5,Logistics,Transit,"TOEIC,Reading,Part5,Part7",adj.
corruption,/corruption/,貪污；腐敗；不道德行為（通常指利用職權謀取私利）,The company launched an internal investigation to uncover any potential corruption within the procurement department.,公司啟動了內部調查，以揭露採購部門可能存在的貪污行為。,toeic_gold,5,Logistics,SupplyChain,"TOEIC,Reading,Part5,Part7",n.
counterfeit,/counterfeit/,偽造的；仿造的；假冒的（通常指非法複製或模仿商品或文件）,The company is taking legal action against the manufacturer of the counterfeit goods.,該公司正在對假冒商品的製造商採取法律行動。,toeic_gold,5,Manufacturing,Production,"TOEIC,Reading,Part5,Part7",adj.
enactment,/enactment/,法令的制定與實施；法律的生效,The enactment of the new regulations will impact all departments.,新法規的實施將影響所有部門。,toeic_gold,5,Legal,Compliance,"TOEIC,Reading,Part5,Part7",n.
exemption,/exemption/,豁免；免除；免稅,The company was granted an exemption from the new tax regulations.,該公司獲得了新稅收法規的豁免。,toeic_gold,5,Finance,Accounting,"TOEIC,Reading,Part5,Part7",n.
legislative,/legislative/,立法的；有立法權的；制定法律的,The committee is responsible for drafting new legislative proposals.,該委員會負責起草新的立法提案。,toeic_gold,5,Legal,Compliance,"TOEIC,Reading,Part5,Part7",adj.
legislature,/legislature/,立法機關；立法機構,The country's legislature is responsible for enacting new laws.,該國的立法機關負責制定新法律。,toeic_gold,5,Legal,Compliance,"TOEIC,Reading,Part5,Part7",n.
negligence,/negligence/,疏忽；過失（尤指法律上的過失，未盡到應有的注意或責任）,The company was found guilty of professional negligence.,該公司被判犯有專業過失罪。,toeic_gold,5,Legal,Compliance,"TOEIC,Reading,Part5,Part7",n.
paramilitary,/paramilitary/,準軍事部隊；準軍事組織（非官方但以軍事方式組織和運作的團體）,The government deployed paramilitary forces to maintain order in the troubled region.,政府向動亂地區部署了準軍事部隊以維持秩序。,toeic_gold,5,Technical,ITSupport,"TOEIC,Reading,Part5,Part7",n.
parliament,/parliament/,國會；議會,The new legislation was passed by parliament last week.,新法案已於上週在國會通過。,toeic_gold,5,Legal,Compliance,"TOEIC,Reading,Part5,Part7",n.
peacekeeping,/peacekeeping/,維和；維持和平（的）,The United Nations has a long history of conducting peacekeeping missions in conflict areas.,聯合國在衝突地區執行維和任務的歷史悠久。,toeic_gold,5,Technical,ITSupport,"TOEIC,Reading,Part5,Part7",n.
petition,/petition/,正式的請求書，通常是寫給政府或公司，表達多人對某議題的共同訴求。,The employees filed a petition requesting better working conditions and higher salaries.,員工提交了一份請求書，要求改善工作條件並提高薪資。,toeic_gold,5,HumanResources,Compensation,"TOEIC,Reading,Part5,Part7",n.
restrictive,/restrictive/,限制性的；約束性的；嚴格的,The new government introduced more restrictive trade policies.,新政府實施了更具限制性的貿易政策。,toeic_gold,5,Legal,Compliance,"TOEIC,Reading,Part5,Part7",adj.
self-defense,/self-defense/,自我防衛術，指保護自身免受攻擊或威脅的技能和技巧。,The company provides mandatory self-defense training for all female employees to ensure their safety.,為了確保員工的安全，公司為所有女性員工提供強制性的自我防衛訓練。,toeic_gold,5,HumanResources,Compensation,"TOEIC,Reading,Part5,Part7",n.
stringently,/stringently/,嚴格地；嚴厲地（指遵循規定或標準，不容許任何偏差）,The company adheres to safety regulations stringently to prevent accidents.,公司嚴格遵守安全規定，以防止事故發生。,toeic_gold,5,Legal,Compliance,"TOEIC,Reading,Part5,Part7",v.
approximation,/approximation/,估計值；約略值，通常用於在缺乏精確數據時提供一個接近的數字。,The financial report provided an approximation of the company's profits for the quarter.,財務報告提供了本季公司利潤的估計值。,toeic_gold,5,Finance,Investment,"TOEIC,Reading,Part5,Part7",n.
correlation,/correlation/,關聯性；相關性（指兩個或多個變數之間存在的統計關係）,The marketing team analyzed the correlation between advertising spending and sales figures.,行銷團隊分析了廣告支出與銷售數字之間的關聯性。,toeic_gold,5,Marketing,Sales,"TOEIC,Reading,Part5,Part7",n.
devaluation,/devaluation/,（貨幣）貶值；價值降低,The government announced a significant devaluation of the national currency to make exports more competitive.,政府宣布本國貨幣大幅貶值，以提高出口競爭力。,toeic_gold,5,Technical,ITSupport,"TOEIC,Reading,Part5,Part7",n.
garnishment,/garnishment/,薪資扣繳；法定扣繳（指法院命令扣繳薪資或銀行存款以償還債務）,The company received a court order for a wage garnishment to satisfy the employee's outstanding debt.,公司收到法院命令，對員工的薪資進行法定扣繳以償還其未償還的債務。,toeic_gold,5,HumanResources,Compensation,"TOEIC,Reading,Part5,Part7",n.
liquidation,/liquidation/,清算；變賣資產；公司破產（清算）,The company went into liquidation after failing to pay its debts.,該公司因未能償還債務而進入清算程序。,toeic_gold,5,Finance,Investment,"TOEIC,Reading,Part5,Part7",n.
nontransferable,/nontransferable/,不可轉讓的；不能轉讓的，指權利、所有權等無法轉移給他人的狀態。,The membership is nontransferable and cannot be assigned to another person.,會員資格不可轉讓，不能轉讓給他人。,toeic_gold,5,Finance,Accounting,"TOEIC,Reading,Part5,Part7",adj.
reinvestment,/reinvestment/,再投資；重新投入資金,The company decided on a reinvestment of profits into new technology.,公司決定將利潤再投資於新技術。,toeic_gold,5,Finance,Investment,"TOEIC,Reading,Part5,Part7",n.
revaluation,/revaluation/,重新估價；重估（資產、貨幣等）,"The company announced a revaluation of its fixed assets, leading to an increase in their book value.",該公司宣布對其固定資產進行重估，導致其帳面價值增加。,toeic_gold,5,Finance,Investment,"TOEIC,Reading,Part5,Part7",n.
confiscation,/confiscation/,沒收；扣押（通常指政府或官方機構因違規行為而沒收財物）,"Due to the violation of customs regulations, the shipment was subject to confiscation.",由於違反海關規定，該貨物被沒收。,toeic_gold,5,Logistics,Transit,"TOEIC,Reading,Part5,Part7",n.
constitution,/constitution/,憲法；章程；規章；組成；構成；體質；體格,The new constitution guarantees equal rights for all citizens.,新憲法保障所有公民的平等權利。,toeic_gold,5,CorporateGovernance,CorporateStrategy,"TOEIC,Reading,Part5,Part7",n.
dissolution,/dissolution/,解散；溶解；終止；分解,The company announced the dissolution of its struggling subsidiary.,該公司宣布解散其經營困難的子公司。,toeic_gold,5,Technical,ITSupport,"TOEIC,Reading,Part5,Part7",n.
enforcement,/enforcement/,執行; 實施; 強制,The company announced the strict enforcement of its new no-smoking policy.,該公司宣布嚴格執行其新的禁菸政策。,toeic_gold,5,Technical,ITSupport,"TOEIC,Reading,Part5,Part7",n.
incorporation,/incorporation/,公司設立；法人化；合併；納入,The date of incorporation marks the official legal existence of the company.,公司的設立日期標誌著其正式的法律存在。,toeic_gold,5,Legal,Compliance,"TOEIC,Reading,Part5,Part7",n.
prosecution,/prosecution/,起訴；檢察官；訴訟,The prosecution presented strong evidence against the defendant.,檢察官提出了對被告不利的有力證據。,toeic_gold,5,Legal,Compliance,"TOEIC,Reading,Part5,Part7",n.
